{
  "results": [
    {
      "command": "./flowunits -r config_flowunits.toml -- 1000",
      "mean": 0.23131278131384617,
      "stddev": 0.005106221849574149,
      "median": 0.22884071016000002,
      "user": 0.023873152307692307,
      "system": 0.006392621538461539,
      "min": 0.22550220516000002,
      "max": 0.23951596216,
      "times": [
        0.22853518716000001,
        0.22770112116000002,
        0.23866237116000003,
        0.23485814216,
        0.23951596216,
        0.22650679016000003,
        0.22622823716,
        0.23605668116,
        0.22818834616000003,
        0.22937757816,
        0.22550220516000002,
        0.22884071016000002,
        0.23709282516000002
      ],
      "exit_codes": [
        0,
        0,
        0,
        0,
        0,
        0,
        0,
        0,
        0,
        0,
        0,
        0,
        0
      ],
      "parameters": {
        "size": "1000",
        "type": "flowunits"
      }
    },
    {
      "command": "./flowunits -r config_flowunits.toml -- 1000000",
      "mean": 0.2409815149933334,
      "stddev": 0.0042963636412891556,
      "median": 0.23872723066,
      "user": 0.02209270999999999,
      "system": 0.00617716,
      "min": 0.23671683916000003,
      "max": 0.24759237216000002,
      "times": [
        0.23740744616,
        0.23923177816000002,
        0.24680421516,
        0.23671683916000003,
        0.24664110816,
        0.23822268316,
        0.23741943716000002,
        0.24759237216000002,
        0.23728534516000002,
        0.24158249316000002,
        0.24494772416000002,
        0.23792673816
      ],
      "exit_codes": [
        0,
        0,
        0,
        0,
        0,
        0,
        0,
        0,
        0,
        0,
        0,
        0
      ],
      "parameters": {
        "size": "1000000",
        "type": "flowunits"
      }
    },
    {
      "command": "./flowunits -r config_flowunits.toml -- 10000000000",
      "mean": 25.537081720459998,
      "stddev": 0.256160781591378,
      "median": 25.47341012866,
      "user": 0.029984959999999995,
      "system": 0.00598196,
      "min": 25.18667114516,
      "max": 25.97406210216,
      "times": [
        25.48845543416,
        25.18667114516,
        25.42549187716,
        25.40719104716,
        25.27021953616,
        25.695101651159998,
        25.45836482316,
        25.55058979716,
        25.97406210216,
        25.914669791159998
      ],
      "exit_codes": [
        0,
        0,
        0,
        0,
        0,
        0,
        0,
        0,
        0,
        0
      ],
      "parameters": {
        "size": "10000000000",
        "type": "flowunits"
      }
    },
    {
      "command": "./flowunits -r config_renoir.toml -- 1000",
      "mean": 0.5257054854600001,
      "stddev": 0.0014414888796749244,
      "median": 0.5257612201599999,
      "user": 0.020593359999999998,
      "system": 0.00740406,
      "min": 0.5230549211600001,
      "max": 0.5282411571600001,
      "times": [
        0.5282411571600001,
        0.5254895231600001,
        0.5268736471600001,
        0.52580081116,
        0.5230549211600001,
        0.5266749041600001,
        0.52572162916,
        0.52607622816,
        0.5248144531600001,
        0.52430758016
      ],
      "exit_codes": [
        0,
        0,
        0,
        0,
        0,
        0,
        0,
        0,
        0,
        0
      ],
      "parameters": {
        "size": "1000",
        "type": "renoir"
      }
    },
    {
      "command": "./flowunits -r config_renoir.toml -- 1000000",
      "mean": 0.8477709427600001,
      "stddev": 0.04186226352117807,
      "median": 0.82829805916,
      "user": 0.022861859999999998,
      "system": 0.005394059999999998,
      "min": 0.82558145916,
      "max": 0.92761365116,
      "times": [
        0.82868837216,
        0.82558145916,
        0.92761365116,
        0.82715791916,
        0.8279077461600001,
        0.82969250616,
        0.82717077216,
        0.83026470216,
        0.92669755616,
        0.82693474316
      ],
      "exit_codes": [
        0,
        0,
        0,
        0,
        0,
        0,
        0,
        0,
        0,
        0
      ],
      "parameters": {
        "size": "1000000",
        "type": "renoir"
      }
    },
    {
      "command": "./flowunits -r config_renoir.toml -- 10000000000",
      "mean": 219.37710856855998,
      "stddev": 5.737663309306851,
      "median": 218.35239764566,
      "user": 0.018660359999999997,
      "system": 0.00706496,
      "min": 210.99124389716,
      "max": 230.99088196416,
      "times": [
        210.99124389716,
        217.30250061016,
        225.79592221216,
        218.69610649216,
        219.77780265415998,
        218.00868879915998,
        221.81353364216,
        230.99088196416,
        214.14765249116,
        216.24675292316
      ],
      "exit_codes": [
        0,
        0,
        0,
        0,
        0,
        0,
        0,
        0,
        0,
        0
      ],
      "parameters": {
        "size": "10000000000",
        "type": "renoir"
      }
    }
  ]
}
