{
  "results": [
    {
      "command": "./flowunits -r config_flowunits.toml -- 1000",
      "mean": 0.23089223877333334,
      "stddev": 0.004453757754497267,
      "median": 0.22892796494,
      "user": 0.02079129,
      "system": 0.006463023333333332,
      "min": 0.22620019894,
      "max": 0.23804757494,
      "times": [
        0.23573528794,
        0.23804757494,
        0.22830872594,
        0.22620019894,
        0.22653364294,
        0.22745698194,
        0.22989492594,
        0.23629352294,
        0.22783027094,
        0.23678674594000002,
        0.22807178294,
        0.22954720394
      ],
      "exit_codes": [
        0,
        0,
        0,
        0,
        0,
        0,
        0,
        0,
        0,
        0,
        0,
        0
      ],
      "parameters": {
        "size": "1000",
        "type": "flowunits"
      }
    },
    {
      "command": "./flowunits -r config_flowunits.toml -- 1000000",
      "mean": 0.24180758685666667,
      "stddev": 0.004442053468353361,
      "median": 0.23980815694000002,
      "user": 0.024040873333333327,
      "system": 0.006210606666666668,
      "min": 0.23720032994,
      "max": 0.25087738194000003,
      "times": [
        0.24750352694,
        0.24533792294,
        0.23890849694,
        0.24013800894,
        0.23964625894,
        0.23896892094,
        0.25087738194000003,
        0.24613314094,
        0.23720032994,
        0.23914096294,
        0.23786603594,
        0.23997005494
      ],
      "exit_codes": [
        0,
        0,
        0,
        0,
        0,
        0,
        0,
        0,
        0,
        0,
        0,
        0
      ],
      "parameters": {
        "size": "1000000",
        "type": "flowunits"
      }
    },
    {
      "command": "./flowunits -r config_flowunits.toml -- 10000000000",
      "mean": 25.63014476634,
      "stddev": 0.13260463594579294,
      "median": 25.59541583044,
      "user": 0.02820434,
      "system": 0.00532564,
      "min": 25.468615642939998,
      "max": 25.843652656939998,
      "times": [
        25.50335954794,
        25.75177768794,
        25.468615642939998,
        25.53173123694,
        25.58703935794,
        25.51292527394,
        25.72333048894,
        25.775223466939998,
        25.60379230294,
        25.843652656939998
      ],
      "exit_codes": [
        0,
        0,
        0,
        0,
        0,
        0,
        0,
        0,
        0,
        0
      ],
      "parameters": {
        "size": "10000000000",
        "type": "flowunits"
      }
    },
    {
      "command": "./flowunits -r config_renoir.toml -- 1000",
      "mean": 0.28523611464,
      "stddev": 0.0010670767248840787,
      "median": 0.28566735694,
      "user": 0.02367224,
      "system": 0.00785484,
      "min": 0.28342947594,
      "max": 0.28664471794,
      "times": [
        0.28616382694000003,
        0.28412733394000006,
        0.28549183794000005,
        0.28469938394000005,
        0.28411912794000005,
        0.28664471794,
        0.28584287594,
        0.28342947594,
        0.28594884394000003,
        0.28589372194
      ],
      "exit_codes": [
        0,
        0,
        0,
        0,
        0,
        0,
        0,
        0,
        0,
        0
      ],
      "parameters": {
        "size": "1000",
        "type": "renoir"
      }
    },
    {
      "command": "./flowunits -r config_renoir.toml -- 1000000",
      "mean": 0.34843854294,
      "stddev": 0.007980109368204766,
      "median": 0.34491380994000004,
      "user": 0.022879939999999998,
      "system": 0.00631404,
      "min": 0.34288748594,
      "max": 0.36438642694000006,
      "times": [
        0.34532208494000005,
        0.34465494494000004,
        0.34449961394000006,
        0.36438642694000006,
        0.36261350694000005,
        0.34469776594,
        0.34481945294000005,
        0.34288748594,
        0.34500816694,
        0.34549597994000003
      ],
      "exit_codes": [
        0,
        0,
        0,
        0,
        0,
        0,
        0,
        0,
        0,
        0
      ],
      "parameters": {
        "size": "1000000",
        "type": "renoir"
      }
    },
    {
      "command": "./flowunits -r config_renoir.toml -- 10000000000",
      "mean": 47.63452020144,
      "stddev": 0.7914445422123043,
      "median": 47.626940663940005,
      "user": 0.022475840000000004,
      "system": 0.00599944,
      "min": 46.33212854394,
      "max": 48.94503582394,
      "times": [
        48.608859308940005,
        47.85401665994,
        47.31795967994,
        46.33212854394,
        47.39986466794,
        47.854971735940005,
        47.39775202194,
        48.94503582394,
        47.935808611940004,
        46.698804959940006
      ],
      "exit_codes": [
        0,
        0,
        0,
        0,
        0,
        0,
        0,
        0,
        0,
        0
      ],
      "parameters": {
        "size": "10000000000",
        "type": "renoir"
      }
    }
  ]
}
