{
  "results": [
    {
      "command": "./flowunits -r config_flowunits.toml -- 1000",
      "mean": 0.23244292094000002,
      "stddev": 0.005179520535417121,
      "median": 0.23561961794,
      "user": 0.018993359999999997,
      "system": 0.007575350769230767,
      "min": 0.22587952194,
      "max": 0.23845969594,
      "times": [
        0.22781151894,
        0.22637155294,
        0.22643454994,
        0.22991639994000002,
        0.22587952194,
        0.23663525994,
        0.23561961794,
        0.23602523694,
        0.23845969594,
        0.23708560194,
        0.23710176294000002,
        0.23759309494,
        0.22682415794
      ],
      "exit_codes": [
        0,
        0,
        0,
        0,
        0,
        0,
        0,
        0,
        0,
        0,
        0,
        0,
        0
      ],
      "parameters": {
        "size": "1000",
        "type": "flowunits"
      }
    },
    {
      "command": "./flowunits -r config_flowunits.toml -- 1000000",
      "mean": 0.24236225960666669,
      "stddev": 0.00457472172950726,
      "median": 0.24293359194,
      "user": 0.01966861,
      "system": 0.006557536666666666,
      "min": 0.23660891994,
      "max": 0.24823200194,
      "times": [
        0.23660891994,
        0.24749321894,
        0.23903190694,
        0.24737085994000002,
        0.24491149494,
        0.23833019194000002,
        0.24559330194,
        0.24555899694,
        0.24823200194,
        0.23719781294,
        0.24095568894,
        0.23706271994
      ],
      "exit_codes": [
        0,
        0,
        0,
        0,
        0,
        0,
        0,
        0,
        0,
        0,
        0,
        0
      ],
      "parameters": {
        "size": "1000000",
        "type": "flowunits"
      }
    },
    {
      "command": "./flowunits -r config_flowunits.toml -- 10000000000",
      "mean": 25.39293190774,
      "stddev": 0.15404201585418126,
      "median": 25.38706416844,
      "user": 0.030905759999999997,
      "system": 0.00364342,
      "min": 25.146080544940002,
      "max": 25.602267682940003,
      "times": [
        25.19576950894,
        25.32317657594,
        25.602267682940003,
        25.146080544940002,
        25.50455027494,
        25.41738223894,
        25.322554520940002,
        25.46733598794,
        25.59345564394,
        25.35674609794
      ],
      "exit_codes": [
        0,
        0,
        0,
        0,
        0,
        0,
        0,
        0,
        0,
        0
      ],
      "parameters": {
        "size": "10000000000",
        "type": "flowunits"
      }
    },
    {
      "command": "./flowunits -r config_renoir.toml -- 1000",
      "mean": 0.24017771885666672,
      "stddev": 0.001462187155612346,
      "median": 0.24050326744,
      "user": 0.023200776666666662,
      "system": 0.006046953333333334,
      "min": 0.23796496894,
      "max": 0.24217816694,
      "times": [
        0.24075757894,
        0.24186423994,
        0.23935793694000002,
        0.24119774194000002,
        0.24120670894000001,
        0.24024895594,
        0.23830255094,
        0.23796496894,
        0.24113638694,
        0.24217816694,
        0.23816637694,
        0.23975101294
      ],
      "exit_codes": [
        0,
        0,
        0,
        0,
        0,
        0,
        0,
        0,
        0,
        0,
        0,
        0
      ],
      "parameters": {
        "size": "1000",
        "type": "renoir"
      }
    },
    {
      "command": "./flowunits -r config_renoir.toml -- 1000000",
      "mean": 0.24242229394000003,
      "stddev": 0.0028605675631570696,
      "median": 0.24228121094000002,
      "user": 0.025249526666666664,
      "system": 0.006264036666666667,
      "min": 0.23591168494,
      "max": 0.24637340294,
      "times": [
        0.24530592394,
        0.24637340294,
        0.24177008394000002,
        0.23591168494,
        0.24396969194,
        0.24516827594,
        0.24053048294,
        0.24099278794,
        0.24115034294,
        0.24427258894,
        0.24279233794000002,
        0.24082992294
      ],
      "exit_codes": [
        0,
        0,
        0,
        0,
        0,
        0,
        0,
        0,
        0,
        0,
        0,
        0
      ],
      "parameters": {
        "size": "1000000",
        "type": "renoir"
      }
    },
    {
      "command": "./flowunits -r config_renoir.toml -- 10000000000",
      "mean": 14.018808680340001,
      "stddev": 0.03929588827530491,
      "median": 14.029973542939999,
      "user": 0.024247659999999997,
      "system": 0.006144019999999998,
      "min": 13.953578236939999,
      "max": 14.07715321794,
      "times": [
        13.975731614939999,
        13.953578236939999,
        13.97847774694,
        14.02922279694,
        14.062246818939999,
        14.010861839939999,
        14.03072428894,
        14.03881899394,
        14.07715321794,
        14.03127124794
      ],
      "exit_codes": [
        0,
        0,
        0,
        0,
        0,
        0,
        0,
        0,
        0,
        0
      ],
      "parameters": {
        "size": "10000000000",
        "type": "renoir"
      }
    }
  ]
}
