{
  "results": [
    {
      "command": "./flowunits -r config_flowunits.toml -- 100000",
      "mean": 0.21489256548153848,
      "stddev": 0.001599811673830317,
      "median": 0.21482110602,
      "user": 0.09223174923076922,
      "system": 0.008188695384615386,
      "min": 0.21164507802000002,
      "max": 0.21753603902000002,
      "times": [
        0.21574095802,
        0.21164507802000002,
        0.21651628002,
        0.21362323302000003,
        0.21459299802,
        0.21753603902000002,
        0.21508732402000003,
        0.21427189702000002,
        0.21288699402000003,
        0.21482110602,
        0.21480434402,
        0.21675846302000001,
        0.21531863702
      ],
      "exit_codes": [
        0,
        0,
        0,
        0,
        0,
        0,
        0,
        0,
        0,
        0,
        0,
        0,
        0
      ],
      "parameters": {
        "size": "100000",
        "type": "flowunits"
      }
    },
    {
      "command": "./flowunits -r config_flowunits.toml -- 1000000",
      "mean": 0.2188445903276923,
      "stddev": 0.001554862199602503,
      "median": 0.21879058902,
      "user": 0.09499805692307692,
      "system": 0.0075196953846153845,
      "min": 0.21660152902000002,
      "max": 0.22134757602000002,
      "times": [
        0.21748711802,
        0.21879058902,
        0.22070543402,
        0.21660152902000002,
        0.21920775902,
        0.21844965002000002,
        0.21768776402,
        0.21746112902,
        0.22106340402000002,
        0.21912197002,
        0.21988171102,
        0.21717404102,
        0.22134757602000002
      ],
      "exit_codes": [
        0,
        0,
        0,
        0,
        0,
        0,
        0,
        0,
        0,
        0,
        0,
        0,
        0
      ],
      "parameters": {
        "size": "1000000",
        "type": "flowunits"
      }
    },
    {
      "command": "./flowunits -r config_flowunits.toml -- 10000000",
      "mean": 0.27951885312,
      "stddev": 0.0024051812147231726,
      "median": 0.2793723235200001,
      "user": 0.10152077999999998,
      "system": 0.010634979999999999,
      "min": 0.27612497802,
      "max": 0.28387988902000005,
      "times": [
        0.27867464302000006,
        0.28164909202000005,
        0.27964320602000003,
        0.27826793102,
        0.27910144102000006,
        0.28109194902000006,
        0.28387988902000005,
        0.27620481702000005,
        0.28055058502,
        0.27612497802
      ],
      "exit_codes": [
        0,
        0,
        0,
        0,
        0,
        0,
        0,
        0,
        0,
        0
      ],
      "parameters": {
        "size": "10000000",
        "type": "flowunits"
      }
    },
    {
      "command": "./flowunits -r config_renoir.toml -- 100000",
      "mean": 0.22212272925076929,
      "stddev": 0.004369154950916331,
      "median": 0.22104329602,
      "user": 0.1082436723076923,
      "system": 0.008388310769230769,
      "min": 0.21774806602000002,
      "max": 0.23496488402000001,
      "times": [
        0.22066165202000002,
        0.22163923302000002,
        0.22340538002000002,
        0.22611068502,
        0.23496488402000001,
        0.22049322602000002,
        0.21911800202,
        0.22104329602,
        0.21774806602000002,
        0.21970314702000002,
        0.21978541102000002,
        0.22162958402000002,
        0.22129291402
      ],
      "exit_codes": [
        0,
        0,
        0,
        0,
        0,
        0,
        0,
        0,
        0,
        0,
        0,
        0,
        0
      ],
      "parameters": {
        "size": "100000",
        "type": "renoir"
      }
    },
    {
      "command": "./flowunits -r config_renoir.toml -- 1000000",
      "mean": 0.23462096602000002,
      "stddev": 0.008616379785715379,
      "median": 0.23257597152000004,
      "user": 0.07861881333333333,
      "system": 0.009263496666666666,
      "min": 0.22500736002000002,
      "max": 0.24788305502000002,
      "times": [
        0.24099684002000002,
        0.23761869402000002,
        0.22661476902000002,
        0.24563169902,
        0.23080693902000002,
        0.22638435802,
        0.22591508902000002,
        0.22868002602,
        0.22500736002000002,
        0.24788305502000002,
        0.24556775902000003,
        0.23434500402000003
      ],
      "exit_codes": [
        0,
        0,
        0,
        0,
        0,
        0,
        0,
        0,
        0,
        0,
        0,
        0
      ],
      "parameters": {
        "size": "1000000",
        "type": "renoir"
      }
    },
    {
      "command": "./flowunits -r config_renoir.toml -- 10000000",
      "mean": 0.26958082483818185,
      "stddev": 0.007468544506695675,
      "median": 0.26757475802,
      "user": 0.08574307090909092,
      "system": 0.00823708,
      "min": 0.25698505802000005,
      "max": 0.28502835002000004,
      "times": [
        0.26459552902000005,
        0.25698505802000005,
        0.27629388502,
        0.26439012402000006,
        0.27442372302000007,
        0.27357295902000006,
        0.26637245602000004,
        0.26972132602000004,
        0.28502835002000004,
        0.26757475802,
        0.26643090502000005
      ],
      "exit_codes": [
        0,
        0,
        0,
        0,
        0,
        0,
        0,
        0,
        0,
        0,
        0
      ],
      "parameters": {
        "size": "10000000",
        "type": "renoir"
      }
    }
  ]
}
