{
  "results": [
    {
      "command": "./flowunits -r config_flowunits.toml -- 100000",
      "mean": 0.21825547610769233,
      "stddev": 0.0017974413549492305,
      "median": 0.21885407680000002,
      "user": 0.09019479846153843,
      "system": 0.008697544615384615,
      "min": 0.21550882280000003,
      "max": 0.22176173180000003,
      "times": [
        0.21933781280000003,
        0.21885407680000002,
        0.22017424880000003,
        0.21708396180000003,
        0.22176173180000003,
        0.2191222288,
        0.21607777880000004,
        0.2193195488,
        0.21691888380000002,
        0.21699436480000003,
        0.21701474280000002,
        0.21550882280000003,
        0.21915298680000003
      ],
      "exit_codes": [
        0,
        0,
        0,
        0,
        0,
        0,
        0,
        0,
        0,
        0,
        0,
        0,
        0
      ],
      "parameters": {
        "size": "100000",
        "type": "flowunits"
      }
    },
    {
      "command": "./flowunits -r config_flowunits.toml -- 1000000",
      "mean": 0.262968428709091,
      "stddev": 0.002293285387453663,
      "median": 0.2634914288,
      "user": 0.0928751690909091,
      "system": 0.006417887272727272,
      "min": 0.2593658238,
      "max": 0.2672201008,
      "times": [
        0.2595045238,
        0.2642965658,
        0.2613820888,
        0.2634914288,
        0.2620677738,
        0.2672201008,
        0.2638778828,
        0.2637578078,
        0.2646149428,
        0.2593658238,
        0.2630737768
      ],
      "exit_codes": [
        0,
        0,
        0,
        0,
        0,
        0,
        0,
        0,
        0,
        0,
        0
      ],
      "parameters": {
        "size": "1000000",
        "type": "flowunits"
      }
    },
    {
      "command": "./flowunits -r config_flowunits.toml -- 10000000",
      "mean": 0.6388623327999999,
      "stddev": 0.003165870381277413,
      "median": 0.6390970838000001,
      "user": 0.09829665999999998,
      "system": 0.00897166,
      "min": 0.6327381728,
      "max": 0.6429205088000001,
      "times": [
        0.6383885218,
        0.6393079838,
        0.6353032158,
        0.6373390678,
        0.6327381728,
        0.6388861838000001,
        0.6415270598,
        0.6424567808,
        0.6397558328,
        0.6429205088000001
      ],
      "exit_codes": [
        0,
        0,
        0,
        0,
        0,
        0,
        0,
        0,
        0,
        0
      ],
      "parameters": {
        "size": "10000000",
        "type": "flowunits"
      }
    },
    {
      "command": "./flowunits -r config_renoir.toml -- 100000",
      "mean": 0.23567146521666668,
      "stddev": 0.004307385065955644,
      "median": 0.23499211030000003,
      "user": 0.09770417666666666,
      "system": 0.009583243333333333,
      "min": 0.22815379080000003,
      "max": 0.24209378180000002,
      "times": [
        0.23066855880000003,
        0.23967659680000003,
        0.23366746480000003,
        0.22815379080000003,
        0.23375315480000003,
        0.23622955280000002,
        0.23874036280000002,
        0.23308854980000002,
        0.24173880780000004,
        0.23375466780000004,
        0.24209378180000002,
        0.23649229380000003
      ],
      "exit_codes": [
        0,
        0,
        0,
        0,
        0,
        0,
        0,
        0,
        0,
        0,
        0,
        0
      ],
      "parameters": {
        "size": "100000",
        "type": "renoir"
      }
    },
    {
      "command": "./flowunits -r config_renoir.toml -- 1000000",
      "mean": 0.4151770675,
      "stddev": 0.005448646683426734,
      "median": 0.41591954529999997,
      "user": 0.08576365999999999,
      "system": 0.01006026,
      "min": 0.4084721608,
      "max": 0.4253475088,
      "times": [
        0.4159487898,
        0.4109876508,
        0.41857312480000003,
        0.4084721608,
        0.4094688168,
        0.41746169380000003,
        0.4253475088,
        0.4097836468,
        0.4198369818,
        0.4158903008
      ],
      "exit_codes": [
        0,
        0,
        0,
        0,
        0,
        0,
        0,
        0,
        0,
        0
      ],
      "parameters": {
        "size": "1000000",
        "type": "renoir"
      }
    },
    {
      "command": "./flowunits -r config_renoir.toml -- 10000000",
      "mean": 2.1776297097000006,
      "stddev": 0.021928844427729514,
      "median": 2.1740090938000005,
      "user": 0.10034496,
      "system": 0.00735706,
      "min": 2.1522516218,
      "max": 2.2281318658000004,
      "times": [
        2.1522516218,
        2.1966052938000002,
        2.2281318658000004,
        2.1735143678,
        2.1690405488000004,
        2.1826715338000002,
        2.1777134188000002,
        2.1676317928000004,
        2.1542328338,
        2.1745038198000004
      ],
      "exit_codes": [
        0,
        0,
        0,
        0,
        0,
        0,
        0,
        0,
        0,
        0
      ],
      "parameters": {
        "size": "10000000",
        "type": "renoir"
      }
    }
  ]
}
