{
  "results": [
    {
      "command": "./flowunits -r config_flowunits.toml -- 100000",
      "mean": 0.25603669622545455,
      "stddev": 0.0026490617051380793,
      "median": 0.25624726368000006,
      "user": 0.09377730181818182,
      "system": 0.006523136363636364,
      "min": 0.25113492068000004,
      "max": 0.25940423468,
      "times": [
        0.25864058468,
        0.25940423468,
        0.25820475868000003,
        0.25613509268,
        0.25113492068000004,
        0.25435396768,
        0.25466451968000003,
        0.25237428068,
        0.25624726368000006,
        0.25737851168000003,
        0.25786552368000004
      ],
      "exit_codes": [
        0,
        0,
        0,
        0,
        0,
        0,
        0,
        0,
        0,
        0,
        0
      ],
      "parameters": {
        "size": "100000",
        "type": "flowunits"
      }
    },
    {
      "command": "./flowunits -r config_flowunits.toml -- 1000000",
      "mean": 0.6359925056800001,
      "stddev": 0.0040598907621975655,
      "median": 0.6366237716800001,
      "user": 0.07606561999999999,
      "system": 0.0087324,
      "min": 0.6279387846800001,
      "max": 0.6407426096800001,
      "times": [
        0.63580755868,
        0.63535906868,
        0.6279387846800001,
        0.6374399846800001,
        0.6407426096800001,
        0.63502824968,
        0.6391162836800001,
        0.63063595368,
        0.63798757068,
        0.6398689926800001
      ],
      "exit_codes": [
        0,
        0,
        0,
        0,
        0,
        0,
        0,
        0,
        0,
        0
      ],
      "parameters": {
        "size": "1000000",
        "type": "flowunits"
      }
    },
    {
      "command": "./flowunits -r config_flowunits.toml -- 10000000",
      "mean": 4.41373999218,
      "stddev": 0.004724695703619077,
      "median": 4.41435964868,
      "user": 0.07197072000000002,
      "system": 0.010649500000000001,
      "min": 4.40359900568,
      "max": 4.41881764268,
      "times": [
        4.4182614006800005,
        4.41783254968,
        4.40359900568,
        4.41414098468,
        4.41708349068,
        4.41030065768,
        4.41457831268,
        4.41881764268,
        4.41171038268,
        4.41107549468
      ],
      "exit_codes": [
        0,
        0,
        0,
        0,
        0,
        0,
        0,
        0,
        0,
        0
      ],
      "parameters": {
        "size": "10000000",
        "type": "flowunits"
      }
    },
    {
      "command": "./flowunits -r config_renoir.toml -- 100000",
      "mean": 0.46275139018000006,
      "stddev": 0.005721196481350676,
      "median": 0.46362962618000003,
      "user": 0.09421692000000001,
      "system": 0.0078796,
      "min": 0.45273939868000007,
      "max": 0.47228600968000006,
      "times": [
        0.45669508568000006,
        0.46100579668,
        0.47228600968000006,
        0.46782815168,
        0.45843580568000003,
        0.45273939868000007,
        0.46486641668000006,
        0.46639798468000004,
        0.46366551868000005,
        0.46359373368000006
      ],
      "exit_codes": [
        0,
        0,
        0,
        0,
        0,
        0,
        0,
        0,
        0,
        0
      ],
      "parameters": {
        "size": "100000",
        "type": "renoir"
      }
    },
    {
      "command": "./flowunits -r config_renoir.toml -- 1000000",
      "mean": 2.52549455268,
      "stddev": 0.0474504598513477,
      "median": 2.54927848668,
      "user": 0.09729162,
      "system": 0.008853,
      "min": 2.43310205968,
      "max": 2.56498472468,
      "times": [
        2.55883642168,
        2.55073017468,
        2.55023540868,
        2.5565593786800003,
        2.43310205968,
        2.56498472468,
        2.54832156468,
        2.53026748168,
        2.44681567768,
        2.51509263468
      ],
      "exit_codes": [
        0,
        0,
        0,
        0,
        0,
        0,
        0,
        0,
        0,
        0
      ],
      "parameters": {
        "size": "1000000",
        "type": "renoir"
      }
    },
    {
      "command": "./flowunits -r config_renoir.toml -- 10000000",
      "mean": 21.606753449179998,
      "stddev": 0.29456839901841975,
      "median": 21.634338928680002,
      "user": 0.08599882,
      "system": 0.007569000000000001,
      "min": 20.90534781468,
      "max": 21.92129290468,
      "times": [
        21.58492859868,
        21.47841390568,
        21.56336089068,
        21.78502363268,
        21.80181227968,
        21.92129290468,
        20.90534781468,
        21.88034554868,
        21.46325965768,
        21.68374925868
      ],
      "exit_codes": [
        0,
        0,
        0,
        0,
        0,
        0,
        0,
        0,
        0,
        0
      ],
      "parameters": {
        "size": "10000000",
        "type": "renoir"
      }
    }
  ]
}
