{
  "results": [
    {
      "command": "./flowunits -r config_flowunits.toml -- 100000",
      "mean": 0.21463898041714288,
      "stddev": 0.00102602999192411,
      "median": 0.21441145056,
      "user": 0.08707759714285714,
      "system": 0.007874014285714286,
      "min": 0.21267450306000002,
      "max": 0.21663894706000003,
      "times": [
        0.21357017106,
        0.21417622506000003,
        0.21447889206,
        0.21539306406000003,
        0.21387944906000003,
        0.21663894706000003,
        0.21601621106000002,
        0.21404894706000002,
        0.21525908306000002,
        0.21267450306000002,
        0.21434400906,
        0.21524260206,
        0.21428270506000002,
        0.21494091706000001
      ],
      "exit_codes": [
        0,
        0,
        0,
        0,
        0,
        0,
        0,
        0,
        0,
        0,
        0,
        0,
        0,
        0
      ],
      "parameters": {
        "size": "100000",
        "type": "flowunits"
      }
    },
    {
      "command": "./flowunits -r config_flowunits.toml -- 1000000",
      "mean": 0.22031089882923077,
      "stddev": 0.0015401452709800471,
      "median": 0.22044081606000002,
      "user": 0.09421393230769229,
      "system": 0.008540530769230769,
      "min": 0.21838013706,
      "max": 0.22331129106000003,
      "times": [
        0.22044081606000002,
        0.22085313806,
        0.21872487206000002,
        0.22251398806000003,
        0.22064342506,
        0.22041512806000002,
        0.22331129106000003,
        0.21871760906,
        0.22127995806000003,
        0.22088132106000002,
        0.21838013706,
        0.21850918806000003,
        0.21937081306000003
      ],
      "exit_codes": [
        0,
        0,
        0,
        0,
        0,
        0,
        0,
        0,
        0,
        0,
        0,
        0,
        0
      ],
      "parameters": {
        "size": "1000000",
        "type": "flowunits"
      }
    },
    {
      "command": "./flowunits -r config_flowunits.toml -- 10000000",
      "mean": 0.28047110766,
      "stddev": 0.0020488975857380354,
      "median": 0.28096376156,
      "user": 0.09758784000000001,
      "system": 0.0093799,
      "min": 0.27756360906000005,
      "max": 0.28296505306,
      "times": [
        0.28296505306,
        0.27978917706,
        0.28223257206,
        0.27761881306,
        0.27836084206,
        0.28202808906000004,
        0.27756360906000005,
        0.28222539806,
        0.28026921606000005,
        0.28165830706
      ],
      "exit_codes": [
        0,
        0,
        0,
        0,
        0,
        0,
        0,
        0,
        0,
        0
      ],
      "parameters": {
        "size": "10000000",
        "type": "flowunits"
      }
    },
    {
      "command": "./flowunits -r config_renoir.toml -- 100000",
      "mean": 0.2244899343933333,
      "stddev": 0.005206230339845121,
      "median": 0.22429433106000002,
      "user": 0.09734448999999999,
      "system": 0.00818505,
      "min": 0.21748246606000002,
      "max": 0.23199410906,
      "times": [
        0.23199410906,
        0.22456724206000003,
        0.22008739406000002,
        0.22028799006000002,
        0.22645317406,
        0.22402142006000003,
        0.21847675806000003,
        0.22015761506000003,
        0.23118098706,
        0.22958381606000003,
        0.21748246606000002,
        0.22958624106000003
      ],
      "exit_codes": [
        0,
        0,
        0,
        0,
        0,
        0,
        0,
        0,
        0,
        0,
        0,
        0
      ],
      "parameters": {
        "size": "100000",
        "type": "renoir"
      }
    },
    {
      "command": "./flowunits -r config_renoir.toml -- 1000000",
      "mean": 0.24498064456000002,
      "stddev": 0.008508044801812678,
      "median": 0.24638606406000002,
      "user": 0.08778015666666666,
      "system": 0.0085933,
      "min": 0.23162721306000003,
      "max": 0.25749787606,
      "times": [
        0.23601044006000002,
        0.25400736906000004,
        0.25235169006,
        0.23162721306000003,
        0.25749787606,
        0.24918245506000003,
        0.24280360006,
        0.23519778906000002,
        0.23650362306000003,
        0.24490563706000001,
        0.25181355106000003,
        0.24786649106000003
      ],
      "exit_codes": [
        0,
        0,
        0,
        0,
        0,
        0,
        0,
        0,
        0,
        0,
        0,
        0
      ],
      "parameters": {
        "size": "1000000",
        "type": "renoir"
      }
    },
    {
      "command": "./flowunits -r config_renoir.toml -- 10000000",
      "mean": 0.41765395136,
      "stddev": 0.006975216836052151,
      "median": 0.41768987756000003,
      "user": 0.10152603999999998,
      "system": 0.006676299999999999,
      "min": 0.40826698406,
      "max": 0.42763072206,
      "times": [
        0.42763072206,
        0.42470863006000004,
        0.40826698406,
        0.42562703006,
        0.41613935406,
        0.41924040106000005,
        0.40915644806,
        0.41170562206000005,
        0.41358839806000003,
        0.42047592406
      ],
      "exit_codes": [
        0,
        0,
        0,
        0,
        0,
        0,
        0,
        0,
        0,
        0
      ],
      "parameters": {
        "size": "10000000",
        "type": "renoir"
      }
    }
  ]
}
