{
  "results": [
    {
      "command": "./flowunits -r config_flowunits.toml -- 100000",
      "mean": 0.2178219566830769,
      "stddev": 0.001418736134258144,
      "median": 0.21808465876,
      "user": 0.09374562307692307,
      "system": 0.00758914,
      "min": 0.21581919576,
      "max": 0.21991370376,
      "times": [
        0.21609831876,
        0.21593119676,
        0.21878742476000002,
        0.21841313376,
        0.21581919576,
        0.21808465876,
        0.21769829476,
        0.21856709176,
        0.21952159876,
        0.21639198876000001,
        0.21923802876,
        0.21722080176,
        0.21991370376
      ],
      "exit_codes": [
        0,
        0,
        0,
        0,
        0,
        0,
        0,
        0,
        0,
        0,
        0,
        0,
        0
      ],
      "parameters": {
        "size": "100000",
        "type": "flowunits"
      }
    },
    {
      "command": "./flowunits -r config_flowunits.toml -- 1000000",
      "mean": 0.2647590028509092,
      "stddev": 0.001994076106228363,
      "median": 0.26513157276000004,
      "user": 0.08719042727272726,
      "system": 0.008698230909090908,
      "min": 0.26036087976000005,
      "max": 0.26717958676000003,
      "times": [
        0.26717958676000003,
        0.26550592376000004,
        0.26036087976000005,
        0.26294038976000006,
        0.26626102676,
        0.26668312776,
        0.26398790076,
        0.26513157276000004,
        0.26607401676000003,
        0.26496024076,
        0.26326436576
      ],
      "exit_codes": [
        0,
        0,
        0,
        0,
        0,
        0,
        0,
        0,
        0,
        0,
        0
      ],
      "parameters": {
        "size": "1000000",
        "type": "flowunits"
      }
    },
    {
      "command": "./flowunits -r config_flowunits.toml -- 10000000",
      "mean": 0.63801827186,
      "stddev": 0.004386168962246234,
      "median": 0.63655970476,
      "user": 0.0904303,
      "system": 0.00798484,
      "min": 0.63338331176,
      "max": 0.64560465576,
      "times": [
        0.64560465576,
        0.63481926076,
        0.63642130076,
        0.64435923376,
        0.63669810876,
        0.63338331176,
        0.64083419376,
        0.63401791076,
        0.63442817876,
        0.63961656376
      ],
      "exit_codes": [
        0,
        0,
        0,
        0,
        0,
        0,
        0,
        0,
        0,
        0
      ],
      "parameters": {
        "size": "10000000",
        "type": "flowunits"
      }
    },
    {
      "command": "./flowunits -r config_renoir.toml -- 100000",
      "mean": 0.23590138484333337,
      "stddev": 0.003957441532832578,
      "median": 0.23483187726,
      "user": 0.10599086666666668,
      "system": 0.00873139,
      "min": 0.23087670176,
      "max": 0.24593937576,
      "times": [
        0.23824814376,
        0.23087670176,
        0.23644448676000002,
        0.23352647276,
        0.23780430276,
        0.23229109976,
        0.24593937576,
        0.23524266676,
        0.23382935976,
        0.23846012176,
        0.23442108776,
        0.23373279876
      ],
      "exit_codes": [
        0,
        0,
        0,
        0,
        0,
        0,
        0,
        0,
        0,
        0,
        0,
        0
      ],
      "parameters": {
        "size": "100000",
        "type": "renoir"
      }
    },
    {
      "command": "./flowunits -r config_renoir.toml -- 1000000",
      "mean": 0.41263168176000004,
      "stddev": 0.005381161708394019,
      "median": 0.41215957776000006,
      "user": 0.08488069999999999,
      "system": 0.00711754,
      "min": 0.40429268676,
      "max": 0.42205113976,
      "times": [
        0.42205113976,
        0.40935063876000005,
        0.41108407376000006,
        0.40429268676,
        0.41584562876000003,
        0.41006729076000004,
        0.41414297176000003,
        0.41323508176000007,
        0.40724364276,
        0.41900366276000006
      ],
      "exit_codes": [
        0,
        0,
        0,
        0,
        0,
        0,
        0,
        0,
        0,
        0
      ],
      "parameters": {
        "size": "1000000",
        "type": "renoir"
      }
    },
    {
      "command": "./flowunits -r config_renoir.toml -- 10000000",
      "mean": 2.1623733140600003,
      "stddev": 0.012704333485255999,
      "median": 2.1667081697600006,
      "user": 0.0936435,
      "system": 0.00723944,
      "min": 2.13146888076,
      "max": 2.1723911257600004,
      "times": [
        2.15008359576,
        2.1723911257600004,
        2.1670574687600004,
        2.16335813276,
        2.1663588707600003,
        2.17223006276,
        2.17172018876,
        2.13146888076,
        2.16193584076,
        2.16712897376
      ],
      "exit_codes": [
        0,
        0,
        0,
        0,
        0,
        0,
        0,
        0,
        0,
        0
      ],
      "parameters": {
        "size": "10000000",
        "type": "renoir"
      }
    }
  ]
}
