{
  "results": [
    {
      "command": "./flowunits -r config_flowunits.toml -- 100000",
      "mean": 0.21472980400307692,
      "stddev": 0.0008929219901519442,
      "median": 0.21474889508,
      "user": 0.08893114307692308,
      "system": 0.006801584615384616,
      "min": 0.21303305208,
      "max": 0.21573974008,
      "times": [
        0.21562681908,
        0.21333311308,
        0.21545011808,
        0.21533885008,
        0.21474889508,
        0.21573974008,
        0.21439996208,
        0.21504497008,
        0.21472474008,
        0.21303305208,
        0.21376106608,
        0.21566030208,
        0.21462582408
      ],
      "exit_codes": [
        0,
        0,
        0,
        0,
        0,
        0,
        0,
        0,
        0,
        0,
        0,
        0,
        0
      ],
      "parameters": {
        "size": "100000",
        "type": "flowunits"
      }
    },
    {
      "command": "./flowunits -r config_flowunits.toml -- 1000000",
      "mean": 0.21902501208000003,
      "stddev": 0.002007303238368457,
      "median": 0.21905950708,
      "user": 0.09163106615384617,
      "system": 0.007795430769230769,
      "min": 0.21569080808000002,
      "max": 0.22242421708000001,
      "times": [
        0.21986728908,
        0.21569080808000002,
        0.22125832408,
        0.22132574008,
        0.21783401208,
        0.21890454608,
        0.21697932208,
        0.22242421708000001,
        0.21733503708000002,
        0.21905950708,
        0.21980489308,
        0.21685937708,
        0.21998208408
      ],
      "exit_codes": [
        0,
        0,
        0,
        0,
        0,
        0,
        0,
        0,
        0,
        0,
        0,
        0,
        0
      ],
      "parameters": {
        "size": "1000000",
        "type": "flowunits"
      }
    },
    {
      "command": "./flowunits -r config_flowunits.toml -- 10000000",
      "mean": 0.28052171678,
      "stddev": 0.00245353526696254,
      "median": 0.27989605957999997,
      "user": 0.10657612000000001,
      "system": 0.008587399999999999,
      "min": 0.27727118808,
      "max": 0.28579419908000003,
      "times": [
        0.28355869308000003,
        0.28086312508,
        0.28037598208000003,
        0.27944914708,
        0.28016599008,
        0.27885773008000003,
        0.28579419908000003,
        0.27962612908,
        0.27727118808,
        0.27925498408
      ],
      "exit_codes": [
        0,
        0,
        0,
        0,
        0,
        0,
        0,
        0,
        0,
        0
      ],
      "parameters": {
        "size": "10000000",
        "type": "flowunits"
      }
    },
    {
      "command": "./flowunits -r config_renoir.toml -- 100000",
      "mean": 0.2256912948492308,
      "stddev": 0.007951600586235414,
      "median": 0.22143152808,
      "user": 0.09531906615384617,
      "system": 0.009605969230769233,
      "min": 0.21891044708000001,
      "max": 0.24008565808000001,
      "times": [
        0.21997724508,
        0.21891044708000001,
        0.23307510108,
        0.22143152808,
        0.23645356808,
        0.22084307608,
        0.22352950708,
        0.22034930208,
        0.22031933608,
        0.22243424608,
        0.21894177608,
        0.24008565808000001,
        0.23763604208
      ],
      "exit_codes": [
        0,
        0,
        0,
        0,
        0,
        0,
        0,
        0,
        0,
        0,
        0,
        0,
        0
      ],
      "parameters": {
        "size": "100000",
        "type": "renoir"
      }
    },
    {
      "command": "./flowunits -r config_renoir.toml -- 1000000",
      "mean": 0.2342426732466667,
      "stddev": 0.008785653442261393,
      "median": 0.22992495258,
      "user": 0.08647780333333334,
      "system": 0.0070680333333333345,
      "min": 0.22464219008,
      "max": 0.24748983308,
      "times": [
        0.24285324108,
        0.24557770208000002,
        0.22977965008,
        0.24748983308,
        0.22986030208,
        0.22723374308,
        0.23719992408,
        0.22524261508,
        0.24499338908,
        0.22998960308,
        0.22604988608,
        0.22464219008
      ],
      "exit_codes": [
        0,
        0,
        0,
        0,
        0,
        0,
        0,
        0,
        0,
        0,
        0,
        0
      ],
      "parameters": {
        "size": "1000000",
        "type": "renoir"
      }
    },
    {
      "command": "./flowunits -r config_renoir.toml -- 10000000",
      "mean": 0.2674286814436364,
      "stddev": 0.003340889897552215,
      "median": 0.26695851808,
      "user": 0.08817467454545455,
      "system": 0.007690836363636363,
      "min": 0.26321477808,
      "max": 0.27484878308,
      "times": [
        0.26565809308,
        0.26723671008,
        0.27180322008,
        0.26524069108000004,
        0.26321477808,
        0.26804574408,
        0.27484878308,
        0.26799485908,
        0.26430844508,
        0.26695851808,
        0.26640565408
      ],
      "exit_codes": [
        0,
        0,
        0,
        0,
        0,
        0,
        0,
        0,
        0,
        0,
        0
      ],
      "parameters": {
        "size": "10000000",
        "type": "renoir"
      }
    }
  ]
}
