{
  "results": [
    {
      "command": "./flowunits -r config_flowunits.toml -- 100000",
      "mean": 0.2151040741384615,
      "stddev": 0.0009766053306893936,
      "median": 0.2151874396,
      "user": 0.10207830153846152,
      "system": 0.007138767692307692,
      "min": 0.2138227936,
      "max": 0.21712192160000002,
      "times": [
        0.2158082516,
        0.2148492766,
        0.2142900696,
        0.2140692456,
        0.2151874396,
        0.21712192160000002,
        0.2161259766,
        0.2153087766,
        0.2156129156,
        0.2141392976,
        0.2157622656,
        0.2142547336,
        0.2138227936
      ],
      "exit_codes": [
        0,
        0,
        0,
        0,
        0,
        0,
        0,
        0,
        0,
        0,
        0,
        0,
        0
      ],
      "parameters": {
        "size": "100000",
        "type": "flowunits"
      }
    },
    {
      "command": "./flowunits -r config_flowunits.toml -- 1000000",
      "mean": 0.2197351202153846,
      "stddev": 0.0018605584784669943,
      "median": 0.2194738766,
      "user": 0.08976099384615385,
      "system": 0.007305690769230768,
      "min": 0.2164462266,
      "max": 0.2227566526,
      "times": [
        0.2185625786,
        0.21932895460000001,
        0.22119559860000002,
        0.2194738766,
        0.2203242986,
        0.22062530060000002,
        0.2169552296,
        0.2164462266,
        0.2192059536,
        0.2215676966,
        0.2216601496,
        0.2184540466,
        0.2227566526
      ],
      "exit_codes": [
        0,
        0,
        0,
        0,
        0,
        0,
        0,
        0,
        0,
        0,
        0,
        0,
        0
      ],
      "parameters": {
        "size": "1000000",
        "type": "flowunits"
      }
    },
    {
      "command": "./flowunits -r config_flowunits.toml -- 10000000",
      "mean": 0.2818827935,
      "stddev": 0.002918302671990025,
      "median": 0.2816686516,
      "user": 0.08307044,
      "system": 0.005261860000000001,
      "min": 0.2771024466,
      "max": 0.2869133666,
      "times": [
        0.2820815296,
        0.2813973186,
        0.2823928126,
        0.2802948636,
        0.2798636876,
        0.2805381496,
        0.2869133666,
        0.2771024466,
        0.28630377560000003,
        0.2819399846
      ],
      "exit_codes": [
        0,
        0,
        0,
        0,
        0,
        0,
        0,
        0,
        0,
        0
      ],
      "parameters": {
        "size": "10000000",
        "type": "flowunits"
      }
    },
    {
      "command": "./flowunits -r config_renoir.toml -- 100000",
      "mean": 0.22547501136923082,
      "stddev": 0.006821332029817422,
      "median": 0.2254205906,
      "user": 0.08826914769230768,
      "system": 0.008498383076923074,
      "min": 0.2151389986,
      "max": 0.23833024460000002,
      "times": [
        0.2267979996,
        0.2205086336,
        0.2348159336,
        0.23833024460000002,
        0.2151389986,
        0.2204627776,
        0.2266396636,
        0.2205285806,
        0.2338619676,
        0.2254205906,
        0.22425381660000002,
        0.22598157160000001,
        0.2184343696
      ],
      "exit_codes": [
        0,
        0,
        0,
        0,
        0,
        0,
        0,
        0,
        0,
        0,
        0,
        0,
        0
      ],
      "parameters": {
        "size": "100000",
        "type": "renoir"
      }
    },
    {
      "command": "./flowunits -r config_renoir.toml -- 1000000",
      "mean": 0.2411909085090909,
      "stddev": 0.008551114596859975,
      "median": 0.2380038636,
      "user": 0.07823811272727271,
      "system": 0.010181914545454545,
      "min": 0.2327066046,
      "max": 0.2566332276,
      "times": [
        0.2532354446,
        0.2382346256,
        0.2446233486,
        0.2353991356,
        0.2566332276,
        0.2380038636,
        0.2327066046,
        0.2502525886,
        0.2343673746,
        0.23390823460000001,
        0.2357355456
      ],
      "exit_codes": [
        0,
        0,
        0,
        0,
        0,
        0,
        0,
        0,
        0,
        0,
        0
      ],
      "parameters": {
        "size": "1000000",
        "type": "renoir"
      }
    },
    {
      "command": "./flowunits -r config_renoir.toml -- 10000000",
      "mean": 0.41731295049999995,
      "stddev": 0.008730817369283156,
      "median": 0.42056932010000003,
      "user": 0.07743424,
      "system": 0.009080159999999999,
      "min": 0.4001687796,
      "max": 0.4260320596,
      "times": [
        0.4254205446,
        0.4109248106,
        0.41912242060000005,
        0.4132672866,
        0.4235822816,
        0.4242482986,
        0.4260320596,
        0.40834680360000003,
        0.4001687796,
        0.4220162196
      ],
      "exit_codes": [
        0,
        0,
        0,
        0,
        0,
        0,
        0,
        0,
        0,
        0
      ],
      "parameters": {
        "size": "10000000",
        "type": "renoir"
      }
    }
  ]
}
