{
  "results": [
    {
      "command": "./flowunits -r config_flowunits.toml -- 100000",
      "mean": 0.2541029017981819,
      "stddev": 0.00477117682922343,
      "median": 0.25574459598000004,
      "user": 0.09947876,
      "system": 0.00670854,
      "min": 0.24213594398000002,
      "max": 0.25954963098,
      "times": [
        0.25574459598000004,
        0.25538203698,
        0.25638076698,
        0.25465837198,
        0.24984005898,
        0.25954963098,
        0.25649427998,
        0.25738419598,
        0.25153678698000004,
        0.24213594398000002,
        0.25602525098
      ],
      "exit_codes": [
        0,
        0,
        0,
        0,
        0,
        0,
        0,
        0,
        0,
        0,
        0
      ],
      "parameters": {
        "size": "100000",
        "type": "flowunits"
      }
    },
    {
      "command": "./flowunits -r config_flowunits.toml -- 1000000",
      "mean": 0.63400710108,
      "stddev": 0.006166240054167056,
      "median": 0.6327060694800001,
      "user": 0.08396995999999998,
      "system": 0.009972139999999997,
      "min": 0.6253242629800001,
      "max": 0.64651575398,
      "times": [
        0.6322767209800001,
        0.64211634498,
        0.6253242629800001,
        0.63427867898,
        0.64651575398,
        0.6309514499800001,
        0.63502660998,
        0.6331354179800001,
        0.6292901589800001,
        0.63115561198
      ],
      "exit_codes": [
        0,
        0,
        0,
        0,
        0,
        0,
        0,
        0,
        0,
        0
      ],
      "parameters": {
        "size": "1000000",
        "type": "flowunits"
      }
    },
    {
      "command": "./flowunits -r config_flowunits.toml -- 10000000",
      "mean": 4.41615556408,
      "stddev": 0.011423641985602669,
      "median": 4.41679745898,
      "user": 0.07473435999999999,
      "system": 0.007633939999999999,
      "min": 4.395945949980001,
      "max": 4.43569740798,
      "times": [
        4.395945949980001,
        4.4185589509800005,
        4.40408457798,
        4.41738286198,
        4.42170878698,
        4.41395976198,
        4.43569740798,
        4.41621205598,
        4.409533793980001,
        4.42847149298
      ],
      "exit_codes": [
        0,
        0,
        0,
        0,
        0,
        0,
        0,
        0,
        0,
        0
      ],
      "parameters": {
        "size": "10000000",
        "type": "flowunits"
      }
    },
    {
      "command": "./flowunits -r config_renoir.toml -- 100000",
      "mean": 0.46046332858000005,
      "stddev": 0.004150145518779215,
      "median": 0.46090898498,
      "user": 0.09414415999999999,
      "system": 0.00602414,
      "min": 0.45295817298,
      "max": 0.46862609998000004,
      "times": [
        0.45849781498000003,
        0.46176989198,
        0.46862609998000004,
        0.46004807798,
        0.45295817298,
        0.46235055998,
        0.46261871098,
        0.45768730798,
        0.45779806498000003,
        0.46227858398000005
      ],
      "exit_codes": [
        0,
        0,
        0,
        0,
        0,
        0,
        0,
        0,
        0,
        0
      ],
      "parameters": {
        "size": "100000",
        "type": "renoir"
      }
    },
    {
      "command": "./flowunits -r config_renoir.toml -- 1000000",
      "mean": 2.52332945088,
      "stddev": 0.047232970749798715,
      "median": 2.5382974019799995,
      "user": 0.09310436000000001,
      "system": 0.00811964,
      "min": 2.4375459139799998,
      "max": 2.5697909489799997,
      "times": [
        2.5697909489799997,
        2.4375459139799998,
        2.5351761309799996,
        2.4443056089799997,
        2.5662290659799996,
        2.56052523398,
        2.52679879598,
        2.5084158839799997,
        2.54141867298,
        2.54308825298
      ],
      "exit_codes": [
        0,
        0,
        0,
        0,
        0,
        0,
        0,
        0,
        0,
        0
      ],
      "parameters": {
        "size": "1000000",
        "type": "renoir"
      }
    },
    {
      "command": "./flowunits -r config_renoir.toml -- 10000000",
      "mean": 21.62480032158,
      "stddev": 0.301193663558507,
      "median": 21.654363166479996,
      "user": 0.09932166,
      "system": 0.010661439999999998,
      "min": 20.91816858498,
      "max": 21.95424259398,
      "times": [
        21.388676424979998,
        21.939816409979997,
        21.75674420598,
        21.800255548979997,
        21.680166378979997,
        21.588737745979998,
        21.95424259398,
        21.592635367979998,
        21.628559953979998,
        20.91816858498
      ],
      "exit_codes": [
        0,
        0,
        0,
        0,
        0,
        0,
        0,
        0,
        0,
        0
      ],
      "parameters": {
        "size": "10000000",
        "type": "renoir"
      }
    }
  ]
}
