{
  "results": [
    {
      "command": "./flowunits -r config_flowunits.toml -- 100000",
      "mean": 0.21422773796923084,
      "stddev": 0.0020702719445425967,
      "median": 0.21451025220000003,
      "user": 0.10492436153846153,
      "system": 0.00858392,
      "min": 0.21001342220000002,
      "max": 0.2172428492,
      "times": [
        0.21465505320000003,
        0.21451025220000003,
        0.21001342220000002,
        0.2172428492,
        0.21407027820000002,
        0.2144256042,
        0.2123500972,
        0.21568758720000003,
        0.2168870032,
        0.21216223620000002,
        0.2157249062,
        0.21507666320000002,
        0.21215464120000002
      ],
      "exit_codes": [
        0,
        0,
        0,
        0,
        0,
        0,
        0,
        0,
        0,
        0,
        0,
        0,
        0
      ],
      "parameters": {
        "size": "100000",
        "type": "flowunits"
      }
    },
    {
      "command": "./flowunits -r config_flowunits.toml -- 1000000",
      "mean": 0.21901783166153851,
      "stddev": 0.0017152549345522757,
      "median": 0.21883647320000002,
      "user": 0.0928462846153846,
      "system": 0.0071290738461538454,
      "min": 0.21567788920000003,
      "max": 0.22185594720000001,
      "times": [
        0.2206335782,
        0.21733964020000002,
        0.2185467312,
        0.21883647320000002,
        0.21876090220000002,
        0.2206677532,
        0.22185594720000001,
        0.22108218920000003,
        0.2173819902,
        0.21821820620000001,
        0.21567788920000003,
        0.2192358822,
        0.2189946292
      ],
      "exit_codes": [
        0,
        0,
        0,
        0,
        0,
        0,
        0,
        0,
        0,
        0,
        0,
        0,
        0
      ],
      "parameters": {
        "size": "1000000",
        "type": "flowunits"
      }
    },
    {
      "command": "./flowunits -r config_flowunits.toml -- 10000000",
      "mean": 0.2806958477,
      "stddev": 0.0033549423109750986,
      "median": 0.28078131570000003,
      "user": 0.09773989999999999,
      "system": 0.005927028,
      "min": 0.27539845620000003,
      "max": 0.2873315012,
      "times": [
        0.2814587042,
        0.2807983472,
        0.27539845620000003,
        0.28076428420000005,
        0.2759982392,
        0.2802617532,
        0.2873315012,
        0.28027874420000004,
        0.2829709562,
        0.28169749120000004
      ],
      "exit_codes": [
        0,
        0,
        0,
        0,
        0,
        0,
        0,
        0,
        0,
        0
      ],
      "parameters": {
        "size": "10000000",
        "type": "flowunits"
      }
    },
    {
      "command": "./flowunits -r config_renoir.toml -- 100000",
      "mean": 0.22155903789230771,
      "stddev": 0.004820445514750935,
      "median": 0.22052175920000003,
      "user": 0.09294920769230769,
      "system": 0.008676458461538462,
      "min": 0.2163360112,
      "max": 0.23192883920000001,
      "times": [
        0.21641175320000003,
        0.2202312552,
        0.22932676720000003,
        0.2163360112,
        0.22601307220000003,
        0.22103478020000003,
        0.21740222820000002,
        0.22185909320000002,
        0.21773152520000003,
        0.22139354120000002,
        0.23192883920000001,
        0.22052175920000003,
        0.22007686720000003
      ],
      "exit_codes": [
        0,
        0,
        0,
        0,
        0,
        0,
        0,
        0,
        0,
        0,
        0,
        0,
        0
      ],
      "parameters": {
        "size": "100000",
        "type": "renoir"
      }
    },
    {
      "command": "./flowunits -r config_renoir.toml -- 1000000",
      "mean": 0.23324724603333333,
      "stddev": 0.007529727610607182,
      "median": 0.2300363152,
      "user": 0.09208973333333333,
      "system": 0.00656267,
      "min": 0.2262916932,
      "max": 0.2522724322,
      "times": [
        0.23197037620000002,
        0.23081392120000002,
        0.23543447420000002,
        0.2522724322,
        0.2290776002,
        0.2262916932,
        0.2288642412,
        0.2287429732,
        0.2351208462,
        0.24310940420000002,
        0.22801028120000003,
        0.22925870920000002
      ],
      "exit_codes": [
        0,
        0,
        0,
        0,
        0,
        0,
        0,
        0,
        0,
        0,
        0,
        0
      ],
      "parameters": {
        "size": "1000000",
        "type": "renoir"
      }
    },
    {
      "command": "./flowunits -r config_renoir.toml -- 10000000",
      "mean": 0.27728046149999996,
      "stddev": 0.008002985554150905,
      "median": 0.2798314972,
      "user": 0.0846771,
      "system": 0.00690302,
      "min": 0.2670881252,
      "max": 0.28958741520000003,
      "times": [
        0.2815874662,
        0.27993452020000004,
        0.28958741520000003,
        0.2682495502,
        0.2684538132,
        0.2706226332,
        0.2845863302,
        0.2797284742,
        0.2829662872,
        0.2670881252
      ],
      "exit_codes": [
        0,
        0,
        0,
        0,
        0,
        0,
        0,
        0,
        0,
        0
      ],
      "parameters": {
        "size": "10000000",
        "type": "renoir"
      }
    }
  ]
}
