{
  "results": [
    {
      "command": "./flowunits -r config_flowunits.toml -- 100000",
      "mean": 0.25562385352909095,
      "stddev": 0.0021568564798972755,
      "median": 0.25542281462,
      "user": 0.0928526090909091,
      "system": 0.006030292727272727,
      "min": 0.25297677462,
      "max": 0.25987258762,
      "times": [
        0.25780719062,
        0.25297677462,
        0.25542281462,
        0.25612849662000003,
        0.25317984562,
        0.25349284162,
        0.25492410162,
        0.25748138962,
        0.25987258762,
        0.25621543962,
        0.25436090662
      ],
      "exit_codes": [
        0,
        0,
        0,
        0,
        0,
        0,
        0,
        0,
        0,
        0,
        0
      ],
      "parameters": {
        "size": "100000",
        "type": "flowunits"
      }
    },
    {
      "command": "./flowunits -r config_flowunits.toml -- 1000000",
      "mean": 0.6353150945200001,
      "stddev": 0.00488736056462164,
      "median": 0.6354145281200001,
      "user": 0.0851721,
      "system": 0.007705319999999999,
      "min": 0.6260659476200001,
      "max": 0.6419342816200001,
      "times": [
        0.62962120462,
        0.6260659476200001,
        0.64046724462,
        0.6401241926200001,
        0.6419342816200001,
        0.6353424166200001,
        0.6354866396200001,
        0.6355797366200001,
        0.63348466962,
        0.63504461162
      ],
      "exit_codes": [
        0,
        0,
        0,
        0,
        0,
        0,
        0,
        0,
        0,
        0
      ],
      "parameters": {
        "size": "1000000",
        "type": "flowunits"
      }
    },
    {
      "command": "./flowunits -r config_flowunits.toml -- 10000000",
      "mean": 4.417751179919999,
      "stddev": 0.00834301505611451,
      "median": 4.4179112926199995,
      "user": 0.07684969999999999,
      "system": 0.01025542,
      "min": 4.40295183862,
      "max": 4.428162170619999,
      "times": [
        4.42504015162,
        4.40661459662,
        4.41822414562,
        4.40295183862,
        4.42593249562,
        4.41759843962,
        4.415301181619999,
        4.428162170619999,
        4.42365597662,
        4.41403080262
      ],
      "exit_codes": [
        0,
        0,
        0,
        0,
        0,
        0,
        0,
        0,
        0,
        0
      ],
      "parameters": {
        "size": "10000000",
        "type": "flowunits"
      }
    },
    {
      "command": "./flowunits -r config_renoir.toml -- 100000",
      "mean": 0.45753793462000003,
      "stddev": 0.0128240085471032,
      "median": 0.46003147562,
      "user": 0.09080600000000001,
      "system": 0.00839232,
      "min": 0.42208016362,
      "max": 0.46699828162,
      "times": [
        0.46256543062,
        0.46699828162,
        0.45803937562,
        0.42208016362,
        0.45985002562000005,
        0.45942678262000003,
        0.46438075962,
        0.46424034662,
        0.45758525462,
        0.46021292562000005
      ],
      "exit_codes": [
        0,
        0,
        0,
        0,
        0,
        0,
        0,
        0,
        0,
        0
      ],
      "parameters": {
        "size": "100000",
        "type": "renoir"
      }
    },
    {
      "command": "./flowunits -r config_renoir.toml -- 1000000",
      "mean": 2.5061659025200003,
      "stddev": 0.05426271036844482,
      "median": 2.52622050712,
      "user": 0.07912450000000001,
      "system": 0.00781102,
      "min": 2.3931955456200003,
      "max": 2.5641505166200003,
      "times": [
        2.5641505166200003,
        2.5103652126200005,
        2.45906578662,
        2.3931955456200003,
        2.55277060662,
        2.45190841462,
        2.53376221362,
        2.5439997146200004,
        2.52260097662,
        2.52984003762
      ],
      "exit_codes": [
        0,
        0,
        0,
        0,
        0,
        0,
        0,
        0,
        0,
        0
      ],
      "parameters": {
        "size": "1000000",
        "type": "renoir"
      }
    },
    {
      "command": "./flowunits -r config_renoir.toml -- 10000000",
      "mean": 21.640439681620002,
      "stddev": 0.41338198961801875,
      "median": 21.75477846312,
      "user": 0.089946,
      "system": 0.00691122,
      "min": 20.81753318662,
      "max": 22.020044023620002,
      "times": [
        22.01613492662,
        21.80276651362,
        21.68559187062,
        21.83809466062,
        21.85245435462,
        22.020044023620002,
        20.81753318662,
        21.699283506620002,
        20.96570336062,
        21.706790412620002
      ],
      "exit_codes": [
        0,
        0,
        0,
        0,
        0,
        0,
        0,
        0,
        0,
        0
      ],
      "parameters": {
        "size": "10000000",
        "type": "renoir"
      }
    }
  ]
}
