{
  "results": [
    {
      "command": "./flowunits -r config_flowunits.toml -- 100000",
      "mean": 0.2151185597630769,
      "stddev": 0.002925731289316244,
      "median": 0.21563950884000002,
      "user": 0.09411042153846153,
      "system": 0.007713116923076923,
      "min": 0.20676336884000002,
      "max": 0.21944820084000002,
      "times": [
        0.21563950884000002,
        0.21502995784000004,
        0.20676336884000002,
        0.21620111084000002,
        0.21652210184000004,
        0.21483847884,
        0.21748572584000003,
        0.21483853884,
        0.21316190984000002,
        0.21944820084000002,
        0.21489071684000002,
        0.21586789684000002,
        0.21585376084000002
      ],
      "exit_codes": [
        0,
        0,
        0,
        0,
        0,
        0,
        0,
        0,
        0,
        0,
        0,
        0,
        0
      ],
      "parameters": {
        "size": "100000",
        "type": "flowunits"
      }
    },
    {
      "command": "./flowunits -r config_flowunits.toml -- 1000000",
      "mean": 0.22073483514769235,
      "stddev": 0.0015576893439583532,
      "median": 0.22121821484,
      "user": 0.09698749846153845,
      "system": 0.010088193846153845,
      "min": 0.21786775084,
      "max": 0.22256422584000002,
      "times": [
        0.21812695684000002,
        0.21939109384000002,
        0.22121821484,
        0.21786775084,
        0.22141059584000003,
        0.22190053284000003,
        0.22076750084000002,
        0.22174706484000004,
        0.22185120984000004,
        0.22072973984000002,
        0.22248780184000003,
        0.21949016884000003,
        0.22256422584000002
      ],
      "exit_codes": [
        0,
        0,
        0,
        0,
        0,
        0,
        0,
        0,
        0,
        0,
        0,
        0,
        0
      ],
      "parameters": {
        "size": "1000000",
        "type": "flowunits"
      }
    },
    {
      "command": "./flowunits -r config_flowunits.toml -- 10000000",
      "mean": 0.27979459824,
      "stddev": 0.001874690465990001,
      "median": 0.28000084334,
      "user": 0.10328216000000001,
      "system": 0.007313539999999999,
      "min": 0.27712704184000003,
      "max": 0.28239197084,
      "times": [
        0.28239197084,
        0.28024113284,
        0.28064660284000004,
        0.28086622384000004,
        0.27788011284,
        0.27712704184000003,
        0.27729175084,
        0.27976055384000004,
        0.27955702184000003,
        0.28218357084
      ],
      "exit_codes": [
        0,
        0,
        0,
        0,
        0,
        0,
        0,
        0,
        0,
        0
      ],
      "parameters": {
        "size": "10000000",
        "type": "flowunits"
      }
    },
    {
      "command": "./flowunits -r config_renoir.toml -- 100000",
      "mean": 0.2259034164553847,
      "stddev": 0.009020462179587782,
      "median": 0.22125131684000002,
      "user": 0.08931272923076923,
      "system": 0.006928116923076923,
      "min": 0.21576036584000002,
      "max": 0.24552891584000003,
      "times": [
        0.22052453584000004,
        0.22072504184000002,
        0.22125131684000002,
        0.21576036584000002,
        0.21798500184000003,
        0.23427248884000001,
        0.23333863984000003,
        0.24552891584000003,
        0.22661996984000002,
        0.23443949084000001,
        0.21583470484000003,
        0.23009557784000004,
        0.22036836384000003
      ],
      "exit_codes": [
        0,
        0,
        0,
        0,
        0,
        0,
        0,
        0,
        0,
        0,
        0,
        0,
        0
      ],
      "parameters": {
        "size": "100000",
        "type": "renoir"
      }
    },
    {
      "command": "./flowunits -r config_renoir.toml -- 1000000",
      "mean": 0.23849024959,
      "stddev": 0.007176382059361899,
      "median": 0.23516335184000003,
      "user": 0.10160654333333331,
      "system": 0.01123979,
      "min": 0.23135255084000003,
      "max": 0.25248583284000004,
      "times": [
        0.23135255084000003,
        0.23383494984000003,
        0.23419637584000003,
        0.23804827884000002,
        0.23398034184000002,
        0.24954285184000002,
        0.23670747784,
        0.23582932384000002,
        0.23360182284000003,
        0.24780580884000003,
        0.23449737984000002,
        0.25248583284000004
      ],
      "exit_codes": [
        0,
        0,
        0,
        0,
        0,
        0,
        0,
        0,
        0,
        0,
        0,
        0
      ],
      "parameters": {
        "size": "1000000",
        "type": "renoir"
      }
    },
    {
      "command": "./flowunits -r config_renoir.toml -- 10000000",
      "mean": 0.4119553462400001,
      "stddev": 0.009399930827490735,
      "median": 0.40845089234000004,
      "user": 0.09422805999999999,
      "system": 0.010164740000000002,
      "min": 0.40375275484000006,
      "max": 0.43257495384000005,
      "times": [
        0.41036555684000003,
        0.40375275484000006,
        0.40569071384000005,
        0.42514656484,
        0.41234454284000005,
        0.43257495384000005,
        0.40647240784000005,
        0.40630418284,
        0.40807396684,
        0.40882781784000005
      ],
      "exit_codes": [
        0,
        0,
        0,
        0,
        0,
        0,
        0,
        0,
        0,
        0
      ],
      "parameters": {
        "size": "10000000",
        "type": "renoir"
      }
    }
  ]
}
