{
  "results": [
    {
      "command": "./flowunits -r config_flowunits.toml -- 100000",
      "mean": 0.21635985412923078,
      "stddev": 0.0018188665210685094,
      "median": 0.21665743136,
      "user": 0.09625569230769232,
      "system": 0.005399184615384615,
      "min": 0.21340792736,
      "max": 0.21917189936,
      "times": [
        0.21814069836,
        0.21824091636,
        0.21694482036,
        0.21505626336,
        0.21340792736,
        0.21576457936000001,
        0.21780936836,
        0.21473734536,
        0.21398463636,
        0.21665743136,
        0.21770538336,
        0.21505683436,
        0.21917189936
      ],
      "exit_codes": [
        0,
        0,
        0,
        0,
        0,
        0,
        0,
        0,
        0,
        0,
        0,
        0,
        0
      ],
      "parameters": {
        "size": "100000",
        "type": "flowunits"
      }
    },
    {
      "command": "./flowunits -r config_flowunits.toml -- 1000000",
      "mean": 0.26350079681454547,
      "stddev": 0.001445818829248556,
      "median": 0.26353701236000004,
      "user": 0.10647218181818183,
      "system": 0.006994254545454545,
      "min": 0.26146083436000006,
      "max": 0.26548111236000005,
      "times": [
        0.26347247036000004,
        0.26353701236000004,
        0.26538369936000006,
        0.26431341536,
        0.26146083436000006,
        0.26147866836000005,
        0.26335713536000005,
        0.26365893036000004,
        0.26548111236000005,
        0.26172054036000003,
        0.26464494636
      ],
      "exit_codes": [
        0,
        0,
        0,
        0,
        0,
        0,
        0,
        0,
        0,
        0,
        0
      ],
      "parameters": {
        "size": "1000000",
        "type": "flowunits"
      }
    },
    {
      "command": "./flowunits -r config_flowunits.toml -- 10000000",
      "mean": 0.63744039026,
      "stddev": 0.002378579092258142,
      "median": 0.63764243736,
      "user": 0.08576299999999998,
      "system": 0.0078286,
      "min": 0.63411458736,
      "max": 0.64095476536,
      "times": [
        0.63845230836,
        0.63720118636,
        0.63411458736,
        0.63686393536,
        0.63875116836,
        0.64095476536,
        0.63441923736,
        0.64048349236,
        0.63808368836,
        0.63507953336
      ],
      "exit_codes": [
        0,
        0,
        0,
        0,
        0,
        0,
        0,
        0,
        0,
        0
      ],
      "parameters": {
        "size": "10000000",
        "type": "flowunits"
      }
    },
    {
      "command": "./flowunits -r config_renoir.toml -- 100000",
      "mean": 0.23368620244333338,
      "stddev": 0.0027365420515568207,
      "median": 0.23288280336,
      "user": 0.09696783333333332,
      "system": 0.008870800000000003,
      "min": 0.23066830636000002,
      "max": 0.23993515836,
      "times": [
        0.23343449636,
        0.23331573436,
        0.23086798036,
        0.23522387636,
        0.23233276236,
        0.23993515836,
        0.23244987236,
        0.23140032736000002,
        0.23623398836,
        0.23216922736,
        0.23066830636000002,
        0.23620269936000002
      ],
      "exit_codes": [
        0,
        0,
        0,
        0,
        0,
        0,
        0,
        0,
        0,
        0,
        0,
        0
      ],
      "parameters": {
        "size": "100000",
        "type": "renoir"
      }
    },
    {
      "command": "./flowunits -r config_renoir.toml -- 1000000",
      "mean": 0.41275659096000006,
      "stddev": 0.005856300631491291,
      "median": 0.41179482536,
      "user": 0.0837165,
      "system": 0.008800700000000002,
      "min": 0.40599995936000005,
      "max": 0.42391839136000004,
      "times": [
        0.41815098236000003,
        0.41864602836000003,
        0.41272475136000003,
        0.41300305336000004,
        0.40599995936000005,
        0.40926443136000007,
        0.40881490936000003,
        0.42391839136000004,
        0.41086489936000004,
        0.40617850336000005
      ],
      "exit_codes": [
        0,
        0,
        0,
        0,
        0,
        0,
        0,
        0,
        0,
        0
      ],
      "parameters": {
        "size": "1000000",
        "type": "renoir"
      }
    },
    {
      "command": "./flowunits -r config_renoir.toml -- 10000000",
      "mean": 2.17118084486,
      "stddev": 0.009361613251955003,
      "median": 2.1725838368600003,
      "user": 0.1035825,
      "system": 0.0101307,
      "min": 2.15811718436,
      "max": 2.18674648136,
      "times": [
        2.16406837736,
        2.18002256936,
        2.1777070443600004,
        2.1748074653600002,
        2.1703602083600004,
        2.15811718436,
        2.17570194036,
        2.1639640313600004,
        2.16031314636,
        2.18674648136
      ],
      "exit_codes": [
        0,
        0,
        0,
        0,
        0,
        0,
        0,
        0,
        0,
        0
      ],
      "parameters": {
        "size": "10000000",
        "type": "renoir"
      }
    }
  ]
}
