{
  "results": [
    {
      "command": "./flowunits -r config_flowunits.toml -- 100000",
      "mean": 0.2168094176784616,
      "stddev": 0.0016256322631728872,
      "median": 0.21693487314,
      "user": 0.09968322307692307,
      "system": 0.008084427692307692,
      "min": 0.21376050914,
      "max": 0.21887192014,
      "times": [
        0.21409886314,
        0.21646851014000001,
        0.21500865714,
        0.21693487314,
        0.21376050914,
        0.21814249414,
        0.21782347714,
        0.21678222814,
        0.21664974014,
        0.21756367014,
        0.21887192014,
        0.21795991314000002,
        0.21845757414
      ],
      "exit_codes": [
        0,
        0,
        0,
        0,
        0,
        0,
        0,
        0,
        0,
        0,
        0,
        0,
        0
      ],
      "parameters": {
        "size": "100000",
        "type": "flowunits"
      }
    },
    {
      "command": "./flowunits -r config_flowunits.toml -- 1000000",
      "mean": 0.26460017077636366,
      "stddev": 0.002525462156258823,
      "median": 0.26409739314,
      "user": 0.10468402727272727,
      "system": 0.007883301818181818,
      "min": 0.26188966014000004,
      "max": 0.26943692214000003,
      "times": [
        0.26300315514000006,
        0.26449917614,
        0.26188966014000004,
        0.26943692214000003,
        0.26882066814000005,
        0.26552748214000005,
        0.26234129614,
        0.26400427914,
        0.26483891214000005,
        0.26409739314,
        0.26214293414000006
      ],
      "exit_codes": [
        0,
        0,
        0,
        0,
        0,
        0,
        0,
        0,
        0,
        0,
        0
      ],
      "parameters": {
        "size": "1000000",
        "type": "flowunits"
      }
    },
    {
      "command": "./flowunits -r config_flowunits.toml -- 10000000",
      "mean": 0.63715754824,
      "stddev": 0.002357817894317887,
      "median": 0.6365614161400001,
      "user": 0.0901779,
      "system": 0.00788582,
      "min": 0.6338320301400001,
      "max": 0.6417959821400001,
      "times": [
        0.6338320301400001,
        0.63665674914,
        0.6371481091400001,
        0.6363512371400001,
        0.64013821914,
        0.6354180701400001,
        0.6383024511400001,
        0.6354665511400001,
        0.6417959821400001,
        0.6364660831400001
      ],
      "exit_codes": [
        0,
        0,
        0,
        0,
        0,
        0,
        0,
        0,
        0,
        0
      ],
      "parameters": {
        "size": "10000000",
        "type": "flowunits"
      }
    },
    {
      "command": "./flowunits -r config_renoir.toml -- 100000",
      "mean": 0.23339227122333336,
      "stddev": 0.004032032295988005,
      "median": 0.23257043064,
      "user": 0.08613905,
      "system": 0.006891036666666666,
      "min": 0.22855049314,
      "max": 0.24130962514,
      "times": [
        0.24130962514,
        0.23027429114,
        0.23724569514000002,
        0.23642867514000002,
        0.23113626514,
        0.22909900014,
        0.23351400814,
        0.23804211614,
        0.23314755114,
        0.22996622414,
        0.23199331014,
        0.22855049314
      ],
      "exit_codes": [
        0,
        0,
        0,
        0,
        0,
        0,
        0,
        0,
        0,
        0,
        0,
        0
      ],
      "parameters": {
        "size": "100000",
        "type": "renoir"
      }
    },
    {
      "command": "./flowunits -r config_renoir.toml -- 1000000",
      "mean": 0.41299351504000004,
      "stddev": 0.005231163709009278,
      "median": 0.41098750614,
      "user": 0.0819839,
      "system": 0.007502020000000001,
      "min": 0.40705368414000004,
      "max": 0.42398512814000006,
      "times": [
        0.40971511914000003,
        0.40705368414000004,
        0.40980379414000007,
        0.40865612414,
        0.41033918714000006,
        0.41403507714000004,
        0.41845652714000003,
        0.41163582514,
        0.41625468414000005,
        0.42398512814000006
      ],
      "exit_codes": [
        0,
        0,
        0,
        0,
        0,
        0,
        0,
        0,
        0,
        0
      ],
      "parameters": {
        "size": "1000000",
        "type": "renoir"
      }
    },
    {
      "command": "./flowunits -r config_renoir.toml -- 10000000",
      "mean": 2.1698170981400002,
      "stddev": 0.00839147078281382,
      "median": 2.16921807264,
      "user": 0.08858419999999999,
      "system": 0.01060202,
      "min": 2.15815585814,
      "max": 2.18603573314,
      "times": [
        2.17707829114,
        2.16720581514,
        2.18603573314,
        2.16204906814,
        2.16932770814,
        2.1691084371400002,
        2.16239597814,
        2.15815585814,
        2.17748419014,
        2.16932990214
      ],
      "exit_codes": [
        0,
        0,
        0,
        0,
        0,
        0,
        0,
        0,
        0,
        0
      ],
      "parameters": {
        "size": "10000000",
        "type": "renoir"
      }
    }
  ]
}
