{
  "results": [
    {
      "command": "./flowunits -r config_flowunits.toml -- 100000",
      "mean": 0.21435659230769227,
      "stddev": 0.001754433982035917,
      "median": 0.21458469900000002,
      "user": 0.09018070307692305,
      "system": 0.008110586153846154,
      "min": 0.211138065,
      "max": 0.21693199400000002,
      "times": [
        0.214376058,
        0.21607361700000002,
        0.21154461600000002,
        0.21543192500000002,
        0.21458469900000002,
        0.21495860900000002,
        0.21495434000000002,
        0.21453401400000002,
        0.212302486,
        0.211138065,
        0.21693199400000002,
        0.21382704000000002,
        0.21597823700000002
      ],
      "exit_codes": [
        0,
        0,
        0,
        0,
        0,
        0,
        0,
        0,
        0,
        0,
        0,
        0,
        0
      ],
      "parameters": {
        "size": "100000",
        "type": "flowunits"
      }
    },
    {
      "command": "./flowunits -r config_flowunits.toml -- 1000000",
      "mean": 0.22020771815384615,
      "stddev": 0.0015166242434770986,
      "median": 0.220288479,
      "user": 0.09859808769230768,
      "system": 0.008395836923076922,
      "min": 0.217844232,
      "max": 0.222554462,
      "times": [
        0.218750028,
        0.221588963,
        0.219464285,
        0.221928008,
        0.222554462,
        0.21985421600000002,
        0.220288479,
        0.218193736,
        0.218871235,
        0.217844232,
        0.221304672,
        0.220561259,
        0.22149676100000001
      ],
      "exit_codes": [
        0,
        0,
        0,
        0,
        0,
        0,
        0,
        0,
        0,
        0,
        0,
        0,
        0
      ],
      "parameters": {
        "size": "1000000",
        "type": "flowunits"
      }
    },
    {
      "command": "./flowunits -r config_flowunits.toml -- 10000000",
      "mean": 0.28242047690000005,
      "stddev": 0.0035035855452015476,
      "median": 0.282908162,
      "user": 0.08377628000000001,
      "system": 0.007118640000000001,
      "min": 0.27629344600000005,
      "max": 0.28681730200000005,
      "times": [
        0.28464651800000007,
        0.27697568400000006,
        0.28130399800000006,
        0.28605257000000006,
        0.28212733000000007,
        0.27629344600000005,
        0.28359217300000006,
        0.28222415100000003,
        0.28417159700000005,
        0.28681730200000005
      ],
      "exit_codes": [
        0,
        0,
        0,
        0,
        0,
        0,
        0,
        0,
        0,
        0
      ],
      "parameters": {
        "size": "10000000",
        "type": "flowunits"
      }
    },
    {
      "command": "./flowunits -r config_renoir.toml -- 100000",
      "mean": 0.22569453530769235,
      "stddev": 0.007843032274201318,
      "median": 0.221961491,
      "user": 0.09077801076923077,
      "system": 0.009601893846153845,
      "min": 0.217524353,
      "max": 0.24009565700000002,
      "times": [
        0.221961491,
        0.23821523600000002,
        0.24009565700000002,
        0.217524353,
        0.222025662,
        0.22041748,
        0.226290537,
        0.235035082,
        0.220995363,
        0.220049341,
        0.23165934000000002,
        0.221783308,
        0.217976109
      ],
      "exit_codes": [
        0,
        0,
        0,
        0,
        0,
        0,
        0,
        0,
        0,
        0,
        0,
        0,
        0
      ],
      "parameters": {
        "size": "100000",
        "type": "renoir"
      }
    },
    {
      "command": "./flowunits -r config_renoir.toml -- 1000000",
      "mean": 0.23795741575000004,
      "stddev": 0.006664735299399073,
      "median": 0.23455127050000002,
      "user": 0.09414169666666666,
      "system": 0.009476739999999999,
      "min": 0.23154518600000001,
      "max": 0.25068198,
      "times": [
        0.24070186200000002,
        0.23154518600000001,
        0.23262258400000002,
        0.247658799,
        0.23333366500000002,
        0.23353579400000002,
        0.235000607,
        0.25068198,
        0.232158465,
        0.238653046,
        0.234101934,
        0.245495067
      ],
      "exit_codes": [
        0,
        0,
        0,
        0,
        0,
        0,
        0,
        0,
        0,
        0,
        0,
        0
      ],
      "parameters": {
        "size": "1000000",
        "type": "renoir"
      }
    },
    {
      "command": "./flowunits -r config_renoir.toml -- 10000000",
      "mean": 0.41167417530000006,
      "stddev": 0.00582691785819522,
      "median": 0.41006205400000006,
      "user": 0.09075177999999999,
      "system": 0.009553740000000002,
      "min": 0.40560738200000007,
      "max": 0.42439471100000004,
      "times": [
        0.40998252500000004,
        0.42439471100000004,
        0.4116747740000001,
        0.40950342700000003,
        0.41014158300000003,
        0.40744709700000004,
        0.40560738200000007,
        0.40729770700000006,
        0.41941111000000003,
        0.411281437
      ],
      "exit_codes": [
        0,
        0,
        0,
        0,
        0,
        0,
        0,
        0,
        0,
        0
      ],
      "parameters": {
        "size": "10000000",
        "type": "renoir"
      }
    }
  ]
}
