{
  "results": [
    {
      "command": "./flowunits -r config_flowunits.toml -- 100000",
      "mean": 0.25566466694181816,
      "stddev": 0.00548971998972184,
      "median": 0.25679278876,
      "user": 0.09654761818181817,
      "system": 0.010081101818181818,
      "min": 0.24073676376000003,
      "max": 0.26213365976,
      "times": [
        0.25457886276,
        0.24073676376000003,
        0.25581992776,
        0.25893073176000003,
        0.26213365976,
        0.25377681076,
        0.25704899776,
        0.25679278876,
        0.25519818176000003,
        0.25849412376,
        0.25880048776000003
      ],
      "exit_codes": [
        0,
        0,
        0,
        0,
        0,
        0,
        0,
        0,
        0,
        0,
        0
      ],
      "parameters": {
        "size": "100000",
        "type": "flowunits"
      }
    },
    {
      "command": "./flowunits -r config_flowunits.toml -- 1000000",
      "mean": 0.63095121306,
      "stddev": 0.010625415113723143,
      "median": 0.6353293017599999,
      "user": 0.08345620000000001,
      "system": 0.00660492,
      "min": 0.61564419276,
      "max": 0.64578532076,
      "times": [
        0.6246661247599999,
        0.64578532076,
        0.63682411076,
        0.63576372476,
        0.62108197476,
        0.64175716776,
        0.61664594776,
        0.63644868776,
        0.63489487876,
        0.61564419276
      ],
      "exit_codes": [
        0,
        0,
        0,
        0,
        0,
        0,
        0,
        0,
        0,
        0
      ],
      "parameters": {
        "size": "1000000",
        "type": "flowunits"
      }
    },
    {
      "command": "./flowunits -r config_flowunits.toml -- 10000000",
      "mean": 4.4117404772599995,
      "stddev": 0.007223475353243402,
      "median": 4.412208935760001,
      "user": 0.0849583,
      "system": 0.00846162,
      "min": 4.39987262076,
      "max": 4.42186575376,
      "times": [
        4.40257281176,
        4.39987262076,
        4.41027637376,
        4.4102629677600005,
        4.40602558376,
        4.41656808776,
        4.41801454776,
        4.41780452776,
        4.41414149776,
        4.42186575376
      ],
      "exit_codes": [
        0,
        0,
        0,
        0,
        0,
        0,
        0,
        0,
        0,
        0
      ],
      "parameters": {
        "size": "10000000",
        "type": "flowunits"
      }
    },
    {
      "command": "./flowunits -r config_renoir.toml -- 100000",
      "mean": 0.46418925295999997,
      "stddev": 0.00799358467550916,
      "median": 0.46305167526,
      "user": 0.09007910000000001,
      "system": 0.0077452200000000014,
      "min": 0.45279406776000003,
      "max": 0.47800622676000004,
      "times": [
        0.46577568576000006,
        0.46249283876,
        0.45792203976000007,
        0.46361051176000007,
        0.47560427876000005,
        0.47800622676000004,
        0.45279406776000003,
        0.45751798376,
        0.45993237376000007,
        0.46823652276000005
      ],
      "exit_codes": [
        0,
        0,
        0,
        0,
        0,
        0,
        0,
        0,
        0,
        0
      ],
      "parameters": {
        "size": "100000",
        "type": "renoir"
      }
    },
    {
      "command": "./flowunits -r config_renoir.toml -- 1000000",
      "mean": 2.5256870841600003,
      "stddev": 0.05529036323832086,
      "median": 2.55291038576,
      "user": 0.0910535,
      "system": 0.007078720000000001,
      "min": 2.42285502376,
      "max": 2.56721866076,
      "times": [
        2.55232741876,
        2.56679471976,
        2.42285502376,
        2.54125517676,
        2.4982812077600003,
        2.5534933527600003,
        2.56721866076,
        2.4332652067600002,
        2.56595861176,
        2.55542146276
      ],
      "exit_codes": [
        0,
        0,
        0,
        0,
        0,
        0,
        0,
        0,
        0,
        0
      ],
      "parameters": {
        "size": "1000000",
        "type": "renoir"
      }
    },
    {
      "command": "./flowunits -r config_renoir.toml -- 10000000",
      "mean": 21.517955439159998,
      "stddev": 0.4069291560342409,
      "median": 21.67413092876,
      "user": 0.0952653,
      "system": 0.00790992,
      "min": 20.943221090759998,
      "max": 22.03481509276,
      "times": [
        21.73503538676,
        22.03481509276,
        21.718335235759998,
        21.813741735759997,
        20.970157393759997,
        21.62992662176,
        21.800448058759997,
        21.582888085759997,
        20.95098568976,
        20.943221090759998
      ],
      "exit_codes": [
        0,
        0,
        0,
        0,
        0,
        0,
        0,
        0,
        0,
        0
      ],
      "parameters": {
        "size": "10000000",
        "type": "renoir"
      }
    }
  ]
}
