{
  "results": [
    {
      "command": "./flowunits -r config_flowunits.toml -- 100000",
      "mean": 0.21487693907384622,
      "stddev": 0.0020142554160417817,
      "median": 0.21455245792000002,
      "user": 0.09697455692307691,
      "system": 0.007926792307692308,
      "min": 0.21102971192,
      "max": 0.21826711292,
      "times": [
        0.21659439092000002,
        0.21304722892,
        0.21462735792,
        0.21437135892,
        0.21455245792000002,
        0.21334728092000002,
        0.21570350292,
        0.21444829292,
        0.21811733292000002,
        0.21826711292,
        0.21368298892,
        0.21102971192,
        0.21561118992
      ],
      "exit_codes": [
        0,
        0,
        0,
        0,
        0,
        0,
        0,
        0,
        0,
        0,
        0,
        0,
        0
      ],
      "parameters": {
        "size": "100000",
        "type": "flowunits"
      }
    },
    {
      "command": "./flowunits -r config_flowunits.toml -- 1000000",
      "mean": 0.21930825068923074,
      "stddev": 0.0020495631508560186,
      "median": 0.21950090392000002,
      "user": 0.09018771076923075,
      "system": 0.0069354846153846135,
      "min": 0.21587658692,
      "max": 0.22244498692,
      "times": [
        0.21901433292,
        0.22224866892,
        0.21950090392000002,
        0.22010935292,
        0.21691469092000001,
        0.21921160292,
        0.21800219692,
        0.22124397692,
        0.22244498692,
        0.21587658692,
        0.21658705692000002,
        0.22002948392000002,
        0.21982341792
      ],
      "exit_codes": [
        0,
        0,
        0,
        0,
        0,
        0,
        0,
        0,
        0,
        0,
        0,
        0,
        0
      ],
      "parameters": {
        "size": "1000000",
        "type": "flowunits"
      }
    },
    {
      "command": "./flowunits -r config_flowunits.toml -- 10000000",
      "mean": 0.28048714462,
      "stddev": 0.0018525051289492139,
      "median": 0.28094638142000006,
      "user": 0.09577608,
      "system": 0.0062870999999999995,
      "min": 0.27760662792,
      "max": 0.28392063092000003,
      "times": [
        0.28107243692000006,
        0.27928498092000004,
        0.28130365992000006,
        0.28140418892,
        0.27760662792,
        0.27949097592000005,
        0.27826708492,
        0.28082032592000006,
        0.28170053392000005,
        0.28392063092000003
      ],
      "exit_codes": [
        0,
        0,
        0,
        0,
        0,
        0,
        0,
        0,
        0,
        0
      ],
      "parameters": {
        "size": "10000000",
        "type": "flowunits"
      }
    },
    {
      "command": "./flowunits -r config_renoir.toml -- 100000",
      "mean": 0.2304043829969231,
      "stddev": 0.0109864413048448,
      "median": 0.22689604192,
      "user": 0.08821048000000001,
      "system": 0.008872792307692308,
      "min": 0.21749665092,
      "max": 0.25148454392,
      "times": [
        0.22339195992000002,
        0.21749665092,
        0.22064417392000002,
        0.22042279992000002,
        0.22651214292000002,
        0.23143556092,
        0.25148454392,
        0.22696019092,
        0.24161546392000002,
        0.22211722292000002,
        0.23900336192000002,
        0.22689604192,
        0.24727686492
      ],
      "exit_codes": [
        0,
        0,
        0,
        0,
        0,
        0,
        0,
        0,
        0,
        0,
        0,
        0,
        0
      ],
      "parameters": {
        "size": "100000",
        "type": "renoir"
      }
    },
    {
      "command": "./flowunits -r config_renoir.toml -- 1000000",
      "mean": 0.23477137883666668,
      "stddev": 0.007275839510863678,
      "median": 0.23019636092,
      "user": 0.09287248,
      "system": 0.008158933333333332,
      "min": 0.22779968292000002,
      "max": 0.24776403692,
      "times": [
        0.23956700792000002,
        0.24059466292,
        0.24776403692,
        0.22779968292000002,
        0.22984665692,
        0.22985546292,
        0.22869400792000003,
        0.24516061192000002,
        0.22999614592,
        0.22783939792000002,
        0.23974229592000001,
        0.23039657592
      ],
      "exit_codes": [
        0,
        0,
        0,
        0,
        0,
        0,
        0,
        0,
        0,
        0,
        0,
        0
      ],
      "parameters": {
        "size": "1000000",
        "type": "renoir"
      }
    },
    {
      "command": "./flowunits -r config_renoir.toml -- 10000000",
      "mean": 0.2719873141927273,
      "stddev": 0.009483432271667239,
      "median": 0.26941384592000006,
      "user": 0.08057184363636362,
      "system": 0.007975372727272726,
      "min": 0.25596621492000005,
      "max": 0.28799636192000005,
      "times": [
        0.26941384592000006,
        0.27982762592000004,
        0.27636882992000006,
        0.25596621492000005,
        0.28213767192000005,
        0.26748265992000003,
        0.28799636192000005,
        0.26712165392000004,
        0.26126275392000003,
        0.27644483192,
        0.26783800592000007
      ],
      "exit_codes": [
        0,
        0,
        0,
        0,
        0,
        0,
        0,
        0,
        0,
        0,
        0
      ],
      "parameters": {
        "size": "10000000",
        "type": "renoir"
      }
    }
  ]
}
