{
  "results": [
    {
      "command": "./flowunits -r config_flowunits.toml -- 100000",
      "mean": 0.21209574689384617,
      "stddev": 0.002689359969415895,
      "median": 0.21166653174,
      "user": 0.0887209369230769,
      "system": 0.006146364615384615,
      "min": 0.20805109074,
      "max": 0.21580225574,
      "times": [
        0.21527245374,
        0.21144915374,
        0.21580225574,
        0.20857160474,
        0.21105046674,
        0.21450821174,
        0.21543038874,
        0.21012698774,
        0.21377350674,
        0.21240626574,
        0.20805109074,
        0.20913579174,
        0.21166653174
      ],
      "exit_codes": [
        0,
        0,
        0,
        0,
        0,
        0,
        0,
        0,
        0,
        0,
        0,
        0,
        0
      ],
      "parameters": {
        "size": "100000",
        "type": "flowunits"
      }
    },
    {
      "command": "./flowunits -r config_flowunits.toml -- 1000000",
      "mean": 0.21804330320153847,
      "stddev": 0.0025026605198193775,
      "median": 0.21842093874000001,
      "user": 0.09635355230769231,
      "system": 0.00738574923076923,
      "min": 0.21468356074,
      "max": 0.22288734374,
      "times": [
        0.22288734374,
        0.21876984374,
        0.21945517574,
        0.21555504274,
        0.21548133474,
        0.22016362274,
        0.22062231174,
        0.21468356074,
        0.21623361374,
        0.21508479274,
        0.21842093874000001,
        0.21937324374,
        0.21783211674
      ],
      "exit_codes": [
        0,
        0,
        0,
        0,
        0,
        0,
        0,
        0,
        0,
        0,
        0,
        0,
        0
      ],
      "parameters": {
        "size": "1000000",
        "type": "flowunits"
      }
    },
    {
      "command": "./flowunits -r config_flowunits.toml -- 10000000",
      "mean": 0.27920594014,
      "stddev": 0.0016520301040394195,
      "median": 0.27924791074,
      "user": 0.10959815999999997,
      "system": 0.00881968,
      "min": 0.27686454274,
      "max": 0.28237617374,
      "times": [
        0.27923424974,
        0.28237617374,
        0.27686454274,
        0.27947015274000003,
        0.27868298774,
        0.27813193574,
        0.27730455574,
        0.27926157174,
        0.27958557774,
        0.28114765374
      ],
      "exit_codes": [
        0,
        0,
        0,
        0,
        0,
        0,
        0,
        0,
        0,
        0
      ],
      "parameters": {
        "size": "10000000",
        "type": "flowunits"
      }
    },
    {
      "command": "./flowunits -r config_renoir.toml -- 100000",
      "mean": 0.23910311182333333,
      "stddev": 0.00642349983783963,
      "median": 0.23810578674,
      "user": 0.08373969333333331,
      "system": 0.009025563333333333,
      "min": 0.22955730374,
      "max": 0.24888521774,
      "times": [
        0.24336183474,
        0.23563665774,
        0.24888521774,
        0.24194411974,
        0.23732299574000001,
        0.24748507574,
        0.22955730374,
        0.23888857774,
        0.23401291674,
        0.23147845074,
        0.24617589374,
        0.23448829774
      ],
      "exit_codes": [
        0,
        0,
        0,
        0,
        0,
        0,
        0,
        0,
        0,
        0,
        0,
        0
      ],
      "parameters": {
        "size": "100000",
        "type": "renoir"
      }
    },
    {
      "command": "./flowunits -r config_renoir.toml -- 1000000",
      "mean": 0.42855255344000004,
      "stddev": 0.004359072154447397,
      "median": 0.42806991824,
      "user": 0.11126715999999999,
      "system": 0.00791648,
      "min": 0.42248518574,
      "max": 0.43620324474,
      "times": [
        0.43182102774000003,
        0.42625290074,
        0.43249842674,
        0.42248518574,
        0.42808513174,
        0.43091464074,
        0.42646474774000004,
        0.42805470474,
        0.43620324474,
        0.42274552374
      ],
      "exit_codes": [
        0,
        0,
        0,
        0,
        0,
        0,
        0,
        0,
        0,
        0
      ],
      "parameters": {
        "size": "1000000",
        "type": "renoir"
      }
    },
    {
      "command": "./flowunits -r config_renoir.toml -- 10000000",
      "mean": 2.3786620992400005,
      "stddev": 0.014209142962591442,
      "median": 2.3809191277400004,
      "user": 0.08094596,
      "system": 0.010936280000000001,
      "min": 2.3419792697400004,
      "max": 2.39283976474,
      "times": [
        2.38787383374,
        2.37983927974,
        2.39283976474,
        2.37261420074,
        2.38737079374,
        2.38199897574,
        2.3862249017400003,
        2.3790417237400003,
        2.3768382487400004,
        2.3419792697400004
      ],
      "exit_codes": [
        0,
        0,
        0,
        0,
        0,
        0,
        0,
        0,
        0,
        0
      ],
      "parameters": {
        "size": "10000000",
        "type": "renoir"
      }
    }
  ]
}
