{
  "results": [
    {
      "command": "./flowunits -r config_flowunits.toml -- 100000",
      "mean": 0.21177851297384617,
      "stddev": 0.004834486197158152,
      "median": 0.21243085382000002,
      "user": 0.09204830307692305,
      "system": 0.007277213846153845,
      "min": 0.19779918282,
      "max": 0.21685987782000002,
      "times": [
        0.21422140682000002,
        0.21240000682000001,
        0.19779918282,
        0.21685987782000002,
        0.20755339982,
        0.21488329682,
        0.21062967082,
        0.21449022082000002,
        0.21187708682,
        0.21243085382000002,
        0.21445972282,
        0.21465057082000003,
        0.21086537182
      ],
      "exit_codes": [
        0,
        0,
        0,
        0,
        0,
        0,
        0,
        0,
        0,
        0,
        0,
        0,
        0
      ],
      "parameters": {
        "size": "100000",
        "type": "flowunits"
      }
    },
    {
      "command": "./flowunits -r config_flowunits.toml -- 1000000",
      "mean": 0.21924557097384617,
      "stddev": 0.002564673721599388,
      "median": 0.22007706182,
      "user": 0.09187291846153843,
      "system": 0.006970521538461538,
      "min": 0.21475726082000002,
      "max": 0.22312146482,
      "times": [
        0.22054037082000003,
        0.21752244782000002,
        0.21475726082000002,
        0.22246175882000002,
        0.21768216782000002,
        0.22076795682,
        0.21632907382000002,
        0.22312146482,
        0.22112907282000002,
        0.22099591382,
        0.21656135882000002,
        0.22007706182,
        0.21824651382000002
      ],
      "exit_codes": [
        0,
        0,
        0,
        0,
        0,
        0,
        0,
        0,
        0,
        0,
        0,
        0,
        0
      ],
      "parameters": {
        "size": "1000000",
        "type": "flowunits"
      }
    },
    {
      "command": "./flowunits -r config_flowunits.toml -- 10000000",
      "mean": 0.27786096412000005,
      "stddev": 0.003157364912578146,
      "median": 0.27767600432000006,
      "user": 0.09807957999999999,
      "system": 0.00636986,
      "min": 0.27174781782,
      "max": 0.28180906982000004,
      "times": [
        0.27570422682,
        0.27757541082000003,
        0.28180906982000004,
        0.28130449482000003,
        0.27777659782,
        0.28030992282,
        0.28006598582000003,
        0.27748189682,
        0.27483421782,
        0.27174781782
      ],
      "exit_codes": [
        0,
        0,
        0,
        0,
        0,
        0,
        0,
        0,
        0,
        0
      ],
      "parameters": {
        "size": "10000000",
        "type": "flowunits"
      }
    },
    {
      "command": "./flowunits -r config_renoir.toml -- 100000",
      "mean": 0.2240967607366667,
      "stddev": 0.00930056194562782,
      "median": 0.22068134482,
      "user": 0.10807179666666666,
      "system": 0.007048976666666665,
      "min": 0.21681389182000002,
      "max": 0.24653329882000002,
      "times": [
        0.24653329882000002,
        0.22135239182000002,
        0.21865905782,
        0.21743741882,
        0.21925090582,
        0.22001029782,
        0.22385610982,
        0.22193080482000002,
        0.23961560282000002,
        0.21887036282000003,
        0.22483098582000002,
        0.21681389182000002
      ],
      "exit_codes": [
        0,
        0,
        0,
        0,
        0,
        0,
        0,
        0,
        0,
        0,
        0,
        0
      ],
      "parameters": {
        "size": "100000",
        "type": "renoir"
      }
    },
    {
      "command": "./flowunits -r config_renoir.toml -- 1000000",
      "mean": 0.23162155140333338,
      "stddev": 0.005884622459487634,
      "median": 0.22977143232000002,
      "user": 0.09060529666666665,
      "system": 0.008801226666666665,
      "min": 0.22438970882,
      "max": 0.24609850382,
      "times": [
        0.24609850382,
        0.23164598782,
        0.23950096882000002,
        0.23114214482,
        0.22438970882,
        0.23390214282000002,
        0.22890177882,
        0.22947383982000003,
        0.22840159182,
        0.23006902482000002,
        0.22803890282,
        0.22789402182000001
      ],
      "exit_codes": [
        0,
        0,
        0,
        0,
        0,
        0,
        0,
        0,
        0,
        0,
        0,
        0
      ],
      "parameters": {
        "size": "1000000",
        "type": "renoir"
      }
    },
    {
      "command": "./flowunits -r config_renoir.toml -- 10000000",
      "mean": 0.28961041352000005,
      "stddev": 0.007905468453097477,
      "median": 0.28688661332,
      "user": 0.08449238,
      "system": 0.00888536,
      "min": 0.28209112782,
      "max": 0.30617082282,
      "times": [
        0.28209112782,
        0.28401693382000004,
        0.28840699582,
        0.28844421582,
        0.28286304382,
        0.28524800982000004,
        0.30617082282,
        0.29930905282000003,
        0.28536623082,
        0.29418770182000004
      ],
      "exit_codes": [
        0,
        0,
        0,
        0,
        0,
        0,
        0,
        0,
        0,
        0
      ],
      "parameters": {
        "size": "10000000",
        "type": "renoir"
      }
    }
  ]
}
