{
  "results": [
    {
      "command": "./flowunits -r config_flowunits.toml -- 100000",
      "mean": 0.2133659198323077,
      "stddev": 0.0023371022870683445,
      "median": 0.21373007714,
      "user": 0.08381347384615385,
      "system": 0.007784576923076924,
      "min": 0.20879863314,
      "max": 0.21642364014,
      "times": [
        0.21504920814,
        0.21154201014000001,
        0.21450410614,
        0.21261976814,
        0.21380140014000001,
        0.21584997714,
        0.20879863314,
        0.21261721314,
        0.21335412314,
        0.21642364014,
        0.21585340314,
        0.21373007714,
        0.20961339814
      ],
      "exit_codes": [
        0,
        0,
        0,
        0,
        0,
        0,
        0,
        0,
        0,
        0,
        0,
        0,
        0
      ],
      "parameters": {
        "size": "100000",
        "type": "flowunits"
      }
    },
    {
      "command": "./flowunits -r config_flowunits.toml -- 1000000",
      "mean": 0.21834597164000003,
      "stddev": 0.0029784851368553087,
      "median": 0.21862615064000002,
      "user": 0.09148346285714283,
      "system": 0.008605928571428573,
      "min": 0.21322780614,
      "max": 0.22423333514000002,
      "times": [
        0.21322780614,
        0.21990786614,
        0.21835866514,
        0.22423333514000002,
        0.22053142314000002,
        0.21716234414,
        0.22149815314000001,
        0.21964896114000002,
        0.21447298914000001,
        0.21422493414,
        0.21780390614,
        0.21889363614000001,
        0.21753812814,
        0.21934145514
      ],
      "exit_codes": [
        0,
        0,
        0,
        0,
        0,
        0,
        0,
        0,
        0,
        0,
        0,
        0,
        0,
        0
      ],
      "parameters": {
        "size": "1000000",
        "type": "flowunits"
      }
    },
    {
      "command": "./flowunits -r config_flowunits.toml -- 10000000",
      "mean": 0.27897224654,
      "stddev": 0.0021531791372582693,
      "median": 0.27874105064000004,
      "user": 0.11467981999999999,
      "system": 0.0086278,
      "min": 0.27646690714000005,
      "max": 0.28370574214000005,
      "times": [
        0.28053810014,
        0.27745473714,
        0.27677470414000005,
        0.27909356614,
        0.27769799214,
        0.28370574214000005,
        0.27838853514000006,
        0.27957101914000004,
        0.28003116214,
        0.27646690714000005
      ],
      "exit_codes": [
        0,
        0,
        0,
        0,
        0,
        0,
        0,
        0,
        0,
        0
      ],
      "parameters": {
        "size": "10000000",
        "type": "flowunits"
      }
    },
    {
      "command": "./flowunits -r config_renoir.toml -- 100000",
      "mean": 0.40608528434,
      "stddev": 0.012073615611342478,
      "median": 0.4069622501400001,
      "user": 0.08902531999999999,
      "system": 0.0074925999999999994,
      "min": 0.38038458314000007,
      "max": 0.42378408914000004,
      "times": [
        0.38038458314000007,
        0.40885970214000006,
        0.40117544414000006,
        0.41535408614,
        0.42378408914000004,
        0.39646796014,
        0.41028595514000005,
        0.41616443114000007,
        0.40506479814000007,
        0.40331179414000007
      ],
      "exit_codes": [
        0,
        0,
        0,
        0,
        0,
        0,
        0,
        0,
        0,
        0
      ],
      "parameters": {
        "size": "100000",
        "type": "renoir"
      }
    },
    {
      "command": "./flowunits -r config_renoir.toml -- 1000000",
      "mean": 2.38611938424,
      "stddev": 0.016252633017758478,
      "median": 2.3924918486399998,
      "user": 0.09126002,
      "system": 0.0077299000000000005,
      "min": 2.3596374771399997,
      "max": 2.40208619514,
      "times": [
        2.3902898761399998,
        2.39939025614,
        2.37725270314,
        2.40208619514,
        2.40006840814,
        2.3946938211399997,
        2.37861146714,
        2.36035903814,
        2.3596374771399997,
        2.39880460014
      ],
      "exit_codes": [
        0,
        0,
        0,
        0,
        0,
        0,
        0,
        0,
        0,
        0
      ],
      "parameters": {
        "size": "1000000",
        "type": "renoir"
      }
    },
    {
      "command": "./flowunits -r config_renoir.toml -- 10000000",
      "mean": 21.95853176274,
      "stddev": 0.06605393588326372,
      "median": 21.961892740640003,
      "user": 0.08138951999999998,
      "system": 0.008097200000000002,
      "min": 21.87896352014,
      "max": 22.05564887214,
      "times": [
        22.021712551140002,
        22.021464367140002,
        21.890373733140002,
        22.05564887214,
        21.99426672214,
        21.994746658140002,
        21.914526624140002,
        21.929518759140002,
        21.88409582014,
        21.87896352014
      ],
      "exit_codes": [
        0,
        0,
        0,
        0,
        0,
        0,
        0,
        0,
        0,
        0
      ],
      "parameters": {
        "size": "10000000",
        "type": "renoir"
      }
    }
  ]
}
