{
  "results": [
    {
      "command": "./flowunits -r config_flowunits.toml -- 100000",
      "mean": 0.2124496499923077,
      "stddev": 0.0031288123324039237,
      "median": 0.2137927823,
      "user": 0.08473694615384615,
      "system": 0.007472010769230769,
      "min": 0.20782250330000002,
      "max": 0.21640272030000002,
      "times": [
        0.21581049130000002,
        0.2149764493,
        0.20952069230000003,
        0.21525161530000003,
        0.2137927823,
        0.20884957530000003,
        0.21075327130000002,
        0.21510428930000003,
        0.20829517830000002,
        0.21116488130000002,
        0.21640272030000002,
        0.20782250330000002,
        0.2141010003
      ],
      "exit_codes": [
        0,
        0,
        0,
        0,
        0,
        0,
        0,
        0,
        0,
        0,
        0,
        0,
        0
      ],
      "parameters": {
        "size": "100000",
        "type": "flowunits"
      }
    },
    {
      "command": "./flowunits -r config_flowunits.toml -- 1000000",
      "mean": 0.21922649091538468,
      "stddev": 0.0016966952202252643,
      "median": 0.21879257530000001,
      "user": 0.11112133076923077,
      "system": 0.007673703076923077,
      "min": 0.21714303630000004,
      "max": 0.22204925330000003,
      "times": [
        0.22124788330000003,
        0.21759947030000001,
        0.2199871623,
        0.21727024530000003,
        0.21797777930000004,
        0.21714303630000004,
        0.22042331930000003,
        0.21835497530000003,
        0.22173101830000003,
        0.21829869030000001,
        0.22204925330000003,
        0.21879257530000001,
        0.21906897330000002
      ],
      "exit_codes": [
        0,
        0,
        0,
        0,
        0,
        0,
        0,
        0,
        0,
        0,
        0,
        0,
        0
      ],
      "parameters": {
        "size": "1000000",
        "type": "flowunits"
      }
    },
    {
      "command": "./flowunits -r config_flowunits.toml -- 10000000",
      "mean": 0.2789356348,
      "stddev": 0.0025189164429793294,
      "median": 0.2783680678,
      "user": 0.11298060000000001,
      "system": 0.00829208,
      "min": 0.2755384903,
      "max": 0.2847472233,
      "times": [
        0.2847472233,
        0.2779448753,
        0.2791872623,
        0.2786213823,
        0.2781147533,
        0.2755384903,
        0.2777913173,
        0.2805357373,
        0.2767634333,
        0.2801118733
      ],
      "exit_codes": [
        0,
        0,
        0,
        0,
        0,
        0,
        0,
        0,
        0,
        0
      ],
      "parameters": {
        "size": "10000000",
        "type": "flowunits"
      }
    },
    {
      "command": "./flowunits -r config_renoir.toml -- 100000",
      "mean": 0.22639572860769233,
      "stddev": 0.007959839790511507,
      "median": 0.22155116130000002,
      "user": 0.09233256153846153,
      "system": 0.008433933846153846,
      "min": 0.21901424030000002,
      "max": 0.24128965430000002,
      "times": [
        0.22236020630000003,
        0.23169100030000003,
        0.2207467043,
        0.22155116130000002,
        0.22088371030000004,
        0.24128965430000002,
        0.22029452830000001,
        0.21980293730000003,
        0.22153106330000003,
        0.23144220330000004,
        0.24008548830000004,
        0.21901424030000002,
        0.23245157430000002
      ],
      "exit_codes": [
        0,
        0,
        0,
        0,
        0,
        0,
        0,
        0,
        0,
        0,
        0,
        0,
        0
      ],
      "parameters": {
        "size": "100000",
        "type": "renoir"
      }
    },
    {
      "command": "./flowunits -r config_renoir.toml -- 1000000",
      "mean": 0.24425463463333338,
      "stddev": 0.007435791619083389,
      "median": 0.24128214030000003,
      "user": 0.07598885,
      "system": 0.009169946666666666,
      "min": 0.23674602530000002,
      "max": 0.26014977229999997,
      "times": [
        0.24108371830000003,
        0.24040808330000002,
        0.24121348230000003,
        0.2428232053,
        0.24027212830000003,
        0.26014977229999997,
        0.23674602530000002,
        0.2592928673,
        0.24135079830000003,
        0.24368914730000002,
        0.24306417730000002,
        0.24096221030000003
      ],
      "exit_codes": [
        0,
        0,
        0,
        0,
        0,
        0,
        0,
        0,
        0,
        0,
        0,
        0
      ],
      "parameters": {
        "size": "1000000",
        "type": "renoir"
      }
    },
    {
      "command": "./flowunits -r config_renoir.toml -- 10000000",
      "mean": 0.43768601710000005,
      "stddev": 0.008434802812757526,
      "median": 0.43627641130000006,
      "user": 0.0864383,
      "system": 0.00816068,
      "min": 0.4255829063,
      "max": 0.45672814030000003,
      "times": [
        0.4360487853,
        0.43650403730000004,
        0.4255829063,
        0.4343296063,
        0.4330315353,
        0.4367267953,
        0.4463125953,
        0.45672814030000003,
        0.4333740453,
        0.4382217243
      ],
      "exit_codes": [
        0,
        0,
        0,
        0,
        0,
        0,
        0,
        0,
        0,
        0
      ],
      "parameters": {
        "size": "10000000",
        "type": "renoir"
      }
    }
  ]
}
