{
  "results": [
    {
      "command": "./flowunits -r config_flowunits.toml -- 100000",
      "mean": 0.21400296743538463,
      "stddev": 0.0025281830748718043,
      "median": 0.21415171882,
      "user": 0.09123248153846154,
      "system": 0.008456123076923077,
      "min": 0.21021592882,
      "max": 0.21920433082000002,
      "times": [
        0.21571168982,
        0.21415171882,
        0.21441821882,
        0.21588173882,
        0.21307424182,
        0.21276543282000002,
        0.21253695482,
        0.21598651482,
        0.21039441382000001,
        0.21573465282,
        0.21021592882,
        0.21920433082000002,
        0.21196273982
      ],
      "exit_codes": [
        0,
        0,
        0,
        0,
        0,
        0,
        0,
        0,
        0,
        0,
        0,
        0,
        0
      ],
      "parameters": {
        "size": "100000",
        "type": "flowunits"
      }
    },
    {
      "command": "./flowunits -r config_flowunits.toml -- 1000000",
      "mean": 0.2190196608969231,
      "stddev": 0.0020332220474906138,
      "median": 0.21885161982,
      "user": 0.10622417384615385,
      "system": 0.006536507692307691,
      "min": 0.21561232382,
      "max": 0.22163319982000002,
      "times": [
        0.22163319982000002,
        0.21839082782,
        0.21868052882,
        0.21870192882,
        0.21593560982,
        0.21682375282,
        0.21910611682,
        0.21960503082000002,
        0.21561232382,
        0.22098638782000002,
        0.22157666282000002,
        0.22135160182,
        0.21885161982
      ],
      "exit_codes": [
        0,
        0,
        0,
        0,
        0,
        0,
        0,
        0,
        0,
        0,
        0,
        0,
        0
      ],
      "parameters": {
        "size": "1000000",
        "type": "flowunits"
      }
    },
    {
      "command": "./flowunits -r config_flowunits.toml -- 10000000",
      "mean": 0.27861710982000004,
      "stddev": 0.002536718586531162,
      "median": 0.27919677932000003,
      "user": 0.10603901999999998,
      "system": 0.006078,
      "min": 0.27269309582,
      "max": 0.28246877082,
      "times": [
        0.27927473982,
        0.28010744982,
        0.27916975382000003,
        0.27788389582,
        0.27269309582,
        0.27812720182,
        0.27922380482000003,
        0.28246877082,
        0.28000411582,
        0.27721826982000003
      ],
      "exit_codes": [
        0,
        0,
        0,
        0,
        0,
        0,
        0,
        0,
        0,
        0
      ],
      "parameters": {
        "size": "10000000",
        "type": "flowunits"
      }
    },
    {
      "command": "./flowunits -r config_renoir.toml -- 100000",
      "mean": 0.23418856465333338,
      "stddev": 0.006910773784912993,
      "median": 0.23090250682000002,
      "user": 0.10066235333333333,
      "system": 0.009859366666666666,
      "min": 0.22892711782,
      "max": 0.24772681282,
      "times": [
        0.23083499082,
        0.22918573182000002,
        0.22900138682,
        0.23413047182000002,
        0.22892711782,
        0.22988116482,
        0.24751974482,
        0.23097002282,
        0.23926397382,
        0.24772681282,
        0.23011286882,
        0.23270848882
      ],
      "exit_codes": [
        0,
        0,
        0,
        0,
        0,
        0,
        0,
        0,
        0,
        0,
        0,
        0
      ],
      "parameters": {
        "size": "100000",
        "type": "renoir"
      }
    },
    {
      "command": "./flowunits -r config_renoir.toml -- 1000000",
      "mean": 0.4258698149200001,
      "stddev": 0.006997126007510682,
      "median": 0.42688316581999997,
      "user": 0.08449712000000001,
      "system": 0.007083399999999999,
      "min": 0.41283039982,
      "max": 0.43466141082000004,
      "times": [
        0.42846685182,
        0.43466141082000004,
        0.42403060382,
        0.42529947982,
        0.41875578582,
        0.43131605682,
        0.41283039982,
        0.42030552882,
        0.42953164482,
        0.43350038682
      ],
      "exit_codes": [
        0,
        0,
        0,
        0,
        0,
        0,
        0,
        0,
        0,
        0
      ],
      "parameters": {
        "size": "1000000",
        "type": "renoir"
      }
    },
    {
      "command": "./flowunits -r config_renoir.toml -- 10000000",
      "mean": 2.3821441693199996,
      "stddev": 0.006138643693839877,
      "median": 2.37990064382,
      "user": 0.09421862,
      "system": 0.0091154,
      "min": 2.37313670882,
      "max": 2.39079040782,
      "times": [
        2.37623259882,
        2.3796819948200003,
        2.37991395882,
        2.37988732882,
        2.38817286582,
        2.38709897382,
        2.39079040782,
        2.38912763482,
        2.37739922082,
        2.37313670882
      ],
      "exit_codes": [
        0,
        0,
        0,
        0,
        0,
        0,
        0,
        0,
        0,
        0
      ],
      "parameters": {
        "size": "10000000",
        "type": "renoir"
      }
    }
  ]
}
