{
  "results": [
    {
      "command": "./flowunits -r config_flowunits.toml -- 100000",
      "mean": 0.21445770602307693,
      "stddev": 0.0020274376556645548,
      "median": 0.2152281151,
      "user": 0.09009471076923076,
      "system": 0.00813486,
      "min": 0.2105999091,
      "max": 0.21609556010000003,
      "times": [
        0.21559683610000002,
        0.21601984810000002,
        0.2152281151,
        0.21502222010000002,
        0.2160340551,
        0.2105999091,
        0.21592787610000003,
        0.21371547310000003,
        0.21125760010000003,
        0.21504819910000003,
        0.2159586531,
        0.21609556010000003,
        0.2114458331
      ],
      "exit_codes": [
        0,
        0,
        0,
        0,
        0,
        0,
        0,
        0,
        0,
        0,
        0,
        0,
        0
      ],
      "parameters": {
        "size": "100000",
        "type": "flowunits"
      }
    },
    {
      "command": "./flowunits -r config_flowunits.toml -- 1000000",
      "mean": 0.2187966366714286,
      "stddev": 0.002801056826084337,
      "median": 0.2193564966,
      "user": 0.09526676571428572,
      "system": 0.006792502857142856,
      "min": 0.21312666010000003,
      "max": 0.22207784310000003,
      "times": [
        0.21312666010000003,
        0.21889969110000002,
        0.2200184061,
        0.22049964710000003,
        0.2138536621,
        0.2213394901,
        0.21949510610000003,
        0.22101220710000002,
        0.2192178871,
        0.22207784310000003,
        0.21874964010000003,
        0.22165695510000002,
        0.21704800010000003,
        0.2161577181
      ],
      "exit_codes": [
        0,
        0,
        0,
        0,
        0,
        0,
        0,
        0,
        0,
        0,
        0,
        0,
        0,
        0
      ],
      "parameters": {
        "size": "1000000",
        "type": "flowunits"
      }
    },
    {
      "command": "./flowunits -r config_flowunits.toml -- 10000000",
      "mean": 0.2793817673,
      "stddev": 0.002334902355993922,
      "median": 0.27874319410000004,
      "user": 0.08927578,
      "system": 0.008226674,
      "min": 0.2767833131,
      "max": 0.2833484971,
      "times": [
        0.2816178271,
        0.2826832221,
        0.2788442231,
        0.2767833131,
        0.2786421651,
        0.2790719991,
        0.2771494981,
        0.2778599991,
        0.2778169291,
        0.2833484971
      ],
      "exit_codes": [
        0,
        0,
        0,
        0,
        0,
        0,
        0,
        0,
        0,
        0
      ],
      "parameters": {
        "size": "10000000",
        "type": "flowunits"
      }
    },
    {
      "command": "./flowunits -r config_renoir.toml -- 100000",
      "mean": 0.22501438186923076,
      "stddev": 0.0065253949089964436,
      "median": 0.2229797041,
      "user": 0.09591694153846152,
      "system": 0.00537409076923077,
      "min": 0.21776436710000002,
      "max": 0.23885415310000002,
      "times": [
        0.2229797041,
        0.21911850210000003,
        0.2210743451,
        0.22202418410000002,
        0.21776436710000002,
        0.23885415310000002,
        0.22478203910000003,
        0.21888901310000003,
        0.2299619491,
        0.22672582910000003,
        0.2204035501,
        0.22693864710000003,
        0.23567068110000003
      ],
      "exit_codes": [
        0,
        0,
        0,
        0,
        0,
        0,
        0,
        0,
        0,
        0,
        0,
        0,
        0
      ],
      "parameters": {
        "size": "100000",
        "type": "renoir"
      }
    },
    {
      "command": "./flowunits -r config_renoir.toml -- 1000000",
      "mean": 0.23181955071538468,
      "stddev": 0.007521893876677275,
      "median": 0.2287882411,
      "user": 0.09708594153846153,
      "system": 0.008540013846153844,
      "min": 0.22577523810000003,
      "max": 0.2506441521,
      "times": [
        0.22957868210000001,
        0.22802133510000003,
        0.22606464110000002,
        0.24447903610000002,
        0.2263905921,
        0.22840571510000002,
        0.22977702410000003,
        0.2506441521,
        0.23229066110000002,
        0.23491998410000003,
        0.22577523810000003,
        0.2287882411,
        0.22851885710000003
      ],
      "exit_codes": [
        0,
        0,
        0,
        0,
        0,
        0,
        0,
        0,
        0,
        0,
        0,
        0,
        0
      ],
      "parameters": {
        "size": "1000000",
        "type": "renoir"
      }
    },
    {
      "command": "./flowunits -r config_renoir.toml -- 10000000",
      "mean": 0.28925819729999996,
      "stddev": 0.008093251297478968,
      "median": 0.2869256821,
      "user": 0.09789518,
      "system": 0.009438660000000001,
      "min": 0.2809552261,
      "max": 0.3060775331,
      "times": [
        0.2839268711,
        0.2860863851,
        0.2898249271,
        0.2824063341,
        0.2875816551,
        0.2809552261,
        0.3060775331,
        0.2862697091,
        0.3010659981,
        0.2883873341
      ],
      "exit_codes": [
        0,
        0,
        0,
        0,
        0,
        0,
        0,
        0,
        0,
        0
      ],
      "parameters": {
        "size": "10000000",
        "type": "renoir"
      }
    }
  ]
}
