{
  "results": [
    {
      "command": "./flowunits -r config_flowunits.toml -- 100000",
      "mean": 0.21351089240285712,
      "stddev": 0.002186307965686711,
      "median": 0.21325432776000003,
      "user": 0.09200809714285715,
      "system": 0.006720088571428572,
      "min": 0.20848204576,
      "max": 0.21744470976000002,
      "times": [
        0.21170850776000003,
        0.21744470976000002,
        0.21324537576000002,
        0.21305695276,
        0.21326327976,
        0.21428438176,
        0.21316776076000002,
        0.21130800876000003,
        0.21438402776,
        0.21303767676000002,
        0.21573686176,
        0.20848204576,
        0.21595058076,
        0.21408232376000003
      ],
      "exit_codes": [
        0,
        0,
        0,
        0,
        0,
        0,
        0,
        0,
        0,
        0,
        0,
        0,
        0,
        0
      ],
      "parameters": {
        "size": "100000",
        "type": "flowunits"
      }
    },
    {
      "command": "./flowunits -r config_flowunits.toml -- 1000000",
      "mean": 0.2182608986830769,
      "stddev": 0.0023251185316208577,
      "median": 0.21831249476,
      "user": 0.09597335538461538,
      "system": 0.007182006153846154,
      "min": 0.21407218376,
      "max": 0.22120718476,
      "times": [
        0.21733967276000002,
        0.21738685076,
        0.21759504176000002,
        0.22065999076,
        0.21936963376000002,
        0.21641255676,
        0.21831249476,
        0.22003002076,
        0.21445519176000002,
        0.22075415676000001,
        0.22120718476,
        0.21979670376000002,
        0.21407218376
      ],
      "exit_codes": [
        0,
        0,
        0,
        0,
        0,
        0,
        0,
        0,
        0,
        0,
        0,
        0,
        0
      ],
      "parameters": {
        "size": "1000000",
        "type": "flowunits"
      }
    },
    {
      "command": "./flowunits -r config_flowunits.toml -- 10000000",
      "mean": 0.2782401793054545,
      "stddev": 0.003156089360613434,
      "median": 0.27780897876,
      "user": 0.08305692181818182,
      "system": 0.005948887272727272,
      "min": 0.27213984376,
      "max": 0.28310212076,
      "times": [
        0.27213984376,
        0.28213683276,
        0.27748796776,
        0.27690209076,
        0.28310212076,
        0.27833067676,
        0.27877457776000003,
        0.27743065076,
        0.28143271476000004,
        0.27509551776,
        0.27780897876
      ],
      "exit_codes": [
        0,
        0,
        0,
        0,
        0,
        0,
        0,
        0,
        0,
        0,
        0
      ],
      "parameters": {
        "size": "10000000",
        "type": "flowunits"
      }
    },
    {
      "command": "./flowunits -r config_renoir.toml -- 100000",
      "mean": 0.22563822729846153,
      "stddev": 0.008094388835726522,
      "median": 0.22176510976000002,
      "user": 0.10333850923076923,
      "system": 0.008259544615384615,
      "min": 0.21733635576000002,
      "max": 0.24119285076000002,
      "times": [
        0.21904940476,
        0.23023670376000002,
        0.22293035176,
        0.22599240576000001,
        0.22124557676,
        0.23365613776000002,
        0.24119285076000002,
        0.22152812576,
        0.22176510976000002,
        0.21900169576,
        0.21733635576000002,
        0.23995574376,
        0.21940649276000002
      ],
      "exit_codes": [
        0,
        0,
        0,
        0,
        0,
        0,
        0,
        0,
        0,
        0,
        0,
        0,
        0
      ],
      "parameters": {
        "size": "100000",
        "type": "renoir"
      }
    },
    {
      "command": "./flowunits -r config_renoir.toml -- 1000000",
      "mean": 0.2431441348433333,
      "stddev": 0.006087976151988474,
      "median": 0.24137255776,
      "user": 0.09336423999999999,
      "system": 0.01007616,
      "min": 0.23851188076000002,
      "max": 0.25948316076,
      "times": [
        0.24407159176,
        0.24186656276000001,
        0.25075738176,
        0.24191544376000002,
        0.23914196976000002,
        0.23927817476000002,
        0.25948316076,
        0.24136862076,
        0.23851188076000002,
        0.24137649476,
        0.23983976676000002,
        0.24011856976
      ],
      "exit_codes": [
        0,
        0,
        0,
        0,
        0,
        0,
        0,
        0,
        0,
        0,
        0,
        0
      ],
      "parameters": {
        "size": "1000000",
        "type": "renoir"
      }
    },
    {
      "command": "./flowunits -r config_renoir.toml -- 10000000",
      "mean": 0.43769094515999996,
      "stddev": 0.00680566162806588,
      "median": 0.43494444026,
      "user": 0.08789684,
      "system": 0.00789026,
      "min": 0.43134127776000003,
      "max": 0.45200852976000006,
      "times": [
        0.43942417376000004,
        0.43486042776,
        0.43282763076,
        0.43460530976,
        0.43134127776000003,
        0.43201008976000005,
        0.44707125376,
        0.43502845276,
        0.43773230576000005,
        0.45200852976000006
      ],
      "exit_codes": [
        0,
        0,
        0,
        0,
        0,
        0,
        0,
        0,
        0,
        0
      ],
      "parameters": {
        "size": "10000000",
        "type": "renoir"
      }
    }
  ]
}
