{
  "results": [
    {
      "command": "./flowunits -r config_flowunits.toml -- 100000",
      "mean": 0.21370888122285717,
      "stddev": 0.0020246221698503853,
      "median": 0.21353565758,
      "user": 0.08474533999999999,
      "system": 0.007512075714285712,
      "min": 0.20815101908,
      "max": 0.21659648408,
      "times": [
        0.21310984508,
        0.21604608308,
        0.21288345108,
        0.21460269008,
        0.21348310408,
        0.21315978908,
        0.21358821108,
        0.21458320408,
        0.21659648408,
        0.21256028608,
        0.21342465508,
        0.21574555108000001,
        0.21398996408,
        0.20815101908
      ],
      "exit_codes": [
        0,
        0,
        0,
        0,
        0,
        0,
        0,
        0,
        0,
        0,
        0,
        0,
        0,
        0
      ],
      "parameters": {
        "size": "100000",
        "type": "flowunits"
      }
    },
    {
      "command": "./flowunits -r config_flowunits.toml -- 1000000",
      "mean": 0.21933291254153847,
      "stddev": 0.003659494075581385,
      "median": 0.21856481008,
      "user": 0.08386026307692306,
      "system": 0.007285004615384615,
      "min": 0.21469759908,
      "max": 0.22657059208,
      "times": [
        0.22069495908,
        0.22657059208,
        0.21737534308,
        0.22246444308,
        0.21856481008,
        0.21526211508,
        0.21825449908,
        0.22250716308000001,
        0.22176357008,
        0.21469759908,
        0.21472844708,
        0.22203329508,
        0.21641102708
      ],
      "exit_codes": [
        0,
        0,
        0,
        0,
        0,
        0,
        0,
        0,
        0,
        0,
        0,
        0,
        0
      ],
      "parameters": {
        "size": "1000000",
        "type": "flowunits"
      }
    },
    {
      "command": "./flowunits -r config_flowunits.toml -- 10000000",
      "mean": 0.27835962008000004,
      "stddev": 0.0035683410100690242,
      "median": 0.27952898108,
      "user": 0.10161123999999999,
      "system": 0.00788272,
      "min": 0.27227894408000003,
      "max": 0.28306784708,
      "times": [
        0.27511705908,
        0.28065538008,
        0.27943954408,
        0.27390938808,
        0.28025843708000003,
        0.27961841808,
        0.28189545208,
        0.27735573108,
        0.28306784708,
        0.27227894408000003
      ],
      "exit_codes": [
        0,
        0,
        0,
        0,
        0,
        0,
        0,
        0,
        0,
        0
      ],
      "parameters": {
        "size": "10000000",
        "type": "flowunits"
      }
    },
    {
      "command": "./flowunits -r config_renoir.toml -- 100000",
      "mean": 0.40971399098,
      "stddev": 0.009360401670439842,
      "median": 0.40772002858,
      "user": 0.09103573999999999,
      "system": 0.01088102,
      "min": 0.39612105008000004,
      "max": 0.42377940108,
      "times": [
        0.41707422608,
        0.41885815608,
        0.40208208208,
        0.40173085408000003,
        0.41098389008,
        0.42377940108,
        0.40349446608,
        0.41855961708,
        0.40445616708000004,
        0.39612105008000004
      ],
      "exit_codes": [
        0,
        0,
        0,
        0,
        0,
        0,
        0,
        0,
        0,
        0
      ],
      "parameters": {
        "size": "100000",
        "type": "renoir"
      }
    },
    {
      "command": "./flowunits -r config_renoir.toml -- 1000000",
      "mean": 2.37892802238,
      "stddev": 0.02053523667753692,
      "median": 2.3836441005799998,
      "user": 0.09590463999999999,
      "system": 0.008963719999999998,
      "min": 2.34816907008,
      "max": 2.4037756090799998,
      "times": [
        2.4037756090799998,
        2.39505376608,
        2.34816907008,
        2.38856640808,
        2.39548772908,
        2.40030515008,
        2.37872179308,
        2.36027280508,
        2.36403800808,
        2.35488988508
      ],
      "exit_codes": [
        0,
        0,
        0,
        0,
        0,
        0,
        0,
        0,
        0,
        0
      ],
      "parameters": {
        "size": "1000000",
        "type": "renoir"
      }
    },
    {
      "command": "./flowunits -r config_renoir.toml -- 10000000",
      "mean": 21.959843629479998,
      "stddev": 0.07810739713052264,
      "median": 21.96547951758,
      "user": 0.10441514,
      "system": 0.00680302,
      "min": 21.85006342708,
      "max": 22.06910513308,
      "times": [
        21.85006342708,
        21.91403551608,
        21.92694580908,
        21.85507026408,
        22.00603483208,
        21.91138270208,
        22.02016814708,
        22.04161723808,
        22.06910513308,
        22.00401322608
      ],
      "exit_codes": [
        0,
        0,
        0,
        0,
        0,
        0,
        0,
        0,
        0,
        0
      ],
      "parameters": {
        "size": "10000000",
        "type": "renoir"
      }
    }
  ]
}
