{
  "results": [
    {
      "command": "./flowunits -r config_flowunits.toml -- 100000",
      "mean": 0.2111844925542857,
      "stddev": 0.004352644957052104,
      "median": 0.21183366884,
      "user": 0.09906969428571429,
      "system": 0.006368325714285713,
      "min": 0.19798503634,
      "max": 0.21550315034,
      "times": [
        0.21341274534000002,
        0.21547177234,
        0.19798503634,
        0.21170742234,
        0.21093082834000002,
        0.21261908934,
        0.20779795134,
        0.21425684634,
        0.21155379534000002,
        0.21195991534,
        0.21550315034,
        0.21067329634,
        0.20966614034,
        0.21304490634
      ],
      "exit_codes": [
        0,
        0,
        0,
        0,
        0,
        0,
        0,
        0,
        0,
        0,
        0,
        0,
        0,
        0
      ],
      "parameters": {
        "size": "100000",
        "type": "flowunits"
      }
    },
    {
      "command": "./flowunits -r config_flowunits.toml -- 1000000",
      "mean": 0.2174476059553846,
      "stddev": 0.0025741161718292314,
      "median": 0.21636240934,
      "user": 0.09209051846153846,
      "system": 0.007235498461538463,
      "min": 0.21470207034,
      "max": 0.22117936934000001,
      "times": [
        0.21470207034,
        0.21516172134,
        0.21477779234,
        0.21940348334,
        0.21501793234,
        0.22117936934000001,
        0.21474548034000002,
        0.21908248234,
        0.22037497334,
        0.22110990934000002,
        0.21626045834000002,
        0.21864079534,
        0.21636240934
      ],
      "exit_codes": [
        0,
        0,
        0,
        0,
        0,
        0,
        0,
        0,
        0,
        0,
        0,
        0,
        0
      ],
      "parameters": {
        "size": "1000000",
        "type": "flowunits"
      }
    },
    {
      "command": "./flowunits -r config_flowunits.toml -- 10000000",
      "mean": 0.27960531494000007,
      "stddev": 0.0039862914772057145,
      "median": 0.28001223884000004,
      "user": 0.09272667999999999,
      "system": 0.0070104400000000015,
      "min": 0.27348249134,
      "max": 0.28528708634,
      "times": [
        0.28295797534,
        0.27806822934000003,
        0.28060689234,
        0.27589101134,
        0.27498690834,
        0.27348249134,
        0.28528708634,
        0.28116097034000004,
        0.28419399934,
        0.27941758534
      ],
      "exit_codes": [
        0,
        0,
        0,
        0,
        0,
        0,
        0,
        0,
        0,
        0
      ],
      "parameters": {
        "size": "10000000",
        "type": "flowunits"
      }
    },
    {
      "command": "./flowunits -r config_renoir.toml -- 100000",
      "mean": 0.40341470974,
      "stddev": 0.013794272867635031,
      "median": 0.40509503634,
      "user": 0.08997478,
      "system": 0.00795534,
      "min": 0.36792005234,
      "max": 0.41724920534000004,
      "times": [
        0.40231835534000004,
        0.40660906134,
        0.40497650434000004,
        0.41724920534000004,
        0.40521356834,
        0.41047439934,
        0.40369123834000004,
        0.36792005234,
        0.39904450634,
        0.41665020634
      ],
      "exit_codes": [
        0,
        0,
        0,
        0,
        0,
        0,
        0,
        0,
        0,
        0
      ],
      "parameters": {
        "size": "100000",
        "type": "renoir"
      }
    },
    {
      "command": "./flowunits -r config_renoir.toml -- 1000000",
      "mean": 2.3747178228400005,
      "stddev": 0.024046943518251398,
      "median": 2.36395790734,
      "user": 0.07946368000000001,
      "system": 0.00798864,
      "min": 2.34447445234,
      "max": 2.41140827034,
      "times": [
        2.39670274334,
        2.3594892183400002,
        2.36225031934,
        2.36566549534,
        2.4081676503400002,
        2.36016645534,
        2.34447445234,
        2.35204584834,
        2.41140827034,
        2.38680777534
      ],
      "exit_codes": [
        0,
        0,
        0,
        0,
        0,
        0,
        0,
        0,
        0,
        0
      ],
      "parameters": {
        "size": "1000000",
        "type": "renoir"
      }
    },
    {
      "command": "./flowunits -r config_renoir.toml -- 10000000",
      "mean": 21.965950132739998,
      "stddev": 0.08085383085774586,
      "median": 21.95111109434,
      "user": 0.07655367999999999,
      "system": 0.00845164,
      "min": 21.85380601934,
      "max": 22.10175805934,
      "times": [
        22.045970634339998,
        22.029938535339998,
        21.910995857339998,
        21.96130485534,
        21.89000794134,
        21.85380601934,
        21.94091733334,
        21.899720962339998,
        22.10175805934,
        22.02508112934
      ],
      "exit_codes": [
        0,
        0,
        0,
        0,
        0,
        0,
        0,
        0,
        0,
        0
      ],
      "parameters": {
        "size": "10000000",
        "type": "renoir"
      }
    }
  ]
}
