{
  "results": [
    {
      "command": "./flowunits -r config_flowunits.toml -- 100000",
      "mean": 0.21246008697428567,
      "stddev": 0.0018506394478051034,
      "median": 0.21239073726000002,
      "user": 0.09405459714285715,
      "system": 0.0072472342857142855,
      "min": 0.20968010626,
      "max": 0.21533316226000002,
      "times": [
        0.21204881226,
        0.21146114126,
        0.20990171126,
        0.21508174126000001,
        0.21023649726000002,
        0.21533316226000002,
        0.21238098426000002,
        0.21348999126,
        0.21132471526,
        0.21288829326,
        0.20968010626,
        0.21240049026,
        0.21482944926,
        0.21338412226
      ],
      "exit_codes": [
        0,
        0,
        0,
        0,
        0,
        0,
        0,
        0,
        0,
        0,
        0,
        0,
        0,
        0
      ],
      "parameters": {
        "size": "100000",
        "type": "flowunits"
      }
    },
    {
      "command": "./flowunits -r config_flowunits.toml -- 1000000",
      "mean": 0.2175966963369231,
      "stddev": 0.00268589213314811,
      "median": 0.21706083826,
      "user": 0.09017920153846154,
      "system": 0.008543173846153846,
      "min": 0.21225708226,
      "max": 0.22198562926,
      "times": [
        0.22051812226,
        0.22198562926,
        0.21642995626,
        0.21225708226,
        0.21963254326,
        0.21447978426,
        0.21957842126,
        0.21626455626,
        0.21679246426,
        0.21560041226,
        0.21896671626,
        0.21919052626,
        0.21706083826
      ],
      "exit_codes": [
        0,
        0,
        0,
        0,
        0,
        0,
        0,
        0,
        0,
        0,
        0,
        0,
        0
      ],
      "parameters": {
        "size": "1000000",
        "type": "flowunits"
      }
    },
    {
      "command": "./flowunits -r config_flowunits.toml -- 10000000",
      "mean": 0.27893999026000005,
      "stddev": 0.0026737298348584113,
      "median": 0.27873946376000003,
      "user": 0.09927403999999998,
      "system": 0.00852262,
      "min": 0.27420870426,
      "max": 0.28366671526,
      "times": [
        0.27829217126,
        0.28011520426000003,
        0.27937711226,
        0.28366671526,
        0.27918675626,
        0.27774910426,
        0.27420870426,
        0.28211965926,
        0.27666194826,
        0.27802252726
      ],
      "exit_codes": [
        0,
        0,
        0,
        0,
        0,
        0,
        0,
        0,
        0,
        0
      ],
      "parameters": {
        "size": "10000000",
        "type": "flowunits"
      }
    },
    {
      "command": "./flowunits -r config_renoir.toml -- 100000",
      "mean": 0.2367508521766667,
      "stddev": 0.003374115015801852,
      "median": 0.23595311076,
      "user": 0.09184457333333333,
      "system": 0.00817427,
      "min": 0.23195591126,
      "max": 0.24309475926000002,
      "times": [
        0.23506308926,
        0.23195591126,
        0.23937042526,
        0.23622115726,
        0.23762944426000002,
        0.23398380826,
        0.23382208526,
        0.24309475926000002,
        0.24055228826,
        0.23370146926000002,
        0.23993072426,
        0.23568506426
      ],
      "exit_codes": [
        0,
        0,
        0,
        0,
        0,
        0,
        0,
        0,
        0,
        0,
        0,
        0
      ],
      "parameters": {
        "size": "100000",
        "type": "renoir"
      }
    },
    {
      "command": "./flowunits -r config_renoir.toml -- 1000000",
      "mean": 0.42876341926000006,
      "stddev": 0.0042024266551627006,
      "median": 0.42883417976000004,
      "user": 0.09495353999999999,
      "system": 0.00694562,
      "min": 0.42325407026,
      "max": 0.43517954226,
      "times": [
        0.42833766926,
        0.43434198426000004,
        0.43214714426,
        0.43517954226,
        0.42392859326000004,
        0.42446616926,
        0.42935448426,
        0.42325407026,
        0.42933069026000004,
        0.42729384526
      ],
      "exit_codes": [
        0,
        0,
        0,
        0,
        0,
        0,
        0,
        0,
        0,
        0
      ],
      "parameters": {
        "size": "1000000",
        "type": "renoir"
      }
    },
    {
      "command": "./flowunits -r config_renoir.toml -- 10000000",
      "mean": 2.3783844844599993,
      "stddev": 0.005502379538933078,
      "median": 2.3773080462599996,
      "user": 0.08645284,
      "system": 0.009802120000000001,
      "min": 2.36928952626,
      "max": 2.38616777326,
      "times": [
        2.38616777326,
        2.38542619426,
        2.36928952626,
        2.37759121026,
        2.38374807126,
        2.37657032026,
        2.3722383692599998,
        2.37604903226,
        2.37973946526,
        2.3770248822599997
      ],
      "exit_codes": [
        0,
        0,
        0,
        0,
        0,
        0,
        0,
        0,
        0,
        0
      ],
      "parameters": {
        "size": "10000000",
        "type": "renoir"
      }
    }
  ]
}
