{
  "results": [
    {
      "command": "./flowunits -r config_flowunits.toml -- 100000",
      "mean": 0.21335350679428572,
      "stddev": 0.003329803920458153,
      "median": 0.21393263208000002,
      "user": 0.10074715999999997,
      "system": 0.006562708571428571,
      "min": 0.20662890558000002,
      "max": 0.22101671758000002,
      "times": [
        0.21397521158000002,
        0.21456906358000002,
        0.21464892358,
        0.21187160258,
        0.21038918658000003,
        0.21507563158,
        0.20662890558000002,
        0.21212554758000002,
        0.21389005258000002,
        0.22101671758000002,
        0.21339474558000002,
        0.21529828858000002,
        0.21464348358000002,
        0.20942173458000002
      ],
      "exit_codes": [
        0,
        0,
        0,
        0,
        0,
        0,
        0,
        0,
        0,
        0,
        0,
        0,
        0,
        0
      ],
      "parameters": {
        "size": "100000",
        "type": "flowunits"
      }
    },
    {
      "command": "./flowunits -r config_flowunits.toml -- 1000000",
      "mean": 0.21796508334923076,
      "stddev": 0.006369793321404082,
      "median": 0.21964956758,
      "user": 0.10105450615384615,
      "system": 0.008160433846153847,
      "min": 0.19797693358000001,
      "max": 0.22331427958000002,
      "times": [
        0.21937250858000001,
        0.21977457158000002,
        0.22331427958000002,
        0.21861274658000002,
        0.19797693358000001,
        0.21842631658000003,
        0.21572658158000002,
        0.21964956758,
        0.21611521958000002,
        0.22170221158000003,
        0.22042429858,
        0.22082542958,
        0.22162541858
      ],
      "exit_codes": [
        0,
        0,
        0,
        0,
        0,
        0,
        0,
        0,
        0,
        0,
        0,
        0,
        0
      ],
      "parameters": {
        "size": "1000000",
        "type": "flowunits"
      }
    },
    {
      "command": "./flowunits -r config_flowunits.toml -- 10000000",
      "mean": 0.27871577348,
      "stddev": 0.003709850503599759,
      "median": 0.27885678558000004,
      "user": 0.11101086,
      "system": 0.007670080000000001,
      "min": 0.27257920558000004,
      "max": 0.28252189358,
      "times": [
        0.27275302058,
        0.27825281958000003,
        0.27786473258,
        0.27946075158,
        0.28229939758,
        0.27257920558000004,
        0.28240174858,
        0.28252189358,
        0.28137995558,
        0.27764420958
      ],
      "exit_codes": [
        0,
        0,
        0,
        0,
        0,
        0,
        0,
        0,
        0,
        0
      ],
      "parameters": {
        "size": "10000000",
        "type": "flowunits"
      }
    },
    {
      "command": "./flowunits -r config_renoir.toml -- 100000",
      "mean": 0.2281520912466667,
      "stddev": 0.010068682529838698,
      "median": 0.22563903808000002,
      "user": 0.08667307666666667,
      "system": 0.007882030000000002,
      "min": 0.21658346558000002,
      "max": 0.24365686358000002,
      "times": [
        0.24365686358000002,
        0.23927648158000003,
        0.23533593258000002,
        0.22992227358000003,
        0.21801871358000002,
        0.22002987058,
        0.21931263658000003,
        0.23546389258000003,
        0.21912185858000002,
        0.23974730358000002,
        0.21658346558000002,
        0.22135580258
      ],
      "exit_codes": [
        0,
        0,
        0,
        0,
        0,
        0,
        0,
        0,
        0,
        0,
        0,
        0
      ],
      "parameters": {
        "size": "100000",
        "type": "renoir"
      }
    },
    {
      "command": "./flowunits -r config_renoir.toml -- 1000000",
      "mean": 0.23604092188769232,
      "stddev": 0.009637911931911915,
      "median": 0.23125978958,
      "user": 0.08128827538461539,
      "system": 0.00808851076923077,
      "min": 0.22573435258000002,
      "max": 0.25191544958,
      "times": [
        0.22728729958000002,
        0.24321625958,
        0.22940422458,
        0.23125978958,
        0.24931571158000002,
        0.22841818858000001,
        0.25191544958,
        0.24104997258000002,
        0.24055546658000002,
        0.22786596358000002,
        0.24661589558000002,
        0.22573435258000002,
        0.22589341058
      ],
      "exit_codes": [
        0,
        0,
        0,
        0,
        0,
        0,
        0,
        0,
        0,
        0,
        0,
        0,
        0
      ],
      "parameters": {
        "size": "1000000",
        "type": "renoir"
      }
    },
    {
      "command": "./flowunits -r config_renoir.toml -- 10000000",
      "mean": 0.28973405658000007,
      "stddev": 0.010657314679094816,
      "median": 0.28594906658,
      "user": 0.08765846,
      "system": 0.006541679999999999,
      "min": 0.27846742158000004,
      "max": 0.30760981458000003,
      "times": [
        0.28760564358,
        0.28124214758000005,
        0.30177519858,
        0.30397311358,
        0.28429248958000003,
        0.28052163758000004,
        0.30760981458000003,
        0.27846742158000004,
        0.28394294458,
        0.28791015458
      ],
      "exit_codes": [
        0,
        0,
        0,
        0,
        0,
        0,
        0,
        0,
        0,
        0
      ],
      "parameters": {
        "size": "10000000",
        "type": "renoir"
      }
    }
  ]
}
