{
  "results": [
    {
      "command": "./flowunits -r config_flowunits.toml -- 100000",
      "mean": 0.21248959881714286,
      "stddev": 0.003090263568814293,
      "median": 0.21316537246,
      "user": 0.08812461428571429,
      "system": 0.006177522857142857,
      "min": 0.20694060546,
      "max": 0.21747330946,
      "times": [
        0.20929976246,
        0.21606080446,
        0.21424021546,
        0.21747330946,
        0.21145346646000002,
        0.21354941146,
        0.21022413446000002,
        0.21278133346,
        0.21510166846,
        0.20694060546,
        0.21004101046,
        0.21510490446,
        0.21380016046,
        0.20878359646
      ],
      "exit_codes": [
        0,
        0,
        0,
        0,
        0,
        0,
        0,
        0,
        0,
        0,
        0,
        0,
        0,
        0
      ],
      "parameters": {
        "size": "100000",
        "type": "flowunits"
      }
    },
    {
      "command": "./flowunits -r config_flowunits.toml -- 1000000",
      "mean": 0.2189099279215385,
      "stddev": 0.002071322537477916,
      "median": 0.21877518646,
      "user": 0.08140513076923078,
      "system": 0.008891341538461538,
      "min": 0.21439576646,
      "max": 0.22162318046,
      "times": [
        0.21856546446,
        0.21995299346,
        0.21819886746,
        0.22162318046,
        0.21773182346,
        0.22147988146,
        0.21439576646,
        0.22016099246,
        0.21652749746,
        0.21877518646,
        0.22077520246000001,
        0.22010289346,
        0.21753931346
      ],
      "exit_codes": [
        0,
        0,
        0,
        0,
        0,
        0,
        0,
        0,
        0,
        0,
        0,
        0,
        0
      ],
      "parameters": {
        "size": "1000000",
        "type": "flowunits"
      }
    },
    {
      "command": "./flowunits -r config_flowunits.toml -- 10000000",
      "mean": 0.27898043906000003,
      "stddev": 0.0033942807834742043,
      "median": 0.27935213996,
      "user": 0.09368879999999999,
      "system": 0.006610479999999999,
      "min": 0.27340327546000004,
      "max": 0.28357464246,
      "times": [
        0.27729308946000003,
        0.27384009246,
        0.28357464246,
        0.27340327546000004,
        0.28027450246,
        0.28269215946000004,
        0.27939717946000003,
        0.27930710046,
        0.28148627246,
        0.27853607646000006
      ],
      "exit_codes": [
        0,
        0,
        0,
        0,
        0,
        0,
        0,
        0,
        0,
        0
      ],
      "parameters": {
        "size": "10000000",
        "type": "flowunits"
      }
    },
    {
      "command": "./flowunits -r config_renoir.toml -- 100000",
      "mean": 0.22230256576769228,
      "stddev": 0.005974448408507563,
      "median": 0.22085877946000002,
      "user": 0.09120920769230767,
      "system": 0.007317803076923076,
      "min": 0.21784850146,
      "max": 0.24052528746000001,
      "times": [
        0.22039310746000002,
        0.21867664246000001,
        0.22733457646,
        0.21784850146,
        0.22099077546,
        0.22177542546,
        0.24052528746000001,
        0.21805309546,
        0.22010315346,
        0.22158469846,
        0.22208824146,
        0.21970107046,
        0.22085877946000002
      ],
      "exit_codes": [
        0,
        0,
        0,
        0,
        0,
        0,
        0,
        0,
        0,
        0,
        0,
        0,
        0
      ],
      "parameters": {
        "size": "100000",
        "type": "renoir"
      }
    },
    {
      "command": "./flowunits -r config_renoir.toml -- 1000000",
      "mean": 0.24739569891454546,
      "stddev": 0.008315638454746675,
      "median": 0.25054944846000005,
      "user": 0.09137144545454547,
      "system": 0.00664369818181818,
      "min": 0.23404429046,
      "max": 0.26010717646000003,
      "times": [
        0.25258093246,
        0.24079399046,
        0.24036246146,
        0.25054944846000005,
        0.25131989046000003,
        0.24210178946,
        0.23404429046,
        0.25761200346,
        0.25184548546,
        0.26010717646000003,
        0.24003521946
      ],
      "exit_codes": [
        0,
        0,
        0,
        0,
        0,
        0,
        0,
        0,
        0,
        0,
        0
      ],
      "parameters": {
        "size": "1000000",
        "type": "renoir"
      }
    },
    {
      "command": "./flowunits -r config_renoir.toml -- 10000000",
      "mean": 0.4351682123600001,
      "stddev": 0.005801230420326687,
      "median": 0.43381845796000007,
      "user": 0.0958365,
      "system": 0.00729088,
      "min": 0.42720857446000005,
      "max": 0.44930828946000007,
      "times": [
        0.43256203046,
        0.43284296546000006,
        0.42720857446000005,
        0.43618086646000004,
        0.43399225846000006,
        0.43364465746,
        0.43245893746,
        0.43446471346000004,
        0.43901883046000006,
        0.44930828946000007
      ],
      "exit_codes": [
        0,
        0,
        0,
        0,
        0,
        0,
        0,
        0,
        0,
        0
      ],
      "parameters": {
        "size": "10000000",
        "type": "renoir"
      }
    }
  ]
}
