{
  "results": [
    {
      "command": "./flowunits -r config_flowunits.toml -- 100000",
      "mean": 0.21449194096000004,
      "stddev": 0.0026930338583892686,
      "median": 0.21410166096000002,
      "user": 0.11337873846153847,
      "system": 0.006400727692307691,
      "min": 0.21093656396000002,
      "max": 0.22185885696000002,
      "times": [
        0.21410166096000002,
        0.22185885696000002,
        0.21433115096000002,
        0.21374995196000002,
        0.21093656396000002,
        0.21489540696000003,
        0.21322566096000004,
        0.21312511196000003,
        0.21160990496000004,
        0.21390334896000002,
        0.21436750896000004,
        0.21704511296000004,
        0.21524499196000002
      ],
      "exit_codes": [
        0,
        0,
        0,
        0,
        0,
        0,
        0,
        0,
        0,
        0,
        0,
        0,
        0
      ],
      "parameters": {
        "size": "100000",
        "type": "flowunits"
      }
    },
    {
      "command": "./flowunits -r config_flowunits.toml -- 1000000",
      "mean": 0.21894657996,
      "stddev": 0.0028580708355582284,
      "median": 0.21852600596000002,
      "user": 0.1002738923076923,
      "system": 0.006342035384615385,
      "min": 0.21253815196000003,
      "max": 0.22387338896000003,
      "times": [
        0.22191419996000003,
        0.21253815196000003,
        0.21852600596000002,
        0.22387338896000003,
        0.21823362796000004,
        0.21847691396000002,
        0.22038620896000002,
        0.21945545496000002,
        0.21723170196000002,
        0.22059309696000004,
        0.21617992196000002,
        0.22129606296000004,
        0.21760080296000003
      ],
      "exit_codes": [
        0,
        0,
        0,
        0,
        0,
        0,
        0,
        0,
        0,
        0,
        0,
        0,
        0
      ],
      "parameters": {
        "size": "1000000",
        "type": "flowunits"
      }
    },
    {
      "command": "./flowunits -r config_flowunits.toml -- 10000000",
      "mean": 0.27923624946,
      "stddev": 0.0019262320871671383,
      "median": 0.27892946596,
      "user": 0.10620199999999999,
      "system": 0.006029677999999999,
      "min": 0.27705928396,
      "max": 0.28195272696,
      "times": [
        0.27811377896000006,
        0.27736456596000003,
        0.27974515296,
        0.28192915296000004,
        0.28093847796000004,
        0.27797405696000005,
        0.28195272696,
        0.27705928396,
        0.28002207196,
        0.27726322596
      ],
      "exit_codes": [
        0,
        0,
        0,
        0,
        0,
        0,
        0,
        0,
        0,
        0
      ],
      "parameters": {
        "size": "10000000",
        "type": "flowunits"
      }
    },
    {
      "command": "./flowunits -r config_renoir.toml -- 100000",
      "mean": 0.40492452626000003,
      "stddev": 0.009599649327435969,
      "median": 0.40800515146000005,
      "user": 0.09592419999999999,
      "system": 0.007636720000000001,
      "min": 0.38158937496000006,
      "max": 0.41327752296000003,
      "times": [
        0.41200292696,
        0.40833130196000006,
        0.38158937496000006,
        0.40458711096000005,
        0.39845571796,
        0.41206404196,
        0.41072106696000005,
        0.41327752296000003,
        0.40767900096000004,
        0.40053719696000006
      ],
      "exit_codes": [
        0,
        0,
        0,
        0,
        0,
        0,
        0,
        0,
        0,
        0
      ],
      "parameters": {
        "size": "100000",
        "type": "renoir"
      }
    },
    {
      "command": "./flowunits -r config_renoir.toml -- 1000000",
      "mean": 2.38538521766,
      "stddev": 0.021168155135765202,
      "median": 2.3939047439600003,
      "user": 0.09511230000000001,
      "system": 0.00788262,
      "min": 2.3548222839600004,
      "max": 2.4077012739600003,
      "times": [
        2.39653347096,
        2.3966568029600004,
        2.4077012739600003,
        2.3554977899600003,
        2.38996316896,
        2.35678673196,
        2.3548222839600004,
        2.39127601696,
        2.40008473096,
        2.40452990596
      ],
      "exit_codes": [
        0,
        0,
        0,
        0,
        0,
        0,
        0,
        0,
        0,
        0
      ],
      "parameters": {
        "size": "1000000",
        "type": "renoir"
      }
    },
    {
      "command": "./flowunits -r config_renoir.toml -- 10000000",
      "mean": 21.91884639206,
      "stddev": 0.03905808327026389,
      "median": 21.909122065460004,
      "user": 0.0952615,
      "system": 0.00808762,
      "min": 21.86750558996,
      "max": 21.99513056796,
      "times": [
        21.96291360296,
        21.88400321796,
        21.93333039996,
        21.905287692960002,
        21.912956437960002,
        21.86750558996,
        21.939207156960002,
        21.898939902960002,
        21.99513056796,
        21.88918935096
      ],
      "exit_codes": [
        0,
        0,
        0,
        0,
        0,
        0,
        0,
        0,
        0,
        0
      ],
      "parameters": {
        "size": "10000000",
        "type": "renoir"
      }
    }
  ]
}
