{
  "results": [
    {
      "command": "./flowunits -r config_flowunits.toml -- 100000",
      "mean": 0.2136292825923077,
      "stddev": 0.002002341371772451,
      "median": 0.21379976690000002,
      "user": 0.09733547076923078,
      "system": 0.007814266153846153,
      "min": 0.2080703479,
      "max": 0.21657191790000002,
      "times": [
        0.21657191790000002,
        0.21524755790000002,
        0.21409732290000003,
        0.2080703479,
        0.21521619890000002,
        0.2144604039,
        0.21379976690000002,
        0.21299583090000002,
        0.2130581679,
        0.21435013690000002,
        0.21353917790000002,
        0.21313003190000002,
        0.2126438119
      ],
      "exit_codes": [
        0,
        0,
        0,
        0,
        0,
        0,
        0,
        0,
        0,
        0,
        0,
        0,
        0
      ],
      "parameters": {
        "size": "100000",
        "type": "flowunits"
      }
    },
    {
      "command": "./flowunits -r config_flowunits.toml -- 1000000",
      "mean": 0.21926613913076926,
      "stddev": 0.0033444726457288244,
      "median": 0.21978116790000002,
      "user": 0.08788400923076924,
      "system": 0.007122496923076925,
      "min": 0.21190101090000002,
      "max": 0.22319245590000003,
      "times": [
        0.21969199090000002,
        0.22124829390000003,
        0.21978116790000002,
        0.2218851179,
        0.21190101090000002,
        0.22319245590000003,
        0.22023434590000002,
        0.21877428190000003,
        0.21849346590000002,
        0.22223336990000003,
        0.21297772690000003,
        0.21900870090000002,
        0.2210378799
      ],
      "exit_codes": [
        0,
        0,
        0,
        0,
        0,
        0,
        0,
        0,
        0,
        0,
        0,
        0,
        0
      ],
      "parameters": {
        "size": "1000000",
        "type": "flowunits"
      }
    },
    {
      "command": "./flowunits -r config_flowunits.toml -- 10000000",
      "mean": 0.27939153229999997,
      "stddev": 0.002949781543041872,
      "median": 0.27893546140000003,
      "user": 0.08536394,
      "system": 0.00554642,
      "min": 0.2755816109,
      "max": 0.2834139479,
      "times": [
        0.2784462059,
        0.2769946269,
        0.2834139479,
        0.2757543939,
        0.2829105749,
        0.2832423159,
        0.2797007239,
        0.2755816109,
        0.2788254549,
        0.2790454679
      ],
      "exit_codes": [
        0,
        0,
        0,
        0,
        0,
        0,
        0,
        0,
        0,
        0
      ],
      "parameters": {
        "size": "10000000",
        "type": "flowunits"
      }
    },
    {
      "command": "./flowunits -r config_renoir.toml -- 100000",
      "mean": 0.22551826166923084,
      "stddev": 0.007613125280971815,
      "median": 0.22077905590000002,
      "user": 0.10530354769230768,
      "system": 0.008091343076923076,
      "min": 0.21864828590000002,
      "max": 0.23657612790000002,
      "times": [
        0.21903934790000001,
        0.23382458590000002,
        0.23602851190000002,
        0.21937155090000002,
        0.23657612790000002,
        0.22077905590000002,
        0.2296668799,
        0.2199403259,
        0.21864828590000002,
        0.22207740790000002,
        0.2196804689,
        0.23633725090000002,
        0.21976760190000003
      ],
      "exit_codes": [
        0,
        0,
        0,
        0,
        0,
        0,
        0,
        0,
        0,
        0,
        0,
        0,
        0
      ],
      "parameters": {
        "size": "100000",
        "type": "renoir"
      }
    },
    {
      "command": "./flowunits -r config_renoir.toml -- 1000000",
      "mean": 0.24504850431666667,
      "stddev": 0.007453722902016759,
      "median": 0.24224626140000002,
      "user": 0.09193549,
      "system": 0.008153503333333334,
      "min": 0.23849322790000002,
      "max": 0.2608002499,
      "times": [
        0.24259943790000002,
        0.24066595590000003,
        0.24915806890000003,
        0.2608002499,
        0.24189308490000003,
        0.2428743419,
        0.23863638590000003,
        0.23849322790000002,
        0.24022330790000002,
        0.2580763099,
        0.24710520490000001,
        0.2400564759
      ],
      "exit_codes": [
        0,
        0,
        0,
        0,
        0,
        0,
        0,
        0,
        0,
        0,
        0,
        0
      ],
      "parameters": {
        "size": "1000000",
        "type": "renoir"
      }
    },
    {
      "command": "./flowunits -r config_renoir.toml -- 10000000",
      "mean": 0.4331217078,
      "stddev": 0.004588322617637355,
      "median": 0.4349154639,
      "user": 0.09365344,
      "system": 0.009356019999999998,
      "min": 0.4240834499,
      "max": 0.4388755199,
      "times": [
        0.4353288979,
        0.4263989959,
        0.4332468089,
        0.4240834499,
        0.43450202990000003,
        0.4316202629,
        0.4360469119,
        0.4388755199,
        0.4354649929,
        0.4356492079
      ],
      "exit_codes": [
        0,
        0,
        0,
        0,
        0,
        0,
        0,
        0,
        0,
        0
      ],
      "parameters": {
        "size": "10000000",
        "type": "renoir"
      }
    }
  ]
}
