{
  "results": [
    {
      "command": "./flowunits -r config_flowunits.toml -- 100000",
      "mean": 0.21357359598,
      "stddev": 0.0024507086719260727,
      "median": 0.21391424298000003,
      "user": 0.10221386769230768,
      "system": 0.0073317107692307685,
      "min": 0.20891018298000003,
      "max": 0.21729077598000002,
      "times": [
        0.21496283698000002,
        0.21358170998,
        0.21066513898000003,
        0.21418026198,
        0.21112230498,
        0.21533419198,
        0.21657168898,
        0.20891018298000003,
        0.21551328698000002,
        0.21391424298000003,
        0.21232403498000002,
        0.21729077598000002,
        0.21208608998
      ],
      "exit_codes": [
        0,
        0,
        0,
        0,
        0,
        0,
        0,
        0,
        0,
        0,
        0,
        0,
        0
      ],
      "parameters": {
        "size": "100000",
        "type": "flowunits"
      }
    },
    {
      "command": "./flowunits -r config_flowunits.toml -- 1000000",
      "mean": 0.2181771224415385,
      "stddev": 0.0023171471032345146,
      "median": 0.21864842898,
      "user": 0.09065456000000001,
      "system": 0.008619403076923077,
      "min": 0.21367098798,
      "max": 0.22066454398000002,
      "times": [
        0.21865403898000002,
        0.21627622598000001,
        0.21805430598000003,
        0.22021392098,
        0.22006097398000002,
        0.22024862598000003,
        0.21702849598,
        0.22066454398000002,
        0.21773371598000002,
        0.21440148598000003,
        0.21864842898,
        0.21367098798,
        0.22064684098
      ],
      "exit_codes": [
        0,
        0,
        0,
        0,
        0,
        0,
        0,
        0,
        0,
        0,
        0,
        0,
        0
      ],
      "parameters": {
        "size": "1000000",
        "type": "flowunits"
      }
    },
    {
      "command": "./flowunits -r config_flowunits.toml -- 10000000",
      "mean": 0.27841679438,
      "stddev": 0.0023895431614356847,
      "median": 0.27884180348000004,
      "user": 0.09431466,
      "system": 0.00781888,
      "min": 0.27388962498,
      "max": 0.28211698198,
      "times": [
        0.27995841898,
        0.27388962498,
        0.27921066998000005,
        0.27958998898000004,
        0.28024459498000004,
        0.28211698198,
        0.27699779498000004,
        0.27847293698000003,
        0.27796397398,
        0.27572295798
      ],
      "exit_codes": [
        0,
        0,
        0,
        0,
        0,
        0,
        0,
        0,
        0,
        0
      ],
      "parameters": {
        "size": "10000000",
        "type": "flowunits"
      }
    },
    {
      "command": "./flowunits -r config_renoir.toml -- 100000",
      "mean": 0.2275499271338461,
      "stddev": 0.007027783948069912,
      "median": 0.23013434698000002,
      "user": 0.10216763692307691,
      "system": 0.006117135384615385,
      "min": 0.21742396498000002,
      "max": 0.23784427498000002,
      "times": [
        0.22179062298000002,
        0.21742396498000002,
        0.22211840698000002,
        0.22005945098000002,
        0.23315859098000002,
        0.22056951698000002,
        0.23013434698000002,
        0.23278788698000002,
        0.23784427498000002,
        0.23063850198000002,
        0.22205454698000002,
        0.23295750398,
        0.23661143698
      ],
      "exit_codes": [
        0,
        0,
        0,
        0,
        0,
        0,
        0,
        0,
        0,
        0,
        0,
        0,
        0
      ],
      "parameters": {
        "size": "100000",
        "type": "renoir"
      }
    },
    {
      "command": "./flowunits -r config_renoir.toml -- 1000000",
      "mean": 0.23024203828769232,
      "stddev": 0.006838620215621234,
      "median": 0.22886997998000003,
      "user": 0.08726832923076923,
      "system": 0.006294787692307692,
      "min": 0.22349617598000002,
      "max": 0.24897494898000003,
      "times": [
        0.22402196198000002,
        0.22909430898000002,
        0.22781531498000002,
        0.23928232898000001,
        0.22646840298,
        0.23000460398000003,
        0.22741691798000002,
        0.22688141598000003,
        0.22950484898,
        0.22886997998000003,
        0.23131528798,
        0.24897494898000003,
        0.22349617598000002
      ],
      "exit_codes": [
        0,
        0,
        0,
        0,
        0,
        0,
        0,
        0,
        0,
        0,
        0,
        0,
        0
      ],
      "parameters": {
        "size": "1000000",
        "type": "renoir"
      }
    },
    {
      "command": "./flowunits -r config_renoir.toml -- 10000000",
      "mean": 0.28627256238000004,
      "stddev": 0.009841292611350388,
      "median": 0.28468942848,
      "user": 0.07748076000000001,
      "system": 0.009971180000000001,
      "min": 0.26894078798000004,
      "max": 0.30334068598,
      "times": [
        0.28464462398,
        0.28473423298,
        0.26894078798000004,
        0.30334068598,
        0.27976458598000004,
        0.29217206098000004,
        0.28030700198,
        0.29870302098,
        0.28659642998,
        0.28352219298000003
      ],
      "exit_codes": [
        0,
        0,
        0,
        0,
        0,
        0,
        0,
        0,
        0,
        0
      ],
      "parameters": {
        "size": "10000000",
        "type": "renoir"
      }
    }
  ]
}
