{
  "results": [
    {
      "command": "./flowunits -r config_flowunits.toml -- 100000",
      "mean": 0.21202543084153844,
      "stddev": 0.002807430613184906,
      "median": 0.21214395138,
      "user": 0.08975921384615385,
      "system": 0.006257658461538463,
      "min": 0.20702218038,
      "max": 0.21579977738,
      "times": [
        0.21413030138,
        0.21579977738,
        0.20787687138,
        0.20952488638,
        0.21214395138,
        0.21045870538,
        0.21392129938,
        0.21513379938,
        0.21086191038,
        0.21489193638,
        0.21128742738,
        0.20702218038,
        0.21327755438
      ],
      "exit_codes": [
        0,
        0,
        0,
        0,
        0,
        0,
        0,
        0,
        0,
        0,
        0,
        0,
        0
      ],
      "parameters": {
        "size": "100000",
        "type": "flowunits"
      }
    },
    {
      "command": "./flowunits -r config_flowunits.toml -- 1000000",
      "mean": 0.21923062091846154,
      "stddev": 0.001961548344580693,
      "median": 0.21944489238,
      "user": 0.10765698307692308,
      "system": 0.00644188923076923,
      "min": 0.21602459838000002,
      "max": 0.22205162338,
      "times": [
        0.21983523438,
        0.22085788838,
        0.21944489238,
        0.21682775238000002,
        0.22073965738,
        0.22205162338,
        0.21861811538,
        0.21676244938,
        0.22116259938,
        0.21791805438,
        0.21602459838000002,
        0.22130333338,
        0.21845187338
      ],
      "exit_codes": [
        0,
        0,
        0,
        0,
        0,
        0,
        0,
        0,
        0,
        0,
        0,
        0,
        0
      ],
      "parameters": {
        "size": "1000000",
        "type": "flowunits"
      }
    },
    {
      "command": "./flowunits -r config_flowunits.toml -- 10000000",
      "mean": 0.27799160608,
      "stddev": 0.003094785098954046,
      "median": 0.27709976088000005,
      "user": 0.09860625999999999,
      "system": 0.007912820000000001,
      "min": 0.27510174438,
      "max": 0.28539883638,
      "times": [
        0.27719980338000005,
        0.27644375738000004,
        0.28539883638,
        0.27588945938000003,
        0.27699971838000004,
        0.27590793438000005,
        0.27829068638000004,
        0.27754252538,
        0.28114159538000005,
        0.27510174438
      ],
      "exit_codes": [
        0,
        0,
        0,
        0,
        0,
        0,
        0,
        0,
        0,
        0
      ],
      "parameters": {
        "size": "10000000",
        "type": "flowunits"
      }
    },
    {
      "command": "./flowunits -r config_renoir.toml -- 100000",
      "mean": 0.23394760612999999,
      "stddev": 0.004889104963847346,
      "median": 0.23409452538000003,
      "user": 0.08024139333333334,
      "system": 0.0078058699999999995,
      "min": 0.22492174838,
      "max": 0.24008092538,
      "times": [
        0.23764810038,
        0.24008092538,
        0.23890938138,
        0.23431517938000002,
        0.23229484538,
        0.22739930738,
        0.23675602938,
        0.22492174838,
        0.23955642338,
        0.23387387138000001,
        0.23020600438,
        0.23140945738000002
      ],
      "exit_codes": [
        0,
        0,
        0,
        0,
        0,
        0,
        0,
        0,
        0,
        0,
        0,
        0
      ],
      "parameters": {
        "size": "100000",
        "type": "renoir"
      }
    },
    {
      "command": "./flowunits -r config_renoir.toml -- 1000000",
      "mean": 0.42672572728,
      "stddev": 0.005970323038807809,
      "median": 0.4285969928800001,
      "user": 0.07820096000000001,
      "system": 0.007745319999999998,
      "min": 0.41471740638000004,
      "max": 0.43353881138000006,
      "times": [
        0.42818511638000006,
        0.42715648938000006,
        0.41774824238,
        0.41471740638000004,
        0.42900886938000005,
        0.42964259538000005,
        0.42976367238,
        0.43158924038000007,
        0.43353881138000006,
        0.42590682938
      ],
      "exit_codes": [
        0,
        0,
        0,
        0,
        0,
        0,
        0,
        0,
        0,
        0
      ],
      "parameters": {
        "size": "1000000",
        "type": "renoir"
      }
    },
    {
      "command": "./flowunits -r config_renoir.toml -- 10000000",
      "mean": 2.3793035436800003,
      "stddev": 0.004644310028977216,
      "median": 2.37737667888,
      "user": 0.08655295999999998,
      "system": 0.01023272,
      "min": 2.37453086938,
      "max": 2.38597287438,
      "times": [
        2.3756855213800003,
        2.37514076238,
        2.38597287438,
        2.37453086938,
        2.3839178473800002,
        2.3822745103800003,
        2.3750891743800002,
        2.3779271193800002,
        2.37682623838,
        2.38567051938
      ],
      "exit_codes": [
        0,
        0,
        0,
        0,
        0,
        0,
        0,
        0,
        0,
        0
      ],
      "parameters": {
        "size": "10000000",
        "type": "renoir"
      }
    }
  ]
}
