{
  "results": [
    {
      "command": "./flowunits -r config_flowunits.toml -- 100000",
      "mean": 0.25684073822181824,
      "stddev": 0.0036741285607176017,
      "median": 0.25804357904,
      "user": 0.10077518909090909,
      "system": 0.006154883636363637,
      "min": 0.24799218804,
      "max": 0.26027613904,
      "times": [
        0.25785581704000005,
        0.25562537104000005,
        0.26027613904,
        0.24799218804,
        0.25977587204,
        0.25310821804000005,
        0.25804357904,
        0.25529793704000003,
        0.25979130104000003,
        0.25853415704000005,
        0.25894754104000006
      ],
      "exit_codes": [
        0,
        0,
        0,
        0,
        0,
        0,
        0,
        0,
        0,
        0,
        0
      ],
      "parameters": {
        "size": "100000",
        "type": "flowunits"
      }
    },
    {
      "command": "./flowunits -r config_flowunits.toml -- 1000000",
      "mean": 0.63371614754,
      "stddev": 0.005258402263471055,
      "median": 0.6361303700400001,
      "user": 0.07103527999999999,
      "system": 0.00877552,
      "min": 0.62493691604,
      "max": 0.64043759904,
      "times": [
        0.63035074304,
        0.63593311604,
        0.62493691604,
        0.63703449804,
        0.63697086904,
        0.63632762404,
        0.62584019804,
        0.64043759904,
        0.63165597704,
        0.63767393504
      ],
      "exit_codes": [
        0,
        0,
        0,
        0,
        0,
        0,
        0,
        0,
        0,
        0
      ],
      "parameters": {
        "size": "1000000",
        "type": "flowunits"
      }
    },
    {
      "command": "./flowunits -r config_flowunits.toml -- 10000000",
      "mean": 4.41888351724,
      "stddev": 0.015863067204490613,
      "median": 4.41581149804,
      "user": 0.08018768,
      "system": 0.008212719999999998,
      "min": 4.3991926690400005,
      "max": 4.46009710604,
      "times": [
        4.41659663004,
        4.42173674904,
        4.41234430704,
        4.42196388304,
        4.41801481004,
        4.3991926690400005,
        4.41141956204,
        4.41502636604,
        4.46009710604,
        4.41244309004
      ],
      "exit_codes": [
        0,
        0,
        0,
        0,
        0,
        0,
        0,
        0,
        0,
        0
      ],
      "parameters": {
        "size": "10000000",
        "type": "flowunits"
      }
    },
    {
      "command": "./flowunits -r config_renoir.toml -- 100000",
      "mean": 0.4602617564400001,
      "stddev": 0.0046918493006309,
      "median": 0.46063581604000003,
      "user": 0.10543118,
      "system": 0.00585812,
      "min": 0.44949525604000007,
      "max": 0.46635985304000005,
      "times": [
        0.46635985304000005,
        0.46478447404000006,
        0.45906724904000007,
        0.46340624304000005,
        0.45992991404000005,
        0.45694060704000006,
        0.46136233604000004,
        0.46119072504,
        0.44949525604000007,
        0.46008090704000004
      ],
      "exit_codes": [
        0,
        0,
        0,
        0,
        0,
        0,
        0,
        0,
        0,
        0
      ],
      "parameters": {
        "size": "100000",
        "type": "renoir"
      }
    },
    {
      "command": "./flowunits -r config_renoir.toml -- 1000000",
      "mean": 2.53242509874,
      "stddev": 0.04412047709130832,
      "median": 2.54016817904,
      "user": 0.09661228,
      "system": 0.00573392,
      "min": 2.4404704550400003,
      "max": 2.5754368960400003,
      "times": [
        2.54258450304,
        2.5377518550400002,
        2.4404704550400003,
        2.53218560104,
        2.57467802804,
        2.47863850904,
        2.55340463404,
        2.5156560910400003,
        2.5754368960400003,
        2.57344441504
      ],
      "exit_codes": [
        0,
        0,
        0,
        0,
        0,
        0,
        0,
        0,
        0,
        0
      ],
      "parameters": {
        "size": "1000000",
        "type": "renoir"
      }
    },
    {
      "command": "./flowunits -r config_renoir.toml -- 10000000",
      "mean": 21.526488491740004,
      "stddev": 0.45423606454366405,
      "median": 21.71571139254,
      "user": 0.08745697999999999,
      "system": 0.00853242,
      "min": 20.82401182804,
      "max": 22.02961578404,
      "times": [
        21.76701341604,
        22.02961578404,
        20.96261030104,
        21.66440936904,
        21.790781895040002,
        20.93786314104,
        22.003678614040002,
        20.82401182804,
        21.493127530040002,
        21.791773039040002
      ],
      "exit_codes": [
        0,
        0,
        0,
        0,
        0,
        0,
        0,
        0,
        0,
        0
      ],
      "parameters": {
        "size": "10000000",
        "type": "renoir"
      }
    }
  ]
}
