{
  "results": [
    {
      "command": "./flowunits -r config_flowunits.toml -- 100000",
      "mean": 0.2170997523815385,
      "stddev": 0.0021555600127223583,
      "median": 0.21662970592,
      "user": 0.09383048307692309,
      "system": 0.008623053846153845,
      "min": 0.21291629292,
      "max": 0.22014570992000002,
      "times": [
        0.21934314692,
        0.21894173592000002,
        0.21616522592,
        0.21291629292,
        0.21399890092,
        0.21852120792000002,
        0.21877601392,
        0.21579602492000002,
        0.21601207992000002,
        0.21662970592,
        0.22014570992000002,
        0.21846541292000002,
        0.21658532292000002
      ],
      "exit_codes": [
        0,
        0,
        0,
        0,
        0,
        0,
        0,
        0,
        0,
        0,
        0,
        0,
        0
      ],
      "parameters": {
        "size": "100000",
        "type": "flowunits"
      }
    },
    {
      "command": "./flowunits -r config_flowunits.toml -- 1000000",
      "mean": 0.26386724919272725,
      "stddev": 0.0018572626190776604,
      "median": 0.26448452392,
      "user": 0.10168610545454547,
      "system": 0.00836680909090909,
      "min": 0.26089016292,
      "max": 0.26639790592,
      "times": [
        0.26143129592000003,
        0.26580394392,
        0.26467953892,
        0.26317239592,
        0.26089016292,
        0.26482025092,
        0.26160404892,
        0.26448452392,
        0.26639790592,
        0.26398309492,
        0.26527257892
      ],
      "exit_codes": [
        0,
        0,
        0,
        0,
        0,
        0,
        0,
        0,
        0,
        0,
        0
      ],
      "parameters": {
        "size": "1000000",
        "type": "flowunits"
      }
    },
    {
      "command": "./flowunits -r config_flowunits.toml -- 10000000",
      "mean": 0.6373311378200001,
      "stddev": 0.002338901761378928,
      "median": 0.63703237792,
      "user": 0.09854455999999998,
      "system": 0.0063604,
      "min": 0.6338766989200001,
      "max": 0.6401573299200001,
      "times": [
        0.6398751709200001,
        0.6369673059200001,
        0.6401573299200001,
        0.6395820229200001,
        0.6338766989200001,
        0.6370974499200001,
        0.6340733179200001,
        0.6360752069200001,
        0.63623003592,
        0.6393768389200001
      ],
      "exit_codes": [
        0,
        0,
        0,
        0,
        0,
        0,
        0,
        0,
        0,
        0
      ],
      "parameters": {
        "size": "10000000",
        "type": "flowunits"
      }
    },
    {
      "command": "./flowunits -r config_renoir.toml -- 100000",
      "mean": 0.23630239958666666,
      "stddev": 0.004019257759513462,
      "median": 0.23665709242,
      "user": 0.09799914333333333,
      "system": 0.011968233333333335,
      "min": 0.22807316492000002,
      "max": 0.24399972692000002,
      "times": [
        0.23717176892000003,
        0.23778510792000002,
        0.23901618392,
        0.23474841392,
        0.22807316492000002,
        0.24399972692000002,
        0.23236505092,
        0.23422853992,
        0.23667713492,
        0.23663704992,
        0.23470249692,
        0.24022415592000002
      ],
      "exit_codes": [
        0,
        0,
        0,
        0,
        0,
        0,
        0,
        0,
        0,
        0,
        0,
        0
      ],
      "parameters": {
        "size": "100000",
        "type": "renoir"
      }
    },
    {
      "command": "./flowunits -r config_renoir.toml -- 1000000",
      "mean": 0.41479921002,
      "stddev": 0.00601478392757777,
      "median": 0.41228322642000004,
      "user": 0.10082076,
      "system": 0.0083308,
      "min": 0.40813589592000005,
      "max": 0.42581778592,
      "times": [
        0.41873241792000004,
        0.41087839192000003,
        0.41592855692,
        0.41170734292,
        0.42327930192,
        0.41142853192,
        0.40922476492000004,
        0.40813589592000005,
        0.41285910992,
        0.42581778592
      ],
      "exit_codes": [
        0,
        0,
        0,
        0,
        0,
        0,
        0,
        0,
        0,
        0
      ],
      "parameters": {
        "size": "1000000",
        "type": "renoir"
      }
    },
    {
      "command": "./flowunits -r config_renoir.toml -- 10000000",
      "mean": 2.1706489641199997,
      "stddev": 0.010009387916555205,
      "median": 2.1704192874199997,
      "user": 0.09041946000000001,
      "system": 0.0102315,
      "min": 2.15271885892,
      "max": 2.18460639792,
      "times": [
        2.16651818792,
        2.17432038692,
        2.17941663092,
        2.17657806592,
        2.16578418392,
        2.16291754592,
        2.16296414492,
        2.18066523792,
        2.15271885892,
        2.18460639792
      ],
      "exit_codes": [
        0,
        0,
        0,
        0,
        0,
        0,
        0,
        0,
        0,
        0
      ],
      "parameters": {
        "size": "10000000",
        "type": "renoir"
      }
    }
  ]
}
