{
  "results": [
    {
      "command": "./flowunits -r config_flowunits.toml -- 100000",
      "mean": 0.21467724833714288,
      "stddev": 0.0014620965621311148,
      "median": 0.21426026498,
      "user": 0.09685096000000001,
      "system": 0.007935185714285713,
      "min": 0.21248113398000001,
      "max": 0.21688727398000002,
      "times": [
        0.21404095498000003,
        0.21625729498000001,
        0.21403036498000003,
        0.21314093898000003,
        0.21598801098,
        0.21248113398000001,
        0.21280618298,
        0.21621886298,
        0.21666401598,
        0.21436275698,
        0.21442152798000003,
        0.21688727398000002,
        0.21402438398,
        0.21415777298000002
      ],
      "exit_codes": [
        0,
        0,
        0,
        0,
        0,
        0,
        0,
        0,
        0,
        0,
        0,
        0,
        0,
        0
      ],
      "parameters": {
        "size": "100000",
        "type": "flowunits"
      }
    },
    {
      "command": "./flowunits -r config_flowunits.toml -- 1000000",
      "mean": 0.21993170959538466,
      "stddev": 0.001818963024382324,
      "median": 0.22037838198,
      "user": 0.11065438307692307,
      "system": 0.008123207692307692,
      "min": 0.21599886098,
      "max": 0.22186247998000003,
      "times": [
        0.21895383398,
        0.22137867498000002,
        0.21818977298000003,
        0.22186247998000003,
        0.21599886098,
        0.22037838198,
        0.22125884998,
        0.21973832298,
        0.22119240498,
        0.21766500998000002,
        0.22145610998,
        0.22167802498000003,
        0.21936149698000001
      ],
      "exit_codes": [
        0,
        0,
        0,
        0,
        0,
        0,
        0,
        0,
        0,
        0,
        0,
        0,
        0
      ],
      "parameters": {
        "size": "1000000",
        "type": "flowunits"
      }
    },
    {
      "command": "./flowunits -r config_flowunits.toml -- 10000000",
      "mean": 0.28074905838,
      "stddev": 0.0021884129146224427,
      "median": 0.28060382248000004,
      "user": 0.10244385999999998,
      "system": 0.0094633,
      "min": 0.27652165898,
      "max": 0.28502588198,
      "times": [
        0.28502588198,
        0.28067203998,
        0.28301009798,
        0.28070801798,
        0.28097120997999997,
        0.27975837997999997,
        0.28053560498,
        0.28006835998,
        0.27652165898,
        0.28021933198
      ],
      "exit_codes": [
        0,
        0,
        0,
        0,
        0,
        0,
        0,
        0,
        0,
        0
      ],
      "parameters": {
        "size": "10000000",
        "type": "flowunits"
      }
    },
    {
      "command": "./flowunits -r config_renoir.toml -- 100000",
      "mean": 0.23124947044153848,
      "stddev": 0.009926886040830597,
      "median": 0.23545089498000002,
      "user": 0.08857353692307691,
      "system": 0.007595592307692308,
      "min": 0.21871278198000002,
      "max": 0.24342260098000001,
      "times": [
        0.21874177698000002,
        0.23663452098,
        0.23495303198000003,
        0.23639173598000002,
        0.24319246998000002,
        0.21920454398000003,
        0.22008928098000002,
        0.23894290298,
        0.24342260098000001,
        0.21871278198000002,
        0.23545089498000002,
        0.23921073498,
        0.22129583898000002
      ],
      "exit_codes": [
        0,
        0,
        0,
        0,
        0,
        0,
        0,
        0,
        0,
        0,
        0,
        0,
        0
      ],
      "parameters": {
        "size": "100000",
        "type": "renoir"
      }
    },
    {
      "command": "./flowunits -r config_renoir.toml -- 1000000",
      "mean": 0.23609216922999998,
      "stddev": 0.008689968715472176,
      "median": 0.23588507248,
      "user": 0.07797804333333333,
      "system": 0.006895983333333332,
      "min": 0.22571592598,
      "max": 0.24604208598000002,
      "times": [
        0.24587070498000002,
        0.24501167698,
        0.24086723598,
        0.24604208598000002,
        0.24476033598000002,
        0.22571592598,
        0.22618960198000002,
        0.24276496898000002,
        0.22886513298000002,
        0.22819550898000002,
        0.22791994298,
        0.23090290898000002
      ],
      "exit_codes": [
        0,
        0,
        0,
        0,
        0,
        0,
        0,
        0,
        0,
        0,
        0,
        0
      ],
      "parameters": {
        "size": "1000000",
        "type": "renoir"
      }
    },
    {
      "command": "./flowunits -r config_renoir.toml -- 10000000",
      "mean": 0.27109263007090906,
      "stddev": 0.004003266816908047,
      "median": 0.27126003598,
      "user": 0.10411846000000002,
      "system": 0.008473536363636364,
      "min": 0.26629250498,
      "max": 0.27966191798,
      "times": [
        0.26629250498,
        0.27126003598,
        0.26703737998,
        0.27966191798,
        0.27223435998,
        0.26975422598,
        0.27215777798,
        0.26841262498,
        0.26717814398,
        0.27533770098,
        0.27269225798
      ],
      "exit_codes": [
        0,
        0,
        0,
        0,
        0,
        0,
        0,
        0,
        0,
        0,
        0
      ],
      "parameters": {
        "size": "10000000",
        "type": "renoir"
      }
    }
  ]
}
