{
  "results": [
    {
      "command": "./flowunits -r config_flowunits.toml -- 100000",
      "mean": 0.21450110678571432,
      "stddev": 0.00146331529003525,
      "median": 0.21471763000000002,
      "user": 0.09080882571428571,
      "system": 0.006838374285714285,
      "min": 0.21078927400000003,
      "max": 0.21626595900000004,
      "times": [
        0.21360153,
        0.21508815400000003,
        0.21610472800000002,
        0.21486649900000002,
        0.21311425800000003,
        0.21626595900000004,
        0.21456876100000002,
        0.21514017100000002,
        0.21496689700000002,
        0.21455842200000003,
        0.21447688000000004,
        0.216223079,
        0.21325088300000003,
        0.21078927400000003
      ],
      "exit_codes": [
        0,
        0,
        0,
        0,
        0,
        0,
        0,
        0,
        0,
        0,
        0,
        0,
        0,
        0
      ],
      "parameters": {
        "size": "100000",
        "type": "flowunits"
      }
    },
    {
      "command": "./flowunits -r config_flowunits.toml -- 1000000",
      "mean": 0.21942648338461535,
      "stddev": 0.0019268546053993684,
      "median": 0.21933639900000002,
      "user": 0.0903359246153846,
      "system": 0.009014429230769231,
      "min": 0.21626439700000002,
      "max": 0.22376553200000002,
      "times": [
        0.217678364,
        0.22026110000000002,
        0.21742867600000002,
        0.22090403400000003,
        0.21887033600000003,
        0.21933639900000002,
        0.21872015500000003,
        0.21819419,
        0.21626439700000002,
        0.220183435,
        0.22106857100000002,
        0.21986909500000001,
        0.22376553200000002
      ],
      "exit_codes": [
        0,
        0,
        0,
        0,
        0,
        0,
        0,
        0,
        0,
        0,
        0,
        0,
        0
      ],
      "parameters": {
        "size": "1000000",
        "type": "flowunits"
      }
    },
    {
      "command": "./flowunits -r config_flowunits.toml -- 10000000",
      "mean": 0.279666088,
      "stddev": 0.004194026253459823,
      "median": 0.281331052,
      "user": 0.09537008545454544,
      "system": 0.008633387272727274,
      "min": 0.27151573300000004,
      "max": 0.28573602000000003,
      "times": [
        0.27151573300000004,
        0.275181457,
        0.28144717,
        0.27997865000000005,
        0.281331052,
        0.278268367,
        0.28166908500000004,
        0.27530951600000003,
        0.28573602000000003,
        0.28283337500000005,
        0.28305654300000005
      ],
      "exit_codes": [
        0,
        0,
        0,
        0,
        0,
        0,
        0,
        0,
        0,
        0,
        0
      ],
      "parameters": {
        "size": "10000000",
        "type": "flowunits"
      }
    },
    {
      "command": "./flowunits -r config_renoir.toml -- 100000",
      "mean": 0.22723470133333337,
      "stddev": 0.008885875066083215,
      "median": 0.22459344700000003,
      "user": 0.08480904,
      "system": 0.010085326666666667,
      "min": 0.21737174000000004,
      "max": 0.24214119000000003,
      "times": [
        0.24195947000000004,
        0.22845605500000002,
        0.21737174000000004,
        0.23355893000000003,
        0.22424705300000003,
        0.22342159800000003,
        0.21883473900000003,
        0.21846059900000003,
        0.24214119000000003,
        0.21916484800000002,
        0.23426035300000003,
        0.22493984100000003
      ],
      "exit_codes": [
        0,
        0,
        0,
        0,
        0,
        0,
        0,
        0,
        0,
        0,
        0,
        0
      ],
      "parameters": {
        "size": "100000",
        "type": "renoir"
      }
    },
    {
      "command": "./flowunits -r config_renoir.toml -- 1000000",
      "mean": 0.2378509519166667,
      "stddev": 0.0063592296767143305,
      "median": 0.23689366950000001,
      "user": 0.07668120666666665,
      "system": 0.01012041,
      "min": 0.22986576500000003,
      "max": 0.252546945,
      "times": [
        0.24132420000000002,
        0.23375810300000002,
        0.252546945,
        0.23703756400000003,
        0.23833599500000002,
        0.23482574300000003,
        0.24615230000000002,
        0.23429465800000002,
        0.23805905700000002,
        0.22986576500000003,
        0.23126131800000002,
        0.23674977500000002
      ],
      "exit_codes": [
        0,
        0,
        0,
        0,
        0,
        0,
        0,
        0,
        0,
        0,
        0,
        0
      ],
      "parameters": {
        "size": "1000000",
        "type": "renoir"
      }
    },
    {
      "command": "./flowunits -r config_renoir.toml -- 10000000",
      "mean": 0.4174877987,
      "stddev": 0.007255359028204175,
      "median": 0.4176807330000001,
      "user": 0.08007604,
      "system": 0.008717260000000001,
      "min": 0.40838436600000005,
      "max": 0.427505369,
      "times": [
        0.427505369,
        0.42282394400000006,
        0.409493372,
        0.42036718300000003,
        0.408577658,
        0.42721879300000004,
        0.41514583600000005,
        0.40838436600000005,
        0.41542024000000005,
        0.41994122600000006
      ],
      "exit_codes": [
        0,
        0,
        0,
        0,
        0,
        0,
        0,
        0,
        0,
        0
      ],
      "parameters": {
        "size": "10000000",
        "type": "renoir"
      }
    }
  ]
}
