{
  "results": [
    {
      "command": "./flowunits -r config_flowunits.toml -- 100000",
      "mean": 0.21445704611999997,
      "stddev": 0.0017113618677424385,
      "median": 0.21408351762,
      "user": 0.08638913714285713,
      "system": 0.007206714285714284,
      "min": 0.21200532062,
      "max": 0.21652288962,
      "times": [
        0.21380944962,
        0.21602396562,
        0.21634802262,
        0.21304765262,
        0.21200532062,
        0.21637951162,
        0.21232371662,
        0.21396383762,
        0.21652288962,
        0.21416209962,
        0.21650417562000002,
        0.21524658062000002,
        0.21400493562,
        0.21205648762
      ],
      "exit_codes": [
        0,
        0,
        0,
        0,
        0,
        0,
        0,
        0,
        0,
        0,
        0,
        0,
        0,
        0
      ],
      "parameters": {
        "size": "100000",
        "type": "flowunits"
      }
    },
    {
      "command": "./flowunits -r config_flowunits.toml -- 1000000",
      "mean": 0.21977398077384616,
      "stddev": 0.002074809983044586,
      "median": 0.21975441162,
      "user": 0.10106812615384614,
      "system": 0.008041346153846152,
      "min": 0.21638212562,
      "max": 0.22310638662,
      "times": [
        0.22050556762,
        0.21638212562,
        0.21766392662,
        0.22186455262000002,
        0.22104451662,
        0.22173447862,
        0.21934518462,
        0.22310638662,
        0.21908473762,
        0.22130778962,
        0.21661866062000001,
        0.21864941162,
        0.21975441162
      ],
      "exit_codes": [
        0,
        0,
        0,
        0,
        0,
        0,
        0,
        0,
        0,
        0,
        0,
        0,
        0
      ],
      "parameters": {
        "size": "1000000",
        "type": "flowunits"
      }
    },
    {
      "command": "./flowunits -r config_flowunits.toml -- 10000000",
      "mean": 0.27955951802,
      "stddev": 0.0025900351657532905,
      "median": 0.28025856362,
      "user": 0.10531778,
      "system": 0.0087875,
      "min": 0.27612421162,
      "max": 0.28311012362,
      "times": [
        0.27629226762000003,
        0.27776048662,
        0.27690141862,
        0.28124462062,
        0.28082174862000003,
        0.28311012362,
        0.27612421162,
        0.28143750062,
        0.28220742362,
        0.27969537862
      ],
      "exit_codes": [
        0,
        0,
        0,
        0,
        0,
        0,
        0,
        0,
        0,
        0
      ],
      "parameters": {
        "size": "10000000",
        "type": "flowunits"
      }
    },
    {
      "command": "./flowunits -r config_renoir.toml -- 100000",
      "mean": 0.2259059433892308,
      "stddev": 0.008104611344097965,
      "median": 0.22305321762,
      "user": 0.09362458769230769,
      "system": 0.007919807692307691,
      "min": 0.21833878062,
      "max": 0.24430262762000002,
      "times": [
        0.21909675962,
        0.21833878062,
        0.22367403962000001,
        0.22933444962,
        0.22683591062,
        0.22203244662,
        0.22027114862,
        0.22133665362,
        0.22882449462,
        0.24016633162,
        0.21951040362000002,
        0.22305321762,
        0.24430262762000002
      ],
      "exit_codes": [
        0,
        0,
        0,
        0,
        0,
        0,
        0,
        0,
        0,
        0,
        0,
        0,
        0
      ],
      "parameters": {
        "size": "100000",
        "type": "renoir"
      }
    },
    {
      "command": "./flowunits -r config_renoir.toml -- 1000000",
      "mean": 0.23613391203666667,
      "stddev": 0.006928618913097689,
      "median": 0.23461074362,
      "user": 0.07747302999999998,
      "system": 0.0076225,
      "min": 0.22633627562,
      "max": 0.24772598662,
      "times": [
        0.23996287062000002,
        0.23226906462,
        0.24772598662,
        0.23049614462,
        0.22961873262000002,
        0.22633627562,
        0.24722034062,
        0.23245370962,
        0.23676777762,
        0.24128127962,
        0.23838518662,
        0.23108957562000002
      ],
      "exit_codes": [
        0,
        0,
        0,
        0,
        0,
        0,
        0,
        0,
        0,
        0,
        0,
        0
      ],
      "parameters": {
        "size": "1000000",
        "type": "renoir"
      }
    },
    {
      "command": "./flowunits -r config_renoir.toml -- 10000000",
      "mean": 0.27210096907454545,
      "stddev": 0.00874415293030792,
      "median": 0.26717379262,
      "user": 0.08135446181818182,
      "system": 0.007376227272727273,
      "min": 0.26387474562,
      "max": 0.28901969862,
      "times": [
        0.27036816462,
        0.26522401262,
        0.28040730262,
        0.28372248962,
        0.28901969862,
        0.26522249962,
        0.27581087562,
        0.26611094262,
        0.26617613562000003,
        0.26387474562,
        0.26717379262
      ],
      "exit_codes": [
        0,
        0,
        0,
        0,
        0,
        0,
        0,
        0,
        0,
        0,
        0
      ],
      "parameters": {
        "size": "10000000",
        "type": "renoir"
      }
    }
  ]
}
