{
  "results": [
    {
      "command": "./flowunits -r config_flowunits.toml -- 100000",
      "mean": 0.2563052337072728,
      "stddev": 0.0018472093272126565,
      "median": 0.25687599798000005,
      "user": 0.08889434545454544,
      "system": 0.008063821818181818,
      "min": 0.25193490698000004,
      "max": 0.25808473098000007,
      "times": [
        0.25687599798000005,
        0.25808473098000007,
        0.25759129698000005,
        0.25193490698000004,
        0.25719400298000006,
        0.25764503798000005,
        0.25544941698000007,
        0.25557489098,
        0.25801526098000005,
        0.25644233598000005,
        0.25454969198000005
      ],
      "exit_codes": [
        0,
        0,
        0,
        0,
        0,
        0,
        0,
        0,
        0,
        0,
        0
      ],
      "parameters": {
        "size": "100000",
        "type": "flowunits"
      }
    },
    {
      "command": "./flowunits -r config_flowunits.toml -- 1000000",
      "mean": 0.63085930418,
      "stddev": 0.0044871267254727515,
      "median": 0.63068171848,
      "user": 0.09972279999999999,
      "system": 0.010156839999999999,
      "min": 0.62320070098,
      "max": 0.6375775299800001,
      "times": [
        0.63583050898,
        0.62622768898,
        0.6332119759800001,
        0.63175706198,
        0.62831724198,
        0.63428034698,
        0.62960637498,
        0.6375775299800001,
        0.62858361098,
        0.62320070098
      ],
      "exit_codes": [
        0,
        0,
        0,
        0,
        0,
        0,
        0,
        0,
        0,
        0
      ],
      "parameters": {
        "size": "1000000",
        "type": "flowunits"
      }
    },
    {
      "command": "./flowunits -r config_flowunits.toml -- 10000000",
      "mean": 4.416947223379999,
      "stddev": 0.005732930452258544,
      "median": 4.41871321798,
      "user": 0.09740000000000001,
      "system": 0.008602740000000001,
      "min": 4.40491610398,
      "max": 4.42470872098,
      "times": [
        4.42470872098,
        4.41598126098,
        4.41406785698,
        4.41098889198,
        4.419934190979999,
        4.41979573398,
        4.417630701979999,
        4.42057084098,
        4.40491610398,
        4.42087793098
      ],
      "exit_codes": [
        0,
        0,
        0,
        0,
        0,
        0,
        0,
        0,
        0,
        0
      ],
      "parameters": {
        "size": "10000000",
        "type": "flowunits"
      }
    },
    {
      "command": "./flowunits -r config_renoir.toml -- 100000",
      "mean": 0.45236169018000005,
      "stddev": 0.016573140702908214,
      "median": 0.46002602548000004,
      "user": 0.0927866,
      "system": 0.00724354,
      "min": 0.42050021098000007,
      "max": 0.4668909129800001,
      "times": [
        0.46454879898000007,
        0.46369370698000006,
        0.42050021098000007,
        0.42502016398000003,
        0.45365121298000005,
        0.4668909129800001,
        0.46024921898000004,
        0.45980283198000005,
        0.46140240898000007,
        0.4478574349800001
      ],
      "exit_codes": [
        0,
        0,
        0,
        0,
        0,
        0,
        0,
        0,
        0,
        0
      ],
      "parameters": {
        "size": "100000",
        "type": "renoir"
      }
    },
    {
      "command": "./flowunits -r config_renoir.toml -- 1000000",
      "mean": 2.52344097528,
      "stddev": 0.04743141081599094,
      "median": 2.5455171299800003,
      "user": 0.09889350000000001,
      "system": 0.00926424,
      "min": 2.43658133598,
      "max": 2.56066517098,
      "times": [
        2.54157718498,
        2.51202991698,
        2.43716566698,
        2.5418431909800003,
        2.55148736798,
        2.56066517098,
        2.5507542929800002,
        2.54919106898,
        2.55311455598,
        2.43658133598
      ],
      "exit_codes": [
        0,
        0,
        0,
        0,
        0,
        0,
        0,
        0,
        0,
        0
      ],
      "parameters": {
        "size": "1000000",
        "type": "renoir"
      }
    },
    {
      "command": "./flowunits -r config_renoir.toml -- 10000000",
      "mean": 21.692462266779998,
      "stddev": 0.31651108306099324,
      "median": 21.75062394398,
      "user": 0.0824004,
      "system": 0.01021784,
      "min": 20.91539522598,
      "max": 22.011932785979997,
      "times": [
        22.011932785979997,
        21.63804456798,
        20.91539522598,
        21.729341623979998,
        21.608165719979997,
        21.77190626398,
        21.91327133798,
        21.979284504979997,
        21.83124180698,
        21.52603882998
      ],
      "exit_codes": [
        0,
        0,
        0,
        0,
        0,
        0,
        0,
        0,
        0,
        0
      ],
      "parameters": {
        "size": "10000000",
        "type": "renoir"
      }
    }
  ]
}
