{
  "results": [
    {
      "command": "./flowunits -r config_flowunits.toml -- 100000",
      "mean": 0.21819231283384613,
      "stddev": 0.002563911059409364,
      "median": 0.21788454868,
      "user": 0.08330277692307694,
      "system": 0.008337081538461537,
      "min": 0.21304406468,
      "max": 0.22249866868,
      "times": [
        0.21860212168,
        0.21730112668,
        0.21759367368,
        0.21304406468,
        0.21788454868,
        0.22090045668,
        0.22249866868,
        0.22087623068,
        0.21643993368,
        0.21848714768,
        0.22030693468,
        0.21506638268,
        0.21749877668
      ],
      "exit_codes": [
        0,
        0,
        0,
        0,
        0,
        0,
        0,
        0,
        0,
        0,
        0,
        0,
        0
      ],
      "parameters": {
        "size": "100000",
        "type": "flowunits"
      }
    },
    {
      "command": "./flowunits -r config_flowunits.toml -- 1000000",
      "mean": 0.26335192068,
      "stddev": 0.0025878923069054126,
      "median": 0.26313455668,
      "user": 0.09574733636363636,
      "system": 0.008203529090909089,
      "min": 0.25961275368000003,
      "max": 0.26710697668000005,
      "times": [
        0.26246397268000005,
        0.26710697668000005,
        0.26366217568000005,
        0.26504441568000003,
        0.26028032368000004,
        0.25961275368000003,
        0.26286720768000005,
        0.26313455668,
        0.26556710268000006,
        0.26676154968000004,
        0.26037009268000005
      ],
      "exit_codes": [
        0,
        0,
        0,
        0,
        0,
        0,
        0,
        0,
        0,
        0,
        0
      ],
      "parameters": {
        "size": "1000000",
        "type": "flowunits"
      }
    },
    {
      "command": "./flowunits -r config_flowunits.toml -- 10000000",
      "mean": 0.63723297228,
      "stddev": 0.0027174703487351953,
      "median": 0.63670979768,
      "user": 0.1040189,
      "system": 0.008301020000000001,
      "min": 0.63427225368,
      "max": 0.64181441568,
      "times": [
        0.63986203968,
        0.63427225368,
        0.63634763968,
        0.63477303168,
        0.64029196468,
        0.64181441568,
        0.63429784168,
        0.63831334068,
        0.63528523968,
        0.63707195568
      ],
      "exit_codes": [
        0,
        0,
        0,
        0,
        0,
        0,
        0,
        0,
        0,
        0
      ],
      "parameters": {
        "size": "10000000",
        "type": "flowunits"
      }
    },
    {
      "command": "./flowunits -r config_renoir.toml -- 100000",
      "mean": 0.2345700428466667,
      "stddev": 0.004413165104841126,
      "median": 0.23460152568,
      "user": 0.0930132,
      "system": 0.006962119999999999,
      "min": 0.22936421468,
      "max": 0.24257723568,
      "times": [
        0.24257723568,
        0.23174078468,
        0.22992034568,
        0.23004882568,
        0.23786335868,
        0.22936421468,
        0.23595204968,
        0.23674329168,
        0.23577942668000001,
        0.24071783368,
        0.23342362468,
        0.23070952268
      ],
      "exit_codes": [
        0,
        0,
        0,
        0,
        0,
        0,
        0,
        0,
        0,
        0,
        0,
        0
      ],
      "parameters": {
        "size": "100000",
        "type": "renoir"
      }
    },
    {
      "command": "./flowunits -r config_renoir.toml -- 1000000",
      "mean": 0.41511781768,
      "stddev": 0.0033365387585037225,
      "median": 0.4145476196800001,
      "user": 0.09635229999999999,
      "system": 0.01040332,
      "min": 0.41054536068,
      "max": 0.41973513868000006,
      "times": [
        0.41167812168000006,
        0.41548646268000006,
        0.41360877668000007,
        0.41661745068000006,
        0.41286396268000003,
        0.41269774168000006,
        0.41961166768,
        0.41833349368000006,
        0.41054536068,
        0.41973513868000006
      ],
      "exit_codes": [
        0,
        0,
        0,
        0,
        0,
        0,
        0,
        0,
        0,
        0
      ],
      "parameters": {
        "size": "1000000",
        "type": "renoir"
      }
    },
    {
      "command": "./flowunits -r config_renoir.toml -- 10000000",
      "mean": 2.1736514859800002,
      "stddev": 0.020496974009512194,
      "median": 2.1697685471800003,
      "user": 0.08210009999999998,
      "system": 0.010838419999999998,
      "min": 2.15387930468,
      "max": 2.2255581116800003,
      "times": [
        2.15941950968,
        2.15387930468,
        2.18091583068,
        2.16982126568,
        2.1697158286800002,
        2.1633056556800003,
        2.1822565806800003,
        2.15851686968,
        2.2255581116800003,
        2.1731259026800003
      ],
      "exit_codes": [
        0,
        0,
        0,
        0,
        0,
        0,
        0,
        0,
        0,
        0
      ],
      "parameters": {
        "size": "10000000",
        "type": "renoir"
      }
    }
  ]
}
