{
  "results": [
    {
      "command": "./flowunits -r config_flowunits.toml -- 100000",
      "mean": 0.21467598247428574,
      "stddev": 0.0016089223175906934,
      "median": 0.21490172026000004,
      "user": 0.09540164285714288,
      "system": 0.0057858599999999994,
      "min": 0.21186347726000002,
      "max": 0.21826478226,
      "times": [
        0.21186347726000002,
        0.21235186226000002,
        0.21377552726000001,
        0.21542698026,
        0.21611718226,
        0.21475023226,
        0.21290746126,
        0.21505689626000002,
        0.21826478226,
        0.21477140126000002,
        0.21503203926000003,
        0.21509212226000002,
        0.21532313526000002,
        0.21473065526000001
      ],
      "exit_codes": [
        0,
        0,
        0,
        0,
        0,
        0,
        0,
        0,
        0,
        0,
        0,
        0,
        0,
        0
      ],
      "parameters": {
        "size": "100000",
        "type": "flowunits"
      }
    },
    {
      "command": "./flowunits -r config_flowunits.toml -- 1000000",
      "mean": 0.22017985572153842,
      "stddev": 0.002072543588003186,
      "median": 0.22043743126,
      "user": 0.08381434615384616,
      "system": 0.010500783076923075,
      "min": 0.21655972026,
      "max": 0.22336479226000003,
      "times": [
        0.22053159726000002,
        0.21837743326,
        0.21803477226,
        0.22229790426,
        0.22187508326000002,
        0.22043743126,
        0.22336479226000003,
        0.21655972026,
        0.22057980826,
        0.21978003026,
        0.21852547126000002,
        0.21892112226000002,
        0.22305295826000002
      ],
      "exit_codes": [
        0,
        0,
        0,
        0,
        0,
        0,
        0,
        0,
        0,
        0,
        0,
        0,
        0
      ],
      "parameters": {
        "size": "1000000",
        "type": "flowunits"
      }
    },
    {
      "command": "./flowunits -r config_flowunits.toml -- 10000000",
      "mean": 0.28061345836,
      "stddev": 0.0029065294896775456,
      "median": 0.28049813826000003,
      "user": 0.08344090000000001,
      "system": 0.00795506,
      "min": 0.27619759126000004,
      "max": 0.28600344126000005,
      "times": [
        0.27669255726,
        0.28159140126000004,
        0.27967726626,
        0.27968420926000004,
        0.28020294026000003,
        0.28079333626,
        0.28195782726,
        0.28333401326,
        0.27619759126000004,
        0.28600344126000005
      ],
      "exit_codes": [
        0,
        0,
        0,
        0,
        0,
        0,
        0,
        0,
        0,
        0
      ],
      "parameters": {
        "size": "10000000",
        "type": "flowunits"
      }
    },
    {
      "command": "./flowunits -r config_renoir.toml -- 100000",
      "mean": 0.22774756017666664,
      "stddev": 0.009577454705174196,
      "median": 0.22235512226000004,
      "user": 0.09318466666666668,
      "system": 0.007277538333333333,
      "min": 0.21776108026000002,
      "max": 0.24208723026,
      "times": [
        0.24208723026,
        0.22071900826000002,
        0.23338478526,
        0.21931734426000002,
        0.21776108026000002,
        0.23823779126000003,
        0.21995372526,
        0.22133668526000003,
        0.22337355926000002,
        0.21969386826,
        0.24187030426000003,
        0.23523534026
      ],
      "exit_codes": [
        0,
        0,
        0,
        0,
        0,
        0,
        0,
        0,
        0,
        0,
        0,
        0
      ],
      "parameters": {
        "size": "100000",
        "type": "renoir"
      }
    },
    {
      "command": "./flowunits -r config_renoir.toml -- 1000000",
      "mean": 0.23643044526000004,
      "stddev": 0.003142455165132982,
      "median": 0.23539920176,
      "user": 0.09701141666666667,
      "system": 0.00792136,
      "min": 0.23300638626,
      "max": 0.24303947326000003,
      "times": [
        0.23441305026,
        0.23470861326,
        0.23600547226000002,
        0.24303947326000003,
        0.23479293126,
        0.24018316426000003,
        0.23300638626,
        0.23648395826000002,
        0.23871089826000003,
        0.23361729026000003,
        0.23892246426000002,
        0.23328164126
      ],
      "exit_codes": [
        0,
        0,
        0,
        0,
        0,
        0,
        0,
        0,
        0,
        0,
        0,
        0
      ],
      "parameters": {
        "size": "1000000",
        "type": "renoir"
      }
    },
    {
      "command": "./flowunits -r config_renoir.toml -- 10000000",
      "mean": 0.41902962746000005,
      "stddev": 0.012824409556037948,
      "median": 0.41562890626000004,
      "user": 0.0864809,
      "system": 0.008197759999999998,
      "min": 0.39865281526,
      "max": 0.43847498026000004,
      "times": [
        0.41315301526000003,
        0.41185701926,
        0.43847498026000004,
        0.42748620426,
        0.40838752226,
        0.42988576726000005,
        0.41810479726000005,
        0.41035818226000004,
        0.39865281526,
        0.43393597126000005
      ],
      "exit_codes": [
        0,
        0,
        0,
        0,
        0,
        0,
        0,
        0,
        0,
        0
      ],
      "parameters": {
        "size": "10000000",
        "type": "renoir"
      }
    }
  ]
}
