{
  "results": [
    {
      "command": "./flowunits -r config_flowunits.toml -- 100000",
      "mean": 0.21407989988615392,
      "stddev": 0.0018006303093639068,
      "median": 0.21439073904000003,
      "user": 0.08340421846153846,
      "system": 0.00854698,
      "min": 0.20920559004000003,
      "max": 0.21663291704,
      "times": [
        0.21663291704,
        0.21368275304000003,
        0.21431292304000002,
        0.20920559004000003,
        0.21439073904000003,
        0.21548095004000004,
        0.21277561404000003,
        0.21396427104000001,
        0.21564119004,
        0.21441313104,
        0.21452178404000002,
        0.21498057304,
        0.21303626304000003
      ],
      "exit_codes": [
        0,
        0,
        0,
        0,
        0,
        0,
        0,
        0,
        0,
        0,
        0,
        0,
        0
      ],
      "parameters": {
        "size": "100000",
        "type": "flowunits"
      }
    },
    {
      "command": "./flowunits -r config_flowunits.toml -- 1000000",
      "mean": 0.21904458711692312,
      "stddev": 0.0017911862860250166,
      "median": 0.21925502804000002,
      "user": 0.09939321846153847,
      "system": 0.009366056923076923,
      "min": 0.21581808204000003,
      "max": 0.22194860104000003,
      "times": [
        0.21980890404000003,
        0.21820856804000002,
        0.21949431504000003,
        0.22189101304000003,
        0.22194860104000003,
        0.22062080504000003,
        0.21859092304000002,
        0.21925502804000002,
        0.21786936304,
        0.21926901304000002,
        0.21581808204000003,
        0.21689747304,
        0.21790754404
      ],
      "exit_codes": [
        0,
        0,
        0,
        0,
        0,
        0,
        0,
        0,
        0,
        0,
        0,
        0,
        0
      ],
      "parameters": {
        "size": "1000000",
        "type": "flowunits"
      }
    },
    {
      "command": "./flowunits -r config_flowunits.toml -- 10000000",
      "mean": 0.27931657704,
      "stddev": 0.004104139172707459,
      "median": 0.28020792954,
      "user": 0.09475968,
      "system": 0.007303180000000001,
      "min": 0.27157718904,
      "max": 0.28375236804000004,
      "times": [
        0.28052065504,
        0.27435421904,
        0.28300412604,
        0.28301289304000005,
        0.27989520404,
        0.28225439204,
        0.28375236804000004,
        0.27631261604,
        0.27157718904,
        0.27848210804
      ],
      "exit_codes": [
        0,
        0,
        0,
        0,
        0,
        0,
        0,
        0,
        0,
        0
      ],
      "parameters": {
        "size": "10000000",
        "type": "flowunits"
      }
    },
    {
      "command": "./flowunits -r config_renoir.toml -- 100000",
      "mean": 0.23179003295666667,
      "stddev": 0.009977220073232278,
      "median": 0.23239727104000002,
      "user": 0.09101209666666665,
      "system": 0.008972813333333331,
      "min": 0.21871349304,
      "max": 0.24547530404000004,
      "times": [
        0.24500578504000003,
        0.21871349304,
        0.23878613904,
        0.23141657004000002,
        0.24547530404000004,
        0.23952564304,
        0.22167361604000002,
        0.22371052004000003,
        0.23337797204000002,
        0.22099671804,
        0.24051490604000003,
        0.22228372904000002
      ],
      "exit_codes": [
        0,
        0,
        0,
        0,
        0,
        0,
        0,
        0,
        0,
        0,
        0,
        0
      ],
      "parameters": {
        "size": "100000",
        "type": "renoir"
      }
    },
    {
      "command": "./flowunits -r config_renoir.toml -- 1000000",
      "mean": 0.23545592720666667,
      "stddev": 0.011324198814766928,
      "median": 0.22883773054,
      "user": 0.08692776333333334,
      "system": 0.01122173,
      "min": 0.22419234304000002,
      "max": 0.25078683004,
      "times": [
        0.24769167404000003,
        0.22595382004000003,
        0.22616308204000002,
        0.25078683004,
        0.24901105504,
        0.22588317804000002,
        0.24571785804000001,
        0.22495161404000003,
        0.24744421104000003,
        0.22419234304000002,
        0.22883629804000002,
        0.22883916304000002
      ],
      "exit_codes": [
        0,
        0,
        0,
        0,
        0,
        0,
        0,
        0,
        0,
        0,
        0,
        0
      ],
      "parameters": {
        "size": "1000000",
        "type": "renoir"
      }
    },
    {
      "command": "./flowunits -r config_renoir.toml -- 10000000",
      "mean": 0.27126644476727274,
      "stddev": 0.0058385683297672,
      "median": 0.27079338104,
      "user": 0.0978788618181818,
      "system": 0.008407343636363638,
      "min": 0.26529630904,
      "max": 0.28589369704,
      "times": [
        0.26796421404000004,
        0.27134886204,
        0.26928278304000003,
        0.27514725404,
        0.26650345904,
        0.26529630904,
        0.27097677504,
        0.27079338104,
        0.26607528704000005,
        0.28589369704,
        0.27464887104
      ],
      "exit_codes": [
        0,
        0,
        0,
        0,
        0,
        0,
        0,
        0,
        0,
        0,
        0
      ],
      "parameters": {
        "size": "10000000",
        "type": "renoir"
      }
    }
  ]
}
