{
  "results": [
    {
      "command": "./flowunits -r config_flowunits.toml -- 100000",
      "mean": 0.21756998681384612,
      "stddev": 0.0016196906044327769,
      "median": 0.21765496266,
      "user": 0.09501161076923077,
      "system": 0.0072437261538461535,
      "min": 0.21522391066000002,
      "max": 0.22102106466000002,
      "times": [
        0.21880962366,
        0.21602382766,
        0.22102106466000002,
        0.21522391066000002,
        0.21563958766,
        0.21924740466,
        0.21648780666,
        0.21846862566,
        0.21765496266,
        0.21645003566,
        0.21809210066,
        0.21745164166,
        0.21783923666000002
      ],
      "exit_codes": [
        0,
        0,
        0,
        0,
        0,
        0,
        0,
        0,
        0,
        0,
        0,
        0,
        0
      ],
      "parameters": {
        "size": "100000",
        "type": "flowunits"
      }
    },
    {
      "command": "./flowunits -r config_flowunits.toml -- 1000000",
      "mean": 0.2628251984781818,
      "stddev": 0.0021033816779931296,
      "median": 0.26243209566000003,
      "user": 0.09204456181818181,
      "system": 0.00801788,
      "min": 0.25850078466,
      "max": 0.26550735466000003,
      "times": [
        0.26279801166,
        0.26189018166,
        0.26417575166,
        0.26550735466000003,
        0.26514719966,
        0.26124454166,
        0.26532669566,
        0.26243209566000003,
        0.26183607966,
        0.26221848666,
        0.25850078466
      ],
      "exit_codes": [
        0,
        0,
        0,
        0,
        0,
        0,
        0,
        0,
        0,
        0,
        0
      ],
      "parameters": {
        "size": "1000000",
        "type": "flowunits"
      }
    },
    {
      "command": "./flowunits -r config_flowunits.toml -- 10000000",
      "mean": 0.6385212087600001,
      "stddev": 0.002429932021753034,
      "median": 0.6382690311600001,
      "user": 0.09652137999999999,
      "system": 0.007872979999999998,
      "min": 0.63541925466,
      "max": 0.6429135866600001,
      "times": [
        0.6361017216600001,
        0.6384996326600001,
        0.6373854366600001,
        0.6422815836600001,
        0.6390981726600001,
        0.6369746366600001,
        0.6380577456600001,
        0.63541925466,
        0.6429135866600001,
        0.63848031666
      ],
      "exit_codes": [
        0,
        0,
        0,
        0,
        0,
        0,
        0,
        0,
        0,
        0
      ],
      "parameters": {
        "size": "10000000",
        "type": "flowunits"
      }
    },
    {
      "command": "./flowunits -r config_renoir.toml -- 100000",
      "mean": 0.23447396616000002,
      "stddev": 0.004897789619504004,
      "median": 0.23486378016,
      "user": 0.08058129666666666,
      "system": 0.009280546666666665,
      "min": 0.22837293166,
      "max": 0.24601445366,
      "times": [
        0.23574681866,
        0.23559667766,
        0.24601445366,
        0.22868188066,
        0.23532153266,
        0.23623011366000002,
        0.23440602766000002,
        0.23878170166,
        0.22930786166,
        0.22837293166,
        0.23334341866,
        0.23188417566
      ],
      "exit_codes": [
        0,
        0,
        0,
        0,
        0,
        0,
        0,
        0,
        0,
        0,
        0,
        0
      ],
      "parameters": {
        "size": "100000",
        "type": "renoir"
      }
    },
    {
      "command": "./flowunits -r config_renoir.toml -- 1000000",
      "mean": 0.41160477465999995,
      "stddev": 0.012160025776306016,
      "median": 0.41676397366,
      "user": 0.09151408,
      "system": 0.00924768,
      "min": 0.37913241366,
      "max": 0.42067209566,
      "times": [
        0.42067209566,
        0.37913241366,
        0.41683284766,
        0.41763660166,
        0.41935557066,
        0.41669509966,
        0.40903854266,
        0.41716739366,
        0.40995671166000003,
        0.40956046966000004
      ],
      "exit_codes": [
        0,
        0,
        0,
        0,
        0,
        0,
        0,
        0,
        0,
        0
      ],
      "parameters": {
        "size": "1000000",
        "type": "renoir"
      }
    },
    {
      "command": "./flowunits -r config_renoir.toml -- 10000000",
      "mean": 2.16633015516,
      "stddev": 0.00724547456688963,
      "median": 2.16680802716,
      "user": 0.08841168,
      "system": 0.00953238,
      "min": 2.1525043936599997,
      "max": 2.1764436096599997,
      "times": [
        2.16806230566,
        2.1656876486599996,
        2.1764436096599997,
        2.16750236666,
        2.17497047166,
        2.16957131066,
        2.1569289486599996,
        2.16611368766,
        2.1525043936599997,
        2.16551680866
      ],
      "exit_codes": [
        0,
        0,
        0,
        0,
        0,
        0,
        0,
        0,
        0,
        0
      ],
      "parameters": {
        "size": "10000000",
        "type": "renoir"
      }
    }
  ]
}
