{
  "results": [
    {
      "command": "./flowunits -r config_flowunits.toml -- 100000",
      "mean": 0.21482325123076923,
      "stddev": 0.001668529895434109,
      "median": 0.21465937100000002,
      "user": 0.10349222461538463,
      "system": 0.007520801538461538,
      "min": 0.21274942400000002,
      "max": 0.219434121,
      "times": [
        0.214564753,
        0.21621753800000001,
        0.214045651,
        0.2134899,
        0.213469914,
        0.21465937100000002,
        0.215162573,
        0.213707709,
        0.215178763,
        0.214872289,
        0.219434121,
        0.21274942400000002,
        0.21515026
      ],
      "exit_codes": [
        0,
        0,
        0,
        0,
        0,
        0,
        0,
        0,
        0,
        0,
        0,
        0,
        0
      ],
      "parameters": {
        "size": "100000",
        "type": "flowunits"
      }
    },
    {
      "command": "./flowunits -r config_flowunits.toml -- 1000000",
      "mean": 0.2200199903846154,
      "stddev": 0.0014654818459380267,
      "median": 0.219917506,
      "user": 0.07997845538461539,
      "system": 0.010636339999999998,
      "min": 0.216073187,
      "max": 0.221707979,
      "times": [
        0.21990354,
        0.219246881,
        0.216073187,
        0.221707979,
        0.220956001,
        0.221197363,
        0.221032594,
        0.219917506,
        0.219878964,
        0.218808469,
        0.220259577,
        0.219889093,
        0.221388721
      ],
      "exit_codes": [
        0,
        0,
        0,
        0,
        0,
        0,
        0,
        0,
        0,
        0,
        0,
        0,
        0
      ],
      "parameters": {
        "size": "1000000",
        "type": "flowunits"
      }
    },
    {
      "command": "./flowunits -r config_flowunits.toml -- 10000000",
      "mean": 0.27967871740000005,
      "stddev": 0.0028490488279016538,
      "median": 0.2803309235,
      "user": 0.09349114,
      "system": 0.008556239999999998,
      "min": 0.27233439600000003,
      "max": 0.282360459,
      "times": [
        0.282360459,
        0.280587008,
        0.279544065,
        0.28144014500000003,
        0.27233439600000003,
        0.280074839,
        0.280825735,
        0.278006326,
        0.28004512400000003,
        0.281569077
      ],
      "exit_codes": [
        0,
        0,
        0,
        0,
        0,
        0,
        0,
        0,
        0,
        0
      ],
      "parameters": {
        "size": "10000000",
        "type": "flowunits"
      }
    },
    {
      "command": "./flowunits -r config_renoir.toml -- 100000",
      "mean": 0.2260112350769231,
      "stddev": 0.006580336320781856,
      "median": 0.224944889,
      "user": 0.08258914769230767,
      "system": 0.007696647692307693,
      "min": 0.21700307900000002,
      "max": 0.23901877300000002,
      "times": [
        0.220272741,
        0.21700307900000002,
        0.232139081,
        0.222538174,
        0.225797076,
        0.231255977,
        0.23062755100000001,
        0.220576069,
        0.232858217,
        0.21992140400000001,
        0.22119302500000002,
        0.224944889,
        0.23901877300000002
      ],
      "exit_codes": [
        0,
        0,
        0,
        0,
        0,
        0,
        0,
        0,
        0,
        0,
        0,
        0,
        0
      ],
      "parameters": {
        "size": "100000",
        "type": "renoir"
      }
    },
    {
      "command": "./flowunits -r config_renoir.toml -- 1000000",
      "mean": 0.24550187458333336,
      "stddev": 0.006682470652501711,
      "median": 0.2477227105,
      "user": 0.08483925666666665,
      "system": 0.007972423333333334,
      "min": 0.231397412,
      "max": 0.252857907,
      "times": [
        0.23919933100000002,
        0.252857907,
        0.248640198,
        0.24385048,
        0.236740206,
        0.25031496400000003,
        0.247197006,
        0.248248415,
        0.231397412,
        0.251883151,
        0.244397263,
        0.251296162
      ],
      "exit_codes": [
        0,
        0,
        0,
        0,
        0,
        0,
        0,
        0,
        0,
        0,
        0,
        0
      ],
      "parameters": {
        "size": "1000000",
        "type": "renoir"
      }
    },
    {
      "command": "./flowunits -r config_renoir.toml -- 10000000",
      "mean": 0.413256459,
      "stddev": 0.0069767198063284686,
      "median": 0.4119795775,
      "user": 0.08938023999999999,
      "system": 0.00804224,
      "min": 0.401595283,
      "max": 0.424728679,
      "times": [
        0.401595283,
        0.412456991,
        0.409750724,
        0.409328933,
        0.41821041400000003,
        0.424728679,
        0.411502164,
        0.418948076,
        0.406618619,
        0.419424707
      ],
      "exit_codes": [
        0,
        0,
        0,
        0,
        0,
        0,
        0,
        0,
        0,
        0
      ],
      "parameters": {
        "size": "10000000",
        "type": "renoir"
      }
    }
  ]
}
