{
  "results": [
    {
      "command": "./flowunits -r config_flowunits.toml -- 100000",
      "mean": 0.2568726015036364,
      "stddev": 0.0019580252821176365,
      "median": 0.25677421714,
      "user": 0.0866196090909091,
      "system": 0.009703881818181818,
      "min": 0.25271381514,
      "max": 0.25929889414,
      "times": [
        0.25788217214,
        0.25669629114,
        0.25921107014,
        0.25271381514,
        0.25677421714,
        0.25578870214,
        0.25518477114,
        0.25853982314,
        0.25580663514,
        0.25929889414,
        0.25770222514
      ],
      "exit_codes": [
        0,
        0,
        0,
        0,
        0,
        0,
        0,
        0,
        0,
        0,
        0
      ],
      "parameters": {
        "size": "100000",
        "type": "flowunits"
      }
    },
    {
      "command": "./flowunits -r config_flowunits.toml -- 1000000",
      "mean": 0.6341469309400001,
      "stddev": 0.007043119983695564,
      "median": 0.6364460026400001,
      "user": 0.0817229,
      "system": 0.009953499999999999,
      "min": 0.6223860631400001,
      "max": 0.6438913271400001,
      "times": [
        0.6351624241400001,
        0.6377295811400001,
        0.63073308114,
        0.6438913271400001,
        0.6238154381400001,
        0.63941658014,
        0.6223860631400001,
        0.6309244691400001,
        0.63948275314,
        0.63792759214
      ],
      "exit_codes": [
        0,
        0,
        0,
        0,
        0,
        0,
        0,
        0,
        0,
        0
      ],
      "parameters": {
        "size": "1000000",
        "type": "flowunits"
      }
    },
    {
      "command": "./flowunits -r config_flowunits.toml -- 10000000",
      "mean": 4.41207301094,
      "stddev": 0.008351787027527056,
      "median": 4.41193725664,
      "user": 0.08149129999999999,
      "system": 0.010834599999999998,
      "min": 4.393984367140001,
      "max": 4.42556205414,
      "times": [
        4.411361842140001,
        4.41205055414,
        4.41677908014,
        4.41136199314,
        4.41945194114,
        4.41265396414,
        4.40570035414,
        4.41182395914,
        4.42556205414,
        4.393984367140001
      ],
      "exit_codes": [
        0,
        0,
        0,
        0,
        0,
        0,
        0,
        0,
        0,
        0
      ],
      "parameters": {
        "size": "10000000",
        "type": "flowunits"
      }
    },
    {
      "command": "./flowunits -r config_renoir.toml -- 100000",
      "mean": 0.45970985993999997,
      "stddev": 0.0034799939699136327,
      "median": 0.45990608214,
      "user": 0.08692849999999999,
      "system": 0.008641399999999999,
      "min": 0.45336736014,
      "max": 0.46637026614,
      "times": [
        0.46637026614,
        0.46219876514,
        0.45839770814,
        0.45917135614,
        0.46087211014,
        0.46126676014,
        0.45671814314000003,
        0.45336736014,
        0.45809532214000004,
        0.46064080814
      ],
      "exit_codes": [
        0,
        0,
        0,
        0,
        0,
        0,
        0,
        0,
        0,
        0
      ],
      "parameters": {
        "size": "100000",
        "type": "renoir"
      }
    },
    {
      "command": "./flowunits -r config_renoir.toml -- 1000000",
      "mean": 2.4998968159399992,
      "stddev": 0.06395723453222273,
      "median": 2.49695863564,
      "user": 0.0935953,
      "system": 0.0104353,
      "min": 2.4288049741399997,
      "max": 2.57898647014,
      "times": [
        2.4288049741399997,
        2.57287513514,
        2.43978819714,
        2.5501738591399996,
        2.45138759614,
        2.55278572914,
        2.44754030314,
        2.57898647014,
        2.43409622014,
        2.54252967514
      ],
      "exit_codes": [
        0,
        0,
        0,
        0,
        0,
        0,
        0,
        0,
        0,
        0
      ],
      "parameters": {
        "size": "1000000",
        "type": "renoir"
      }
    },
    {
      "command": "./flowunits -r config_renoir.toml -- 10000000",
      "mean": 21.64723744714,
      "stddev": 0.3129065614012717,
      "median": 21.727965972139998,
      "user": 0.0786569,
      "system": 0.007176200000000002,
      "min": 20.90583909614,
      "max": 21.996629354139998,
      "times": [
        21.996629354139998,
        21.855559514139998,
        21.53547886614,
        20.90583909614,
        21.65244840614,
        21.498436493139998,
        21.51430406514,
        21.81704695614,
        21.80348353814,
        21.89314818214
      ],
      "exit_codes": [
        0,
        0,
        0,
        0,
        0,
        0,
        0,
        0,
        0,
        0
      ],
      "parameters": {
        "size": "10000000",
        "type": "renoir"
      }
    }
  ]
}
