{
  "results": [
    {
      "command": "./flowunits -r config_flowunits.toml -- 100000",
      "mean": 0.21490826956769235,
      "stddev": 0.0009381180102323979,
      "median": 0.21470297826,
      "user": 0.08695174923076922,
      "system": 0.0070920046153846155,
      "min": 0.21340799326,
      "max": 0.21621698326000002,
      "times": [
        0.21582901626,
        0.21621698326000002,
        0.21430850926000003,
        0.21340799326,
        0.21346539026000003,
        0.21428490626000002,
        0.21470297826,
        0.21510775626,
        0.21459644926000002,
        0.21556226726000002,
        0.21449544926000003,
        0.21615503726000002,
        0.21567476826
      ],
      "exit_codes": [
        0,
        0,
        0,
        0,
        0,
        0,
        0,
        0,
        0,
        0,
        0,
        0,
        0
      ],
      "parameters": {
        "size": "100000",
        "type": "flowunits"
      }
    },
    {
      "command": "./flowunits -r config_flowunits.toml -- 1000000",
      "mean": 0.21943165949076923,
      "stddev": 0.002077594409312774,
      "median": 0.21952177126000003,
      "user": 0.09982851846153847,
      "system": 0.008215312307692308,
      "min": 0.21474040826000002,
      "max": 0.22287108326000002,
      "times": [
        0.21870043326000002,
        0.21923531426,
        0.21818649126000003,
        0.21928799326,
        0.21952177126000003,
        0.21723880626000003,
        0.21971807926000003,
        0.21474040826000002,
        0.22166409226000003,
        0.22287108326000002,
        0.22175079526000002,
        0.21952633026,
        0.22016997526
      ],
      "exit_codes": [
        0,
        0,
        0,
        0,
        0,
        0,
        0,
        0,
        0,
        0,
        0,
        0,
        0
      ],
      "parameters": {
        "size": "1000000",
        "type": "flowunits"
      }
    },
    {
      "command": "./flowunits -r config_flowunits.toml -- 10000000",
      "mean": 0.2808150910599999,
      "stddev": 0.0023133857613751004,
      "median": 0.28044696676,
      "user": 0.08456907999999999,
      "system": 0.011859119999999999,
      "min": 0.27660105026,
      "max": 0.28436610026,
      "times": [
        0.28436610026,
        0.27964645226,
        0.28221941126,
        0.27660105026,
        0.28083869526,
        0.28081187526,
        0.27956687426,
        0.28008205826,
        0.27982832326,
        0.28419007026
      ],
      "exit_codes": [
        0,
        0,
        0,
        0,
        0,
        0,
        0,
        0,
        0,
        0
      ],
      "parameters": {
        "size": "10000000",
        "type": "flowunits"
      }
    },
    {
      "command": "./flowunits -r config_renoir.toml -- 100000",
      "mean": 0.22700796572153845,
      "stddev": 0.006917583704323238,
      "median": 0.22869431626000003,
      "user": 0.07947728769230769,
      "system": 0.008680081538461537,
      "min": 0.21614288426000003,
      "max": 0.23975138026,
      "times": [
        0.22066339926000003,
        0.22141947426000003,
        0.22323746926000002,
        0.22942754026,
        0.23975138026,
        0.22200472026,
        0.23275011026000003,
        0.23444129726000001,
        0.21614288426000003,
        0.22869431626000003,
        0.23230828326000003,
        0.23018087026000003,
        0.22008180926
      ],
      "exit_codes": [
        0,
        0,
        0,
        0,
        0,
        0,
        0,
        0,
        0,
        0,
        0,
        0,
        0
      ],
      "parameters": {
        "size": "100000",
        "type": "renoir"
      }
    },
    {
      "command": "./flowunits -r config_renoir.toml -- 1000000",
      "mean": 0.23019597926000002,
      "stddev": 0.00325103322664377,
      "median": 0.22927365676000003,
      "user": 0.09454581333333333,
      "system": 0.007841369999999999,
      "min": 0.22601798526000003,
      "max": 0.23597859626,
      "times": [
        0.23597859626,
        0.22707642726000002,
        0.22601798526000003,
        0.22771443226000002,
        0.22816855226000002,
        0.22807861326,
        0.23437457226000002,
        0.22990003426000002,
        0.22864727926000003,
        0.23009582026000003,
        0.23446839826000002,
        0.23183104026
      ],
      "exit_codes": [
        0,
        0,
        0,
        0,
        0,
        0,
        0,
        0,
        0,
        0,
        0,
        0
      ],
      "parameters": {
        "size": "1000000",
        "type": "renoir"
      }
    },
    {
      "command": "./flowunits -r config_renoir.toml -- 10000000",
      "mean": 0.27115277775999996,
      "stddev": 0.008287853036539656,
      "median": 0.26888416626,
      "user": 0.10245677999999998,
      "system": 0.00715822,
      "min": 0.25862675426,
      "max": 0.28356776526,
      "times": [
        0.27468234826,
        0.26893544726,
        0.27781981226,
        0.25862675426,
        0.26883288526,
        0.26701077326,
        0.26862614726,
        0.28210017726,
        0.28356776526,
        0.26132566726
      ],
      "exit_codes": [
        0,
        0,
        0,
        0,
        0,
        0,
        0,
        0,
        0,
        0
      ],
      "parameters": {
        "size": "10000000",
        "type": "renoir"
      }
    }
  ]
}
