{
  "results": [
    {
      "command": "./flowunits -r config_flowunits.toml -- 100000",
      "mean": 0.21496333515076926,
      "stddev": 0.0015403990664369616,
      "median": 0.21479263692000003,
      "user": 0.09379897846153848,
      "system": 0.007508930769230767,
      "min": 0.21257180792000002,
      "max": 0.21858922592000002,
      "times": [
        0.21610186792000002,
        0.21257180792000002,
        0.21345016292000002,
        0.21476126692000003,
        0.21858922592000002,
        0.21437571492000002,
        0.21552501792000003,
        0.21538955392000003,
        0.21435320392,
        0.21479263692000003,
        0.21625963292000003,
        0.21513021792000003,
        0.21322304692000002
      ],
      "exit_codes": [
        0,
        0,
        0,
        0,
        0,
        0,
        0,
        0,
        0,
        0,
        0,
        0,
        0
      ],
      "parameters": {
        "size": "100000",
        "type": "flowunits"
      }
    },
    {
      "command": "./flowunits -r config_flowunits.toml -- 1000000",
      "mean": 0.22020296807384618,
      "stddev": 0.0009433005240298418,
      "median": 0.22039334292,
      "user": 0.09694467076923077,
      "system": 0.008325392307692307,
      "min": 0.21843106992000003,
      "max": 0.22193630292000002,
      "times": [
        0.22039334292,
        0.21922853292000002,
        0.22099493992000002,
        0.22082368992000004,
        0.22020610292000004,
        0.21954020692000004,
        0.21843106992000003,
        0.21989311692000002,
        0.21912358592000003,
        0.22095642792000003,
        0.22065220892000004,
        0.22193630292000002,
        0.22045905692000003
      ],
      "exit_codes": [
        0,
        0,
        0,
        0,
        0,
        0,
        0,
        0,
        0,
        0,
        0,
        0,
        0
      ],
      "parameters": {
        "size": "1000000",
        "type": "flowunits"
      }
    },
    {
      "command": "./flowunits -r config_flowunits.toml -- 10000000",
      "mean": 0.27893243252000005,
      "stddev": 0.0051842440441686195,
      "median": 0.27949183392,
      "user": 0.09758934,
      "system": 0.0084054,
      "min": 0.26808694892,
      "max": 0.28658507492,
      "times": [
        0.27917743492,
        0.27923800892,
        0.27985558492,
        0.26808694892,
        0.28658507492,
        0.27739854492,
        0.27344755592000003,
        0.27974565892000003,
        0.28320810292,
        0.28258140992
      ],
      "exit_codes": [
        0,
        0,
        0,
        0,
        0,
        0,
        0,
        0,
        0,
        0
      ],
      "parameters": {
        "size": "10000000",
        "type": "flowunits"
      }
    },
    {
      "command": "./flowunits -r config_renoir.toml -- 100000",
      "mean": 0.22229517292000003,
      "stddev": 0.004913968617238374,
      "median": 0.22080528992000004,
      "user": 0.09618902333333333,
      "system": 0.00899895,
      "min": 0.21695425392000003,
      "max": 0.23576163992000002,
      "times": [
        0.23576163992000002,
        0.22018428192000003,
        0.22423521692000004,
        0.22045479892000003,
        0.22029275492000003,
        0.22196262192000002,
        0.22669057492000003,
        0.21877374092000001,
        0.22118155892000002,
        0.21695425392000003,
        0.22115578092000002,
        0.21989485092000002
      ],
      "exit_codes": [
        0,
        0,
        0,
        0,
        0,
        0,
        0,
        0,
        0,
        0,
        0,
        0
      ],
      "parameters": {
        "size": "100000",
        "type": "renoir"
      }
    },
    {
      "command": "./flowunits -r config_renoir.toml -- 1000000",
      "mean": 0.23971518758666668,
      "stddev": 0.008049335495207774,
      "median": 0.23643603342000002,
      "user": 0.09635519,
      "system": 0.008881283333333333,
      "min": 0.23161722992000003,
      "max": 0.25639389392,
      "times": [
        0.23523823092000004,
        0.25183474692,
        0.25639389392,
        0.23393439892000004,
        0.23273719692000003,
        0.23614944692000003,
        0.24629570492000002,
        0.23672261992000002,
        0.23310242192000002,
        0.23161722992000003,
        0.23949924892000002,
        0.24305711092000004
      ],
      "exit_codes": [
        0,
        0,
        0,
        0,
        0,
        0,
        0,
        0,
        0,
        0,
        0,
        0
      ],
      "parameters": {
        "size": "1000000",
        "type": "renoir"
      }
    },
    {
      "command": "./flowunits -r config_renoir.toml -- 10000000",
      "mean": 0.40774065822,
      "stddev": 0.006710466077101246,
      "median": 0.40651428942,
      "user": 0.09659224,
      "system": 0.009206999999999998,
      "min": 0.39548267392,
      "max": 0.42121496692,
      "times": [
        0.41000640892,
        0.41302256592000003,
        0.40632555592,
        0.42121496692,
        0.41059497092,
        0.40549527192,
        0.40460721892,
        0.40670302292,
        0.40395392592,
        0.39548267392
      ],
      "exit_codes": [
        0,
        0,
        0,
        0,
        0,
        0,
        0,
        0,
        0,
        0
      ],
      "parameters": {
        "size": "10000000",
        "type": "renoir"
      }
    }
  ]
}
