{
  "results": [
    {
      "command": "./flowunits -r config_flowunits.toml -- 100000",
      "mean": 0.21794840496307694,
      "stddev": 0.001321004063202902,
      "median": 0.21812498004000003,
      "user": 0.09441675230769232,
      "system": 0.0073643769230769245,
      "min": 0.21582584504000002,
      "max": 0.22017947704000002,
      "times": [
        0.21695176404000002,
        0.21932852404000003,
        0.21582584504000002,
        0.21943169704,
        0.21711808504000002,
        0.21911643704000003,
        0.21711378604000003,
        0.21648131204,
        0.22017947704000002,
        0.21855637804000003,
        0.21815849304,
        0.21812498004000003,
        0.21694248604000002
      ],
      "exit_codes": [
        0,
        0,
        0,
        0,
        0,
        0,
        0,
        0,
        0,
        0,
        0,
        0,
        0
      ],
      "parameters": {
        "size": "100000",
        "type": "flowunits"
      }
    },
    {
      "command": "./flowunits -r config_flowunits.toml -- 1000000",
      "mean": 0.26561426522181825,
      "stddev": 0.00223654216319813,
      "median": 0.26541918704,
      "user": 0.10107360545454544,
      "system": 0.006771027272727273,
      "min": 0.26289142404000004,
      "max": 0.27022557704000005,
      "times": [
        0.26316519604000005,
        0.26518089104000003,
        0.26541918704,
        0.26748647804000003,
        0.26394695104000004,
        0.26332481604,
        0.26289142404000004,
        0.26682232404,
        0.26664547404000005,
        0.27022557704000005,
        0.26664859904000004
      ],
      "exit_codes": [
        0,
        0,
        0,
        0,
        0,
        0,
        0,
        0,
        0,
        0,
        0
      ],
      "parameters": {
        "size": "1000000",
        "type": "flowunits"
      }
    },
    {
      "command": "./flowunits -r config_flowunits.toml -- 10000000",
      "mean": 0.63582783924,
      "stddev": 0.0030693026371552416,
      "median": 0.63620911654,
      "user": 0.09798336,
      "system": 0.0086895,
      "min": 0.63110938204,
      "max": 0.64153697804,
      "times": [
        0.63268283804,
        0.63110938204,
        0.64153697804,
        0.63460714104,
        0.63690090704,
        0.63308398004,
        0.63795033104,
        0.63757867504,
        0.63551732604,
        0.63731083404
      ],
      "exit_codes": [
        0,
        0,
        0,
        0,
        0,
        0,
        0,
        0,
        0,
        0
      ],
      "parameters": {
        "size": "10000000",
        "type": "flowunits"
      }
    },
    {
      "command": "./flowunits -r config_renoir.toml -- 100000",
      "mean": 0.23426798095666676,
      "stddev": 0.0026462117013648892,
      "median": 0.23403635404000003,
      "user": 0.09660872666666666,
      "system": 0.006901049999999999,
      "min": 0.23053991704000001,
      "max": 0.23851196404000002,
      "times": [
        0.23145605204000003,
        0.23237479204000003,
        0.23053991704000001,
        0.23352537704000004,
        0.23685717604000003,
        0.23454733104000003,
        0.23285137504000003,
        0.23720611904000002,
        0.23851196404000002,
        0.23665199204000004,
        0.23538061104000002,
        0.23131306504000002
      ],
      "exit_codes": [
        0,
        0,
        0,
        0,
        0,
        0,
        0,
        0,
        0,
        0,
        0,
        0
      ],
      "parameters": {
        "size": "100000",
        "type": "renoir"
      }
    },
    {
      "command": "./flowunits -r config_renoir.toml -- 1000000",
      "mean": 0.41581992734,
      "stddev": 0.004420895350329588,
      "median": 0.41572337254,
      "user": 0.10322835999999999,
      "system": 0.008237600000000001,
      "min": 0.40978601004000004,
      "max": 0.42257215104,
      "times": [
        0.40978601004000004,
        0.41730532904000006,
        0.42099650104,
        0.41128858404,
        0.41954934204000005,
        0.41414141604000004,
        0.41375510204000004,
        0.41751317904,
        0.42257215104,
        0.41129165904000003
      ],
      "exit_codes": [
        0,
        0,
        0,
        0,
        0,
        0,
        0,
        0,
        0,
        0
      ],
      "parameters": {
        "size": "1000000",
        "type": "renoir"
      }
    },
    {
      "command": "./flowunits -r config_renoir.toml -- 10000000",
      "mean": 2.1654975431400003,
      "stddev": 0.012090828049726084,
      "median": 2.16478783154,
      "user": 0.09416205999999999,
      "system": 0.0083903,
      "min": 2.1499889210400003,
      "max": 2.19227733604,
      "times": [
        2.16201269604,
        2.1673256430400003,
        2.1499889210400003,
        2.1585894260400003,
        2.17143914704,
        2.16225002004,
        2.1719326310400002,
        2.15128789404,
        2.19227733604,
        2.16787171704
      ],
      "exit_codes": [
        0,
        0,
        0,
        0,
        0,
        0,
        0,
        0,
        0,
        0
      ],
      "parameters": {
        "size": "10000000",
        "type": "renoir"
      }
    }
  ]
}
