{
  "results": [
    {
      "command": "./flowunits -r config_flowunits.toml -- 100000",
      "mean": 0.2565915711527273,
      "stddev": 0.0019726161624717656,
      "median": 0.25741850288,
      "user": 0.09404331818181816,
      "system": 0.008258363636363637,
      "min": 0.25344786888000004,
      "max": 0.25941800688000005,
      "times": [
        0.25887754588,
        0.25741850288,
        0.25941800688000005,
        0.25690854788,
        0.25344786888000004,
        0.25748109988,
        0.25415306888,
        0.25437583588,
        0.25534528188,
        0.25742165888,
        0.25765986488000003
      ],
      "exit_codes": [
        0,
        0,
        0,
        0,
        0,
        0,
        0,
        0,
        0,
        0,
        0
      ],
      "parameters": {
        "size": "100000",
        "type": "flowunits"
      }
    },
    {
      "command": "./flowunits -r config_flowunits.toml -- 1000000",
      "mean": 0.63263070448,
      "stddev": 0.004903996229880366,
      "median": 0.63330058838,
      "user": 0.09075979999999999,
      "system": 0.0068623,
      "min": 0.6255458888800001,
      "max": 0.6409915408800001,
      "times": [
        0.6409915408800001,
        0.6338217928800001,
        0.6327793838800001,
        0.63587992788,
        0.6255458888800001,
        0.63036214688,
        0.62889223488,
        0.63490571388,
        0.62618958388,
        0.63693883088
      ],
      "exit_codes": [
        0,
        0,
        0,
        0,
        0,
        0,
        0,
        0,
        0,
        0
      ],
      "parameters": {
        "size": "1000000",
        "type": "flowunits"
      }
    },
    {
      "command": "./flowunits -r config_flowunits.toml -- 10000000",
      "mean": 4.416412961979999,
      "stddev": 0.012027614464357973,
      "median": 4.41286296288,
      "user": 0.08984919999999999,
      "system": 0.0095324,
      "min": 4.39573162688,
      "max": 4.43895576588,
      "times": [
        4.4141263008800005,
        4.42499143888,
        4.41159962488,
        4.40903658588,
        4.43895576588,
        4.39573162688,
        4.42790306188,
        4.42020579088,
        4.41090783188,
        4.41067159188
      ],
      "exit_codes": [
        0,
        0,
        0,
        0,
        0,
        0,
        0,
        0,
        0,
        0
      ],
      "parameters": {
        "size": "10000000",
        "type": "flowunits"
      }
    },
    {
      "command": "./flowunits -r config_renoir.toml -- 100000",
      "mean": 0.46071017148,
      "stddev": 0.008926196170817972,
      "median": 0.45607851538,
      "user": 0.07606870000000002,
      "system": 0.008577000000000001,
      "min": 0.45074797488,
      "max": 0.47518893688,
      "times": [
        0.47375182588000003,
        0.45074797488,
        0.45548378188000005,
        0.45651631588,
        0.45564071488,
        0.45465806588,
        0.45274349088000004,
        0.46811855888000004,
        0.47518893688,
        0.46425204888000005
      ],
      "exit_codes": [
        0,
        0,
        0,
        0,
        0,
        0,
        0,
        0,
        0,
        0
      ],
      "parameters": {
        "size": "100000",
        "type": "renoir"
      }
    },
    {
      "command": "./flowunits -r config_renoir.toml -- 1000000",
      "mean": 2.5257728172800005,
      "stddev": 0.04692083927267281,
      "median": 2.54506904438,
      "user": 0.0979579,
      "system": 0.0104439,
      "min": 2.43389641488,
      "max": 2.5630319628800002,
      "times": [
        2.51788481088,
        2.5614248028800004,
        2.5630319628800002,
        2.43389641488,
        2.53948173788,
        2.55065635088,
        2.55292415688,
        2.5264487458800002,
        2.4497590168800003,
        2.56222017288
      ],
      "exit_codes": [
        0,
        0,
        0,
        0,
        0,
        0,
        0,
        0,
        0,
        0
      ],
      "parameters": {
        "size": "1000000",
        "type": "renoir"
      }
    },
    {
      "command": "./flowunits -r config_renoir.toml -- 10000000",
      "mean": 21.906636215680003,
      "stddev": 0.27864474135097594,
      "median": 21.89169838438,
      "user": 0.0779415,
      "system": 0.0063197,
      "min": 21.64905977988,
      "max": 22.58784912088,
      "times": [
        22.10105228388,
        22.58784912088,
        21.89223987988,
        21.64905977988,
        21.65166017888,
        21.806643574880002,
        21.91706241788,
        21.89739352288,
        21.672244508880002,
        21.89115688888
      ],
      "exit_codes": [
        0,
        0,
        0,
        0,
        0,
        0,
        0,
        0,
        0,
        0
      ],
      "parameters": {
        "size": "10000000",
        "type": "renoir"
      }
    }
  ]
}
