{
  "results": [
    {
      "command": "./flowunits -r config_flowunits.toml -- 100000",
      "mean": 0.29497274230000003,
      "stddev": 0.0010264940738396015,
      "median": 0.2949610467,
      "user": 0.01691504,
      "system": 0.005701759999999999,
      "min": 0.29341369570000003,
      "max": 0.2963381627,
      "times": [
        0.2955755527,
        0.2946110677,
        0.29465094070000003,
        0.29341369570000003,
        0.2944091587,
        0.2935022297,
        0.2959514777,
        0.29527115270000004,
        0.2963381627,
        0.2960039847
      ],
      "exit_codes": [
        0,
        0,
        0,
        0,
        0,
        0,
        0,
        0,
        0,
        0
      ],
      "parameters": {
        "size": "100000",
        "type": "flowunits"
      }
    },
    {
      "command": "./flowunits -r config_flowunits.toml -- 1000000",
      "mean": 0.2944784655,
      "stddev": 0.0018681754244550925,
      "median": 0.29416833220000005,
      "user": 0.01827374,
      "system": 0.00463286,
      "min": 0.2919751807,
      "max": 0.2979601687,
      "times": [
        0.2963119127,
        0.29316255370000005,
        0.2938144547,
        0.2919751807,
        0.29452220970000004,
        0.2952731967,
        0.2958604777,
        0.2979601687,
        0.2925742127,
        0.2933302877
      ],
      "exit_codes": [
        0,
        0,
        0,
        0,
        0,
        0,
        0,
        0,
        0,
        0
      ],
      "parameters": {
        "size": "1000000",
        "type": "flowunits"
      }
    },
    {
      "command": "./flowunits -r config_flowunits.toml -- 10000000",
      "mean": 0.9916108788000001,
      "stddev": 0.05522292533462853,
      "median": 0.9959834412,
      "user": 0.014690040000000001,
      "system": 0.006233759999999999,
      "min": 0.9274251657,
      "max": 1.0593734657,
      "times": [
        1.0279732177,
        0.9737524007,
        0.9339828277,
        1.0583802457,
        0.9433555827,
        1.0426475716999999,
        1.0182144817,
        1.0593734657,
        0.9310038287,
        0.9274251657
      ],
      "exit_codes": [
        0,
        0,
        0,
        0,
        0,
        0,
        0,
        0,
        0,
        0
      ],
      "parameters": {
        "size": "10000000",
        "type": "flowunits"
      }
    },
    {
      "command": "./flowunits -r config_renoir.toml -- 100000",
      "mean": 0.9631109747999999,
      "stddev": 0.04707620391744715,
      "median": 0.9952084432,
      "user": 0.015707339999999997,
      "system": 0.006676760000000001,
      "min": 0.8962532127,
      "max": 0.9997754197000001,
      "times": [
        0.9961076787,
        0.9982989367,
        0.8962532127,
        0.9975841037000001,
        0.9997754197000001,
        0.8985008687,
        0.9943092077,
        0.8974331437,
        0.9564225537000001,
        0.9964246227
      ],
      "exit_codes": [
        0,
        0,
        0,
        0,
        0,
        0,
        0,
        0,
        0,
        0
      ],
      "parameters": {
        "size": "100000",
        "type": "renoir"
      }
    },
    {
      "command": "./flowunits -r config_renoir.toml -- 1000000",
      "mean": 1.1807156429,
      "stddev": 0.02234480013005509,
      "median": 1.1964757747,
      "user": 0.014859139999999998,
      "system": 0.0057881600000000005,
      "min": 1.1539836477,
      "max": 1.2007001767,
      "times": [
        1.1966923097,
        1.2007001767,
        1.1966048317,
        1.1963467177,
        1.1989615047,
        1.1986303847,
        1.1539836477,
        1.1542470196999999,
        1.1547979227,
        1.1561919137
      ],
      "exit_codes": [
        0,
        0,
        0,
        0,
        0,
        0,
        0,
        0,
        0,
        0
      ],
      "parameters": {
        "size": "1000000",
        "type": "renoir"
      }
    },
    {
      "command": "./flowunits -r config_renoir.toml -- 10000000",
      "mean": 1.8994169651000004,
      "stddev": 0.1328160862508588,
      "median": 1.8278558087,
      "user": 0.013583439999999999,
      "system": 0.00629706,
      "min": 1.7962598277,
      "max": 2.0999887387,
      "times": [
        1.7975297877,
        2.0990101967,
        2.0999887387,
        2.0571420627,
        1.7980357167,
        1.8940317107,
        1.8565405367,
        1.7991710807,
        1.7962598277,
        1.7964599927
      ],
      "exit_codes": [
        0,
        0,
        0,
        0,
        0,
        0,
        0,
        0,
        0,
        0
      ],
      "parameters": {
        "size": "10000000",
        "type": "renoir"
      }
    }
  ]
}
