{
  "results": [
    {
      "command": "./flowunits -r config_flowunits.toml -- 100000",
      "mean": 0.29122466918000006,
      "stddev": 0.012731964113605545,
      "median": 0.29489329118,
      "user": 0.016858539999999995,
      "system": 0.00523234,
      "min": 0.25516924468,
      "max": 0.29765835968000004,
      "times": [
        0.29583189668000004,
        0.29765835968000004,
        0.29616982468,
        0.29466786968,
        0.25516924468,
        0.29406319868,
        0.29511871268,
        0.29613456768,
        0.29335804768,
        0.29407496968
      ],
      "exit_codes": [
        0,
        0,
        0,
        0,
        0,
        0,
        0,
        0,
        0,
        0
      ],
      "parameters": {
        "size": "100000",
        "type": "flowunits"
      }
    },
    {
      "command": "./flowunits -r config_flowunits.toml -- 1000000",
      "mean": 0.29475490027999995,
      "stddev": 0.00208712806958175,
      "median": 0.29506648118,
      "user": 0.014616239999999999,
      "system": 0.00552644,
      "min": 0.29054857468,
      "max": 0.29766882068,
      "times": [
        0.29426657968000003,
        0.29484866968,
        0.29528429268,
        0.29698411968,
        0.29054857468,
        0.29540582368,
        0.29619845468,
        0.29312628368,
        0.29321738368,
        0.29766882068
      ],
      "exit_codes": [
        0,
        0,
        0,
        0,
        0,
        0,
        0,
        0,
        0,
        0
      ],
      "parameters": {
        "size": "1000000",
        "type": "flowunits"
      }
    },
    {
      "command": "./flowunits -r config_flowunits.toml -- 10000000",
      "mean": 0.31080200518,
      "stddev": 0.035524169693468464,
      "median": 0.29496051318000005,
      "user": 0.01703174,
      "system": 0.0052818399999999995,
      "min": 0.29319091368,
      "max": 0.39745111068,
      "times": [
        0.29411269968000003,
        0.29346974568,
        0.29596771468,
        0.29683863568,
        0.29493173368000003,
        0.35285465568,
        0.29319091368,
        0.29498929268,
        0.29421354968,
        0.39745111068
      ],
      "exit_codes": [
        0,
        0,
        0,
        0,
        0,
        0,
        0,
        0,
        0,
        0
      ],
      "parameters": {
        "size": "10000000",
        "type": "flowunits"
      }
    },
    {
      "command": "./flowunits -r config_renoir.toml -- 100000",
      "mean": 0.97270750998,
      "stddev": 0.04266168225503843,
      "median": 0.9966419836800001,
      "user": 0.017322739999999996,
      "system": 0.005901639999999999,
      "min": 0.8933569986800001,
      "max": 0.9985652296800002,
      "times": [
        0.9969961446800001,
        0.9971283136800001,
        0.9959861376800001,
        0.9962878226800002,
        0.9550576656800001,
        0.8933569986800001,
        0.9985652296800002,
        0.8981318416800002,
        0.9981381306800001,
        0.9974268146800002
      ],
      "exit_codes": [
        0,
        0,
        0,
        0,
        0,
        0,
        0,
        0,
        0,
        0
      ],
      "parameters": {
        "size": "100000",
        "type": "renoir"
      }
    },
    {
      "command": "./flowunits -r config_renoir.toml -- 1000000",
      "mean": 1.1795308650799998,
      "stddev": 0.03283108093721105,
      "median": 1.1965475966799999,
      "user": 0.014517140000000001,
      "system": 0.006962139999999999,
      "min": 1.09919722868,
      "max": 1.2001343786799998,
      "times": [
        1.19785819668,
        1.19803146868,
        1.19642083468,
        1.15636388268,
        1.19667435868,
        1.2001343786799998,
        1.15798050868,
        1.09919722868,
        1.19585042468,
        1.19679736868
      ],
      "exit_codes": [
        0,
        0,
        0,
        0,
        0,
        0,
        0,
        0,
        0,
        0
      ],
      "parameters": {
        "size": "1000000",
        "type": "renoir"
      }
    },
    {
      "command": "./flowunits -r config_renoir.toml -- 10000000",
      "mean": 1.80549577198,
      "stddev": 0.07076671536033206,
      "median": 1.7964386056800001,
      "user": 0.012072040000000001,
      "system": 0.00605374,
      "min": 1.75506347468,
      "max": 1.99856461568,
      "times": [
        1.79638327568,
        1.75626035268,
        1.79649393568,
        1.79943652568,
        1.7959869156800001,
        1.75506347468,
        1.8013130696800002,
        1.7556211156800001,
        1.79983443868,
        1.99856461568
      ],
      "exit_codes": [
        0,
        0,
        0,
        0,
        0,
        0,
        0,
        0,
        0,
        0
      ],
      "parameters": {
        "size": "10000000",
        "type": "renoir"
      }
    }
  ]
}
