{
  "results": [
    {
      "command": "./flowunits -r config_flowunits.toml -- 100000",
      "mean": 0.29452692561999994,
      "stddev": 0.0013087916381785932,
      "median": 0.29414009782,
      "user": 0.020262579999999995,
      "system": 0.00388588,
      "min": 0.29303781382,
      "max": 0.29757437682000004,
      "times": [
        0.29303781382,
        0.29448214682,
        0.29392002582000004,
        0.29575863782,
        0.29416195882,
        0.29411823682,
        0.29489357782000003,
        0.29344784182,
        0.29387463982,
        0.29757437682000004
      ],
      "exit_codes": [
        0,
        0,
        0,
        0,
        0,
        0,
        0,
        0,
        0,
        0
      ],
      "parameters": {
        "size": "100000",
        "type": "flowunits"
      }
    },
    {
      "command": "./flowunits -r config_flowunits.toml -- 1000000",
      "mean": 1.00519791142,
      "stddev": 0.03890823903337372,
      "median": 1.02374139932,
      "user": 0.01301208,
      "system": 0.005873379999999999,
      "min": 0.9198004208200001,
      "max": 1.03698113782,
      "times": [
        1.0304021678200002,
        0.9539057838200001,
        1.00507817882,
        1.03170509882,
        0.9972305868200001,
        0.9198004208200001,
        1.02660259582,
        1.03698113782,
        1.0208802028200001,
        1.02939294082
      ],
      "exit_codes": [
        0,
        0,
        0,
        0,
        0,
        0,
        0,
        0,
        0,
        0
      ],
      "parameters": {
        "size": "1000000",
        "type": "flowunits"
      }
    },
    {
      "command": "./flowunits -r config_flowunits.toml -- 10000000",
      "mean": 8.36888685872,
      "stddev": 0.7638548190885784,
      "median": 8.33120028532,
      "user": 0.014976579999999998,
      "system": 0.0052131799999999996,
      "min": 7.4524227418199995,
      "max": 9.21237550482,
      "times": [
        9.21237550482,
        7.786134745819999,
        9.00616235282,
        7.46855784882,
        9.20421867482,
        8.82276094182,
        7.83963962882,
        7.76015570382,
        9.13644044382,
        7.4524227418199995
      ],
      "exit_codes": [
        0,
        0,
        0,
        0,
        0,
        0,
        0,
        0,
        0,
        0
      ],
      "parameters": {
        "size": "10000000",
        "type": "flowunits"
      }
    },
    {
      "command": "./flowunits -r config_renoir.toml -- 100000",
      "mean": 0.9788784558200001,
      "stddev": 0.033084213181941685,
      "median": 0.9957677228200001,
      "user": 0.01531948,
      "system": 0.00580638,
      "min": 0.8979275318200001,
      "max": 0.9985808548200001,
      "times": [
        0.9973345188200001,
        0.9942009268200002,
        0.8979275318200001,
        0.9940283808200001,
        0.9977721188200002,
        0.9985808548200001,
        0.9978060968200001,
        0.9983295228200001,
        0.9571095028200001,
        0.9556951038200001
      ],
      "exit_codes": [
        0,
        0,
        0,
        0,
        0,
        0,
        0,
        0,
        0,
        0
      ],
      "parameters": {
        "size": "100000",
        "type": "renoir"
      }
    },
    {
      "command": "./flowunits -r config_renoir.toml -- 1000000",
      "mean": 1.5283280292200003,
      "stddev": 0.08219417403849029,
      "median": 1.49825056282,
      "user": 0.01649978,
      "system": 0.00547838,
      "min": 1.39862009282,
      "max": 1.69659191482,
      "times": [
        1.6001700248200001,
        1.49768125482,
        1.49766208082,
        1.39862009282,
        1.4970997698200001,
        1.49974768082,
        1.4984432138200001,
        1.59920634782,
        1.69659191482,
        1.4980579118200001
      ],
      "exit_codes": [
        0,
        0,
        0,
        0,
        0,
        0,
        0,
        0,
        0,
        0
      ],
      "parameters": {
        "size": "1000000",
        "type": "renoir"
      }
    },
    {
      "command": "./flowunits -r config_renoir.toml -- 10000000",
      "mean": 10.902061011420003,
      "stddev": 0.41079276989190894,
      "median": 10.784552323820002,
      "user": 0.016957279999999998,
      "system": 0.00485848,
      "min": 10.30654326882,
      "max": 11.56315487682,
      "times": [
        10.90230126282,
        10.60367802082,
        10.603338797820001,
        11.405689349820001,
        10.30654326882,
        10.704698311820001,
        11.36528181082,
        10.701518078820001,
        11.56315487682,
        10.86440633582
      ],
      "exit_codes": [
        0,
        0,
        0,
        0,
        0,
        0,
        0,
        0,
        0,
        0
      ],
      "parameters": {
        "size": "10000000",
        "type": "renoir"
      }
    }
  ]
}
