{
  "results": [
    {
      "command": "./flowunits -r config_flowunits.toml -- 100000",
      "mean": 0.29525598508,
      "stddev": 0.0010082589058621346,
      "median": 0.29525730718,
      "user": 0.01454502,
      "system": 0.006120619999999999,
      "min": 0.29342014618,
      "max": 0.29674293718,
      "times": [
        0.29342014618,
        0.29450132218,
        0.29660094618,
        0.29443829318000003,
        0.29495881118,
        0.29674293718,
        0.29585437718,
        0.29526926818,
        0.29524534618000003,
        0.29552840318
      ],
      "exit_codes": [
        0,
        0,
        0,
        0,
        0,
        0,
        0,
        0,
        0,
        0
      ],
      "parameters": {
        "size": "100000",
        "type": "flowunits"
      }
    },
    {
      "command": "./flowunits -r config_flowunits.toml -- 1000000",
      "mean": 0.29513083498,
      "stddev": 0.0016725005140910624,
      "median": 0.29539826168000005,
      "user": 0.016551820000000002,
      "system": 0.00502962,
      "min": 0.29220615118,
      "max": 0.29700200418,
      "times": [
        0.29312441418,
        0.29700200418,
        0.29659892418,
        0.29416373618,
        0.29658657718000003,
        0.29548556518,
        0.29531095818,
        0.29407990518,
        0.29220615118,
        0.29675011418
      ],
      "exit_codes": [
        0,
        0,
        0,
        0,
        0,
        0,
        0,
        0,
        0,
        0
      ],
      "parameters": {
        "size": "1000000",
        "type": "flowunits"
      }
    },
    {
      "command": "./flowunits -r config_flowunits.toml -- 10000000",
      "mean": 0.31122249628,
      "stddev": 0.03477923977240329,
      "median": 0.29580429267999997,
      "user": 0.018572119999999998,
      "system": 0.005208177999999999,
      "min": 0.29428488518,
      "max": 0.39592777018,
      "times": [
        0.39592777018,
        0.29639013718,
        0.35265982518,
        0.29428488518,
        0.29554885418,
        0.29658527518,
        0.29513969718,
        0.29605973118,
        0.29430761918000004,
        0.29532116818
      ],
      "exit_codes": [
        0,
        0,
        0,
        0,
        0,
        0,
        0,
        0,
        0,
        0
      ],
      "parameters": {
        "size": "10000000",
        "type": "flowunits"
      }
    },
    {
      "command": "./flowunits -r config_renoir.toml -- 100000",
      "mean": 0.29950025628,
      "stddev": 0.0011481626542205405,
      "median": 0.30002384068,
      "user": 0.01959982,
      "system": 0.004281319999999999,
      "min": 0.29787280618,
      "max": 0.30083330018,
      "times": [
        0.30015436918,
        0.30070834818000003,
        0.29801575118,
        0.29787280618,
        0.29872408018,
        0.30083330018,
        0.30018042118,
        0.29829620918,
        0.30032396518,
        0.29989331218
      ],
      "exit_codes": [
        0,
        0,
        0,
        0,
        0,
        0,
        0,
        0,
        0,
        0
      ],
      "parameters": {
        "size": "100000",
        "type": "renoir"
      }
    },
    {
      "command": "./flowunits -r config_renoir.toml -- 1000000",
      "mean": 0.30028895038000003,
      "stddev": 0.0015798636037367868,
      "median": 0.30047483968,
      "user": 0.01844862,
      "system": 0.005996520000000001,
      "min": 0.29758168218000003,
      "max": 0.30229821518,
      "times": [
        0.30005613518,
        0.29999556118,
        0.30160881418,
        0.29779569118,
        0.29758168218000003,
        0.30065619918,
        0.30193894118000003,
        0.30066478418000003,
        0.30029348018,
        0.30229821518
      ],
      "exit_codes": [
        0,
        0,
        0,
        0,
        0,
        0,
        0,
        0,
        0,
        0
      ],
      "parameters": {
        "size": "1000000",
        "type": "renoir"
      }
    },
    {
      "command": "./flowunits -r config_renoir.toml -- 10000000",
      "mean": 0.34467728938000003,
      "stddev": 0.048154615939385755,
      "median": 0.32761869118,
      "user": 0.01944012,
      "system": 0.0036082780000000004,
      "min": 0.30022489118,
      "max": 0.39988430818000004,
      "times": [
        0.30229305418,
        0.35294432818,
        0.30055154318,
        0.39988430818000004,
        0.39550663218000004,
        0.30036289818,
        0.30046743518,
        0.30022489118,
        0.39678415418,
        0.39775364918
      ],
      "exit_codes": [
        0,
        0,
        0,
        0,
        0,
        0,
        0,
        0,
        0,
        0
      ],
      "parameters": {
        "size": "10000000",
        "type": "renoir"
      }
    }
  ]
}
