{
  "results": [
    {
      "command": "./flowunits -r config_flowunits.toml -- 100000",
      "mean": 0.29485545436000005,
      "stddev": 0.00099530712943708,
      "median": 0.29438833396,
      "user": 0.0186509,
      "system": 0.00500294,
      "min": 0.29375464296000003,
      "max": 0.29656819196000006,
      "times": [
        0.29435668996000003,
        0.29441997796,
        0.29375464296000003,
        0.29592944596000004,
        0.29416460096,
        0.29400805696000004,
        0.29426243396000007,
        0.29496218496000004,
        0.29612831796000005,
        0.29656819196000006
      ],
      "exit_codes": [
        0,
        0,
        0,
        0,
        0,
        0,
        0,
        0,
        0,
        0
      ],
      "parameters": {
        "size": "100000",
        "type": "flowunits"
      }
    },
    {
      "command": "./flowunits -r config_flowunits.toml -- 1000000",
      "mean": 1.0040407096600001,
      "stddev": 0.03840144607133154,
      "median": 1.01541776296,
      "user": 0.016757799999999996,
      "system": 0.00661524,
      "min": 0.92181347096,
      "max": 1.0374263379600002,
      "times": [
        1.0276062669600001,
        0.95381945796,
        0.92181347096,
        1.03469223796,
        1.0374263379600002,
        1.0197129359600001,
        1.01013703196,
        1.03346537996,
        0.9906113869600001,
        1.01112258996
      ],
      "exit_codes": [
        0,
        0,
        0,
        0,
        0,
        0,
        0,
        0,
        0,
        0
      ],
      "parameters": {
        "size": "1000000",
        "type": "flowunits"
      }
    },
    {
      "command": "./flowunits -r config_flowunits.toml -- 10000000",
      "mean": 8.54554434236,
      "stddev": 0.7979806026307238,
      "median": 8.92845197846,
      "user": 0.010823399999999999,
      "system": 0.00592304,
      "min": 7.4598917159600004,
      "max": 9.43242074396,
      "times": [
        7.4598917159600004,
        7.6487900059600005,
        9.04766928796,
        9.20337996296,
        8.02170484696,
        8.92846395596,
        8.92844000096,
        9.30397018996,
        9.43242074396,
        7.48071271296
      ],
      "exit_codes": [
        0,
        0,
        0,
        0,
        0,
        0,
        0,
        0,
        0,
        0
      ],
      "parameters": {
        "size": "10000000",
        "type": "flowunits"
      }
    },
    {
      "command": "./flowunits -r config_renoir.toml -- 100000",
      "mean": 0.38856197686000005,
      "stddev": 0.030039998768846863,
      "median": 0.39818417496,
      "user": 0.0138081,
      "system": 0.00558764,
      "min": 0.30318814696000007,
      "max": 0.39996570096000006,
      "times": [
        0.39855415796000004,
        0.39781419196000006,
        0.39474228996000005,
        0.39996570096000006,
        0.39929570796,
        0.30318814696000007,
        0.39885754596000006,
        0.39687834996000004,
        0.3966541799600001,
        0.39966949696000004
      ],
      "exit_codes": [
        0,
        0,
        0,
        0,
        0,
        0,
        0,
        0,
        0,
        0
      ],
      "parameters": {
        "size": "100000",
        "type": "renoir"
      }
    },
    {
      "command": "./flowunits -r config_renoir.toml -- 1000000",
      "mean": 1.23212551076,
      "stddev": 0.036280534497333976,
      "median": 1.22775525096,
      "user": 0.0153575,
      "system": 0.00411894,
      "min": 1.1987637479600002,
      "max": 1.2996945909600002,
      "times": [
        1.2012205899600001,
        1.25340388296,
        1.20210661896,
        1.25768773396,
        1.19883580396,
        1.19965322496,
        1.1987637479600002,
        1.2541078189600001,
        1.2996945909600002,
        1.2557810949600001
      ],
      "exit_codes": [
        0,
        0,
        0,
        0,
        0,
        0,
        0,
        0,
        0,
        0
      ],
      "parameters": {
        "size": "1000000",
        "type": "renoir"
      }
    },
    {
      "command": "./flowunits -r config_renoir.toml -- 10000000",
      "mean": 9.58541799136,
      "stddev": 0.11281267864779534,
      "median": 9.50843404646,
      "user": 0.019868399999999998,
      "system": 0.00519944,
      "min": 9.50278426996,
      "max": 9.80349482596,
      "times": [
        9.50278426996,
        9.60508676296,
        9.50705629296,
        9.50429342996,
        9.70417222696,
        9.50480042896,
        9.50670976196,
        9.70597011396,
        9.50981179996,
        9.80349482596
      ],
      "exit_codes": [
        0,
        0,
        0,
        0,
        0,
        0,
        0,
        0,
        0,
        0
      ],
      "parameters": {
        "size": "10000000",
        "type": "renoir"
      }
    }
  ]
}
