{
  "results": [
    {
      "command": "./flowunits -r config_flowunits.toml -- 100000",
      "mean": 0.29476411049999995,
      "stddev": 0.00165021082944351,
      "median": 0.2949179092,
      "user": 0.017876499999999997,
      "system": 0.00418878,
      "min": 0.2913161407,
      "max": 0.29662868070000004,
      "times": [
        0.29417952470000003,
        0.2913161407,
        0.2947667617,
        0.2962890527,
        0.2957977547,
        0.2942506647,
        0.2950690567,
        0.29662868070000004,
        0.2962582937,
        0.2930851747
      ],
      "exit_codes": [
        0,
        0,
        0,
        0,
        0,
        0,
        0,
        0,
        0,
        0
      ],
      "parameters": {
        "size": "100000",
        "type": "flowunits"
      }
    },
    {
      "command": "./flowunits -r config_flowunits.toml -- 1000000",
      "mean": 0.29498397210000005,
      "stddev": 0.0018228698882076864,
      "median": 0.29532541320000005,
      "user": 0.0181747,
      "system": 0.004547379999999999,
      "min": 0.2923223357,
      "max": 0.2976249837,
      "times": [
        0.2976249837,
        0.2927894407,
        0.29546293570000004,
        0.2923223357,
        0.2962175387,
        0.2932329407,
        0.2939364377,
        0.29690530670000004,
        0.2951878907,
        0.29615991070000003
      ],
      "exit_codes": [
        0,
        0,
        0,
        0,
        0,
        0,
        0,
        0,
        0,
        0
      ],
      "parameters": {
        "size": "1000000",
        "type": "flowunits"
      }
    },
    {
      "command": "./flowunits -r config_flowunits.toml -- 10000000",
      "mean": 0.9740643721,
      "stddev": 0.045637558157140025,
      "median": 0.9939468766999999,
      "user": 0.015588599999999998,
      "system": 0.00652338,
      "min": 0.9104889437,
      "max": 1.0558024057,
      "times": [
        0.9958725177,
        0.9978010077,
        0.9263526297,
        0.9968190667,
        0.9104889437,
        0.9973265687,
        0.9420733737,
        0.9260859717,
        0.9920212357,
        1.0558024057
      ],
      "exit_codes": [
        0,
        0,
        0,
        0,
        0,
        0,
        0,
        0,
        0,
        0
      ],
      "parameters": {
        "size": "10000000",
        "type": "flowunits"
      }
    },
    {
      "command": "./flowunits -r config_renoir.toml -- 100000",
      "mean": 0.2989477843,
      "stddev": 0.0009951587056651647,
      "median": 0.29886984520000004,
      "user": 0.017816000000000002,
      "system": 0.004473980000000001,
      "min": 0.2976116687,
      "max": 0.30093496070000003,
      "times": [
        0.3001323577,
        0.2988266047,
        0.2985783067,
        0.2976116687,
        0.2982938457,
        0.2989130857,
        0.29915909570000004,
        0.29789159270000004,
        0.30093496070000003,
        0.2991363247
      ],
      "exit_codes": [
        0,
        0,
        0,
        0,
        0,
        0,
        0,
        0,
        0,
        0
      ],
      "parameters": {
        "size": "100000",
        "type": "renoir"
      }
    },
    {
      "command": "./flowunits -r config_renoir.toml -- 1000000",
      "mean": 0.32069984260000006,
      "stddev": 0.034339379862017495,
      "median": 0.3013181382,
      "user": 0.017358099999999998,
      "system": 0.004692979999999999,
      "min": 0.2998767787,
      "max": 0.3961084567,
      "times": [
        0.3013016577,
        0.2998800057,
        0.2998767787,
        0.3538189957,
        0.3013346187,
        0.3525171087,
        0.3014165807,
        0.30082858170000004,
        0.2999156417,
        0.3961084567
      ],
      "exit_codes": [
        0,
        0,
        0,
        0,
        0,
        0,
        0,
        0,
        0,
        0
      ],
      "parameters": {
        "size": "1000000",
        "type": "renoir"
      }
    },
    {
      "command": "./flowunits -r config_renoir.toml -- 10000000",
      "mean": 1.1927854235,
      "stddev": 0.02578897923664044,
      "median": 1.1997096152,
      "user": 0.0196394,
      "system": 0.004342980000000001,
      "min": 1.1203669897,
      "max": 1.2111279197,
      "times": [
        1.2035216267,
        1.2111279197,
        1.1955645467,
        1.1997905157,
        1.1985694757,
        1.1976921276999999,
        1.2007934427,
        1.2007988756999999,
        1.1203669897,
        1.1996287147
      ],
      "exit_codes": [
        0,
        0,
        0,
        0,
        0,
        0,
        0,
        0,
        0,
        0
      ],
      "parameters": {
        "size": "10000000",
        "type": "renoir"
      }
    }
  ]
}
