{
  "results": [
    {
      "command": "./flowunits -r config_flowunits.toml -- 100000",
      "mean": 0.29533834902,
      "stddev": 0.0009704097033854421,
      "median": 0.29533706422000006,
      "user": 0.019656879999999998,
      "system": 0.00452246,
      "min": 0.29369107222,
      "max": 0.29683886422,
      "times": [
        0.29542469722000003,
        0.29524943122,
        0.29456489822000004,
        0.29683886422,
        0.29513612922000004,
        0.29441899422,
        0.29369107222,
        0.29589062722000004,
        0.29554017622,
        0.29662860022000004
      ],
      "exit_codes": [
        0,
        0,
        0,
        0,
        0,
        0,
        0,
        0,
        0,
        0
      ],
      "parameters": {
        "size": "100000",
        "type": "flowunits"
      }
    },
    {
      "command": "./flowunits -r config_flowunits.toml -- 1000000",
      "mean": 0.29535109402000004,
      "stddev": 0.001964432773895746,
      "median": 0.29543326472000003,
      "user": 0.019415079999999998,
      "system": 0.00471886,
      "min": 0.29259540922,
      "max": 0.29839534122,
      "times": [
        0.29535018822000003,
        0.29339544622,
        0.29551634122000003,
        0.29333484322000003,
        0.29604764422,
        0.29839534122,
        0.29259540922,
        0.29810526922,
        0.29441579622,
        0.29635466122000004
      ],
      "exit_codes": [
        0,
        0,
        0,
        0,
        0,
        0,
        0,
        0,
        0,
        0
      ],
      "parameters": {
        "size": "1000000",
        "type": "flowunits"
      }
    },
    {
      "command": "./flowunits -r config_flowunits.toml -- 10000000",
      "mean": 0.30115825902000004,
      "stddev": 0.01788611323972485,
      "median": 0.29542250872,
      "user": 0.01656078,
      "system": 0.006803359999999999,
      "min": 0.29358686522,
      "max": 0.35184116822,
      "times": [
        0.29550074022,
        0.29395035722,
        0.29646158022,
        0.29411243022,
        0.29358686522,
        0.35184116822,
        0.29616889122,
        0.29517187422,
        0.29534427722,
        0.29944440622
      ],
      "exit_codes": [
        0,
        0,
        0,
        0,
        0,
        0,
        0,
        0,
        0,
        0
      ],
      "parameters": {
        "size": "10000000",
        "type": "flowunits"
      }
    },
    {
      "command": "./flowunits -r config_renoir.toml -- 100000",
      "mean": 0.41846011852,
      "stddev": 0.0010090195660808602,
      "median": 0.41824989172000004,
      "user": 0.01736358,
      "system": 0.006038259999999999,
      "min": 0.41704153822,
      "max": 0.42044811722000003,
      "times": [
        0.41775598622000004,
        0.41778961122,
        0.42044811722000003,
        0.41851251322000005,
        0.41924460522,
        0.41918260922,
        0.41766759122,
        0.41704153822,
        0.41798727022000004,
        0.41897134322
      ],
      "exit_codes": [
        0,
        0,
        0,
        0,
        0,
        0,
        0,
        0,
        0,
        0
      ],
      "parameters": {
        "size": "100000",
        "type": "renoir"
      }
    },
    {
      "command": "./flowunits -r config_renoir.toml -- 1000000",
      "mean": 0.44034531442,
      "stddev": 0.028421239289545153,
      "median": 0.41987416872000005,
      "user": 0.014697880000000002,
      "system": 0.005902759999999998,
      "min": 0.41671481722000003,
      "max": 0.47378271722000004,
      "times": [
        0.41671481722000003,
        0.42036982222,
        0.41833713522000004,
        0.47378271722000004,
        0.47373749222,
        0.41690944122,
        0.41837239122000003,
        0.41937851522,
        0.47339581222000005,
        0.47245500022000003
      ],
      "exit_codes": [
        0,
        0,
        0,
        0,
        0,
        0,
        0,
        0,
        0,
        0
      ],
      "parameters": {
        "size": "1000000",
        "type": "renoir"
      }
    },
    {
      "command": "./flowunits -r config_renoir.toml -- 10000000",
      "mean": 0.61855134582,
      "stddev": 0.002461850805028443,
      "median": 0.61793557972,
      "user": 0.015431479999999997,
      "system": 0.00455776,
      "min": 0.61512726522,
      "max": 0.6234811302200001,
      "times": [
        0.6234811302200001,
        0.61695454722,
        0.62114249122,
        0.61770590522,
        0.61698979322,
        0.61666303122,
        0.61957750022,
        0.61970654022,
        0.61816525422,
        0.61512726522
      ],
      "exit_codes": [
        0,
        0,
        0,
        0,
        0,
        0,
        0,
        0,
        0,
        0
      ],
      "parameters": {
        "size": "10000000",
        "type": "renoir"
      }
    }
  ]
}
