{
  "results": [
    {
      "command": "./flowunits -r config_flowunits.toml -- 100000",
      "mean": 0.29501618204,
      "stddev": 0.0012087377473133647,
      "median": 0.29497623784000004,
      "user": 0.022356420000000002,
      "system": 0.003407084,
      "min": 0.29290465384,
      "max": 0.29692232883999997,
      "times": [
        0.29589365084,
        0.29342525884,
        0.29481452984,
        0.29692232883999997,
        0.29465631484,
        0.29513021084,
        0.29539722184,
        0.29290465384,
        0.29619538584,
        0.29482226484
      ],
      "exit_codes": [
        0,
        0,
        0,
        0,
        0,
        0,
        0,
        0,
        0,
        0
      ],
      "parameters": {
        "size": "100000",
        "type": "flowunits"
      }
    },
    {
      "command": "./flowunits -r config_flowunits.toml -- 1000000",
      "mean": 1.0311690054400002,
      "stddev": 0.03737980672771804,
      "median": 1.03971311284,
      "user": 0.01290722,
      "system": 0.00516656,
      "min": 0.94209445284,
      "max": 1.0683819078399999,
      "times": [
        1.02090229784,
        1.04728815884,
        1.06820281684,
        1.0683819078399999,
        1.03222008084,
        0.94209445284,
        1.05189518584,
        1.0023320708399999,
        1.03116693784,
        1.04720614484
      ],
      "exit_codes": [
        0,
        0,
        0,
        0,
        0,
        0,
        0,
        0,
        0,
        0
      ],
      "parameters": {
        "size": "1000000",
        "type": "flowunits"
      }
    },
    {
      "command": "./flowunits -r config_flowunits.toml -- 10000000",
      "mean": 8.75208862104,
      "stddev": 0.6343340457559739,
      "median": 8.88343916734,
      "user": 0.013732119999999997,
      "system": 0.006125259999999999,
      "min": 7.49777197284,
      "max": 9.45852129784,
      "times": [
        9.45852129784,
        7.81549111184,
        9.23711833284,
        7.49777197284,
        8.81925094684,
        8.67264557184,
        8.94762738784,
        9.10365212384,
        8.70512239184,
        9.26368507284
      ],
      "exit_codes": [
        0,
        0,
        0,
        0,
        0,
        0,
        0,
        0,
        0,
        0
      ],
      "parameters": {
        "size": "10000000",
        "type": "flowunits"
      }
    },
    {
      "command": "./flowunits -r config_renoir.toml -- 100000",
      "mean": 0.41780694704,
      "stddev": 0.0010355517483319216,
      "median": 0.41752281784,
      "user": 0.01706092,
      "system": 0.0033573839999999993,
      "min": 0.41667774084,
      "max": 0.41996834284,
      "times": [
        0.41876172284,
        0.41696273484,
        0.41667774084,
        0.41747294984,
        0.41713143984,
        0.41685667484,
        0.41830162184,
        0.41757268584,
        0.41996834284,
        0.41836355684
      ],
      "exit_codes": [
        0,
        0,
        0,
        0,
        0,
        0,
        0,
        0,
        0,
        0
      ],
      "parameters": {
        "size": "100000",
        "type": "renoir"
      }
    },
    {
      "command": "./flowunits -r config_renoir.toml -- 1000000",
      "mean": 1.27406421624,
      "stddev": 0.0494422902186943,
      "median": 1.29553009384,
      "user": 0.015386420000000001,
      "system": 0.00580846,
      "min": 1.21734650084,
      "max": 1.32067927984,
      "times": [
        1.21844622084,
        1.27706462484,
        1.31399556284,
        1.31761650484,
        1.21942005384,
        1.31789475584,
        1.21734650084,
        1.32067927984,
        1.2187866488399999,
        1.31939200984
      ],
      "exit_codes": [
        0,
        0,
        0,
        0,
        0,
        0,
        0,
        0,
        0,
        0
      ],
      "parameters": {
        "size": "1000000",
        "type": "renoir"
      }
    },
    {
      "command": "./flowunits -r config_renoir.toml -- 10000000",
      "mean": 9.55272528884,
      "stddev": 0.06778657843026584,
      "median": 9.52351367734,
      "user": 0.01703442,
      "system": 0.0052657599999999995,
      "min": 9.521047942840001,
      "max": 9.72322573484,
      "times": [
        9.62342939884,
        9.52182820084,
        9.52125306284,
        9.52435636384,
        9.521047942840001,
        9.52324580484,
        9.52121280984,
        9.72322573484,
        9.52387201984,
        9.52378154984
      ],
      "exit_codes": [
        0,
        0,
        0,
        0,
        0,
        0,
        0,
        0,
        0,
        0
      ],
      "parameters": {
        "size": "10000000",
        "type": "renoir"
      }
    }
  ]
}
