{
  "results": [
    {
      "command": "./flowunits -r config_flowunits.toml -- 100000",
      "mean": 0.29465572941999996,
      "stddev": 0.0019481002547982196,
      "median": 0.29502408842000005,
      "user": 0.017818979999999998,
      "system": 0.004554362,
      "min": 0.29017295242,
      "max": 0.29676021842,
      "times": [
        0.29338312142,
        0.29478331742,
        0.29539193642,
        0.29526485942,
        0.29659404842000003,
        0.29416744142,
        0.29383176342,
        0.29017295242,
        0.29620763542,
        0.29676021842
      ],
      "exit_codes": [
        0,
        0,
        0,
        0,
        0,
        0,
        0,
        0,
        0,
        0
      ],
      "parameters": {
        "size": "100000",
        "type": "flowunits"
      }
    },
    {
      "command": "./flowunits -r config_flowunits.toml -- 1000000",
      "mean": 0.2955308387200001,
      "stddev": 0.0015408422608386106,
      "median": 0.29585189242000004,
      "user": 0.023430879999999998,
      "system": 0.002849561999999999,
      "min": 0.29278283942,
      "max": 0.29826020842,
      "times": [
        0.29582405442000004,
        0.29826020842,
        0.29484201742000005,
        0.29636572042000003,
        0.29587973042000004,
        0.29658836742,
        0.29597527942,
        0.29278283942,
        0.29513394342000004,
        0.29365622642
      ],
      "exit_codes": [
        0,
        0,
        0,
        0,
        0,
        0,
        0,
        0,
        0,
        0
      ],
      "parameters": {
        "size": "1000000",
        "type": "flowunits"
      }
    },
    {
      "command": "./flowunits -r config_flowunits.toml -- 10000000",
      "mean": 1.0034617150199998,
      "stddev": 0.053416558194406306,
      "median": 0.9953712274200001,
      "user": 0.015956579999999998,
      "system": 0.0059568799999999995,
      "min": 0.94140852342,
      "max": 1.0951756074199999,
      "times": [
        0.94873237042,
        0.99657927042,
        0.9641382034200001,
        1.0243051154199998,
        0.94140852342,
        0.9941631844200001,
        0.95902717942,
        1.0951756074199999,
        1.07685673942,
        1.0342309564199998
      ],
      "exit_codes": [
        0,
        0,
        0,
        0,
        0,
        0,
        0,
        0,
        0,
        0
      ],
      "parameters": {
        "size": "10000000",
        "type": "flowunits"
      }
    },
    {
      "command": "./flowunits -r config_renoir.toml -- 100000",
      "mean": 0.41802849632,
      "stddev": 0.001350075872737484,
      "median": 0.41780434842,
      "user": 0.01791648,
      "system": 0.00504658,
      "min": 0.41628226942,
      "max": 0.42025692142000004,
      "times": [
        0.42025692142000004,
        0.41949731742,
        0.41628332842000004,
        0.41723669442000005,
        0.41628226942,
        0.41805411542000004,
        0.41723153342,
        0.41904920842000004,
        0.41755458142,
        0.41883899342
      ],
      "exit_codes": [
        0,
        0,
        0,
        0,
        0,
        0,
        0,
        0,
        0,
        0
      ],
      "parameters": {
        "size": "100000",
        "type": "renoir"
      }
    },
    {
      "command": "./flowunits -r config_renoir.toml -- 1000000",
      "mean": 0.43548998232,
      "stddev": 0.026988613658254033,
      "median": 0.41933227942,
      "user": 0.017519979999999997,
      "system": 0.0038302619999999996,
      "min": 0.41766077842000005,
      "max": 0.47565771842000004,
      "times": [
        0.42014176542000004,
        0.41961897642,
        0.47325121142000004,
        0.41904558242,
        0.41787774442000003,
        0.41766077842000005,
        0.47482060142000004,
        0.47565771842000004,
        0.41839798942,
        0.41842745542000004
      ],
      "exit_codes": [
        0,
        0,
        0,
        0,
        0,
        0,
        0,
        0,
        0,
        0
      ],
      "parameters": {
        "size": "1000000",
        "type": "renoir"
      }
    },
    {
      "command": "./flowunits -r config_renoir.toml -- 10000000",
      "mean": 1.23383970502,
      "stddev": 0.03427522144142502,
      "median": 1.21860563292,
      "user": 0.016062479999999997,
      "system": 0.00431688,
      "min": 1.21732493542,
      "max": 1.31756985842,
      "times": [
        1.21842731942,
        1.21732493542,
        1.2196696164199998,
        1.21740376342,
        1.2742246744199999,
        1.21829543242,
        1.2173531274199998,
        1.2193443764199998,
        1.2187839464199999,
        1.31756985842
      ],
      "exit_codes": [
        0,
        0,
        0,
        0,
        0,
        0,
        0,
        0,
        0,
        0
      ],
      "parameters": {
        "size": "10000000",
        "type": "renoir"
      }
    }
  ]
}
