{
  "results": [
    {
      "command": "./flowunits -r config_flowunits.toml -- 100000",
      "mean": 0.39619911049999995,
      "stddev": 0.0011891498562199984,
      "median": 0.3960979525,
      "user": 0.02253538,
      "system": 0.003907368,
      "min": 0.394494471,
      "max": 0.397607447,
      "times": [
        0.39458201600000004,
        0.395756041,
        0.396360584,
        0.396970145,
        0.39747599100000003,
        0.397575338,
        0.395835321,
        0.394494471,
        0.397607447,
        0.395333751
      ],
      "exit_codes": [
        0,
        0,
        0,
        0,
        0,
        0,
        0,
        0,
        0,
        0
      ],
      "parameters": {
        "size": "100000",
        "type": "flowunits"
      }
    },
    {
      "command": "./flowunits -r config_flowunits.toml -- 1000000",
      "mean": 1.8945030851000002,
      "stddev": 0.010018605438279461,
      "median": 1.8927324745000003,
      "user": 0.02047838,
      "system": 0.005076120000000001,
      "min": 1.882339146,
      "max": 1.9181832800000003,
      "times": [
        1.8893696150000001,
        1.8957209130000001,
        1.8939522420000001,
        1.8953035020000002,
        1.902352147,
        1.88545129,
        1.8915127070000002,
        1.890846009,
        1.882339146,
        1.9181832800000003
      ],
      "exit_codes": [
        0,
        0,
        0,
        0,
        0,
        0,
        0,
        0,
        0,
        0
      ],
      "parameters": {
        "size": "1000000",
        "type": "flowunits"
      }
    }
  ]
}
