{
  "results": [
    {
      "command": "./flowunits -r config_flowunits.toml -- 1000",
      "mean": 0.32141360527999996,
      "stddev": 0.001395000786887474,
      "median": 0.32074663078,
      "user": 0.023320940000000002,
      "system": 0.0055239,
      "min": 0.32014933428,
      "max": 0.32432254528,
      "times": [
        0.32137066828,
        0.32432254528,
        0.32014933428,
        0.32057615028,
        0.32332174128,
        0.32063428028,
        0.32199833328,
        0.32040971028,
        0.32085898128,
        0.32049430828
      ],
      "exit_codes": [
        0,
        0,
        0,
        0,
        0,
        0,
        0,
        0,
        0,
        0
      ],
      "parameters": {
        "size": "1000",
        "type": "flowunits"
      }
    },
    {
      "command": "./flowunits -r config_flowunits.toml -- 100000",
      "mean": 0.32051561858000005,
      "stddev": 0.0013832730311968224,
      "median": 0.32066556978000005,
      "user": 0.02257364,
      "system": 0.0049280999999999995,
      "min": 0.31814189428,
      "max": 0.32255679928,
      "times": [
        0.32255679928,
        0.32141128528,
        0.31814189428,
        0.32198638228,
        0.32052306328,
        0.32031791728,
        0.31877608228,
        0.32110008228,
        0.32080807628,
        0.31953460328
      ],
      "exit_codes": [
        0,
        0,
        0,
        0,
        0,
        0,
        0,
        0,
        0,
        0
      ],
      "parameters": {
        "size": "100000",
        "type": "flowunits"
      }
    },
    {
      "command": "./flowunits -r config_flowunits.toml -- 10000000",
      "mean": 0.32076835678000004,
      "stddev": 0.0011755178567300307,
      "median": 0.32072136428,
      "user": 0.026792839999999995,
      "system": 0.0024136,
      "min": 0.31875403128,
      "max": 0.32307005928,
      "times": [
        0.32020954628,
        0.32065468928,
        0.32307005928,
        0.31875403128,
        0.32211441128,
        0.32083628928,
        0.32001665428,
        0.32021368328,
        0.32078803928,
        0.32102616428
      ],
      "exit_codes": [
        0,
        0,
        0,
        0,
        0,
        0,
        0,
        0,
        0,
        0
      ],
      "parameters": {
        "size": "10000000",
        "type": "flowunits"
      }
    },
    {
      "command": "./flowunits -r config_renoir.toml -- 1000",
      "mean": 0.44798342008,
      "stddev": 0.0012240065251787606,
      "median": 0.44835796378000004,
      "user": 0.025220540000000003,
      "system": 0.0047281,
      "min": 0.44495844528,
      "max": 0.44915550228,
      "times": [
        0.44744191528,
        0.44884089328,
        0.44842105728000003,
        0.44495844528,
        0.44872364428,
        0.44829487028000004,
        0.44740515528,
        0.44882752728,
        0.44776519028,
        0.44915550228
      ],
      "exit_codes": [
        0,
        0,
        0,
        0,
        0,
        0,
        0,
        0,
        0,
        0
      ],
      "parameters": {
        "size": "1000",
        "type": "renoir"
      }
    },
    {
      "command": "./flowunits -r config_renoir.toml -- 100000",
      "mean": 0.44766730328,
      "stddev": 0.0012504639048812642,
      "median": 0.44789066928,
      "user": 0.01975084,
      "system": 0.005602,
      "min": 0.44558552928,
      "max": 0.44991159728,
      "times": [
        0.44828501228,
        0.44606987628,
        0.44845013128,
        0.44991159728,
        0.44816169228,
        0.44760391728,
        0.44682393828,
        0.44767083228,
        0.44558552928,
        0.44811050628
      ],
      "exit_codes": [
        0,
        0,
        0,
        0,
        0,
        0,
        0,
        0,
        0,
        0
      ],
      "parameters": {
        "size": "100000",
        "type": "renoir"
      }
    },
    {
      "command": "./flowunits -r config_renoir.toml -- 10000000",
      "mean": 0.77760812288,
      "stddev": 0.047067971686997195,
      "median": 0.7492983202800001,
      "user": 0.020805239999999996,
      "system": 0.0043379,
      "min": 0.7463281652800001,
      "max": 0.8461806612800001,
      "times": [
        0.7476522532800001,
        0.74755197628,
        0.7502215132800001,
        0.7495885882800001,
        0.7463281652800001,
        0.8461806612800001,
        0.8453570192800001,
        0.7483389392800001,
        0.7490080522800001,
        0.8458540602800001
      ],
      "exit_codes": [
        0,
        0,
        0,
        0,
        0,
        0,
        0,
        0,
        0,
        0
      ],
      "parameters": {
        "size": "10000000",
        "type": "renoir"
      }
    }
  ]
}
