{
  "results": [
    {
      "command": "./flowunits -r config_flowunits.toml -- 1000",
      "mean": 0.32081538210000005,
      "stddev": 0.0011831280441397254,
      "median": 0.32129045570000003,
      "user": 0.02219284,
      "system": 0.0043624200000000005,
      "min": 0.31825999720000003,
      "max": 0.32188323920000006,
      "times": [
        0.32157307120000006,
        0.32038838820000004,
        0.32100784020000006,
        0.32167323620000005,
        0.31961072520000006,
        0.32164701720000005,
        0.3202999542,
        0.31825999720000003,
        0.32188323920000006,
        0.32181035220000004
      ],
      "exit_codes": [
        0,
        0,
        0,
        0,
        0,
        0,
        0,
        0,
        0,
        0
      ],
      "parameters": {
        "size": "1000",
        "type": "flowunits"
      }
    },
    {
      "command": "./flowunits -r config_flowunits.toml -- 100000",
      "mean": 0.3204953553,
      "stddev": 0.0014733314906899136,
      "median": 0.3201433457,
      "user": 0.01922634,
      "system": 0.006017419999999999,
      "min": 0.3188354942,
      "max": 0.32393357720000004,
      "times": [
        0.31983648820000005,
        0.3189414822,
        0.3188354942,
        0.32136156420000006,
        0.32012302220000005,
        0.3214362432,
        0.32393357720000004,
        0.32020224220000004,
        0.32016366920000006,
        0.32011977020000004
      ],
      "exit_codes": [
        0,
        0,
        0,
        0,
        0,
        0,
        0,
        0,
        0,
        0
      ],
      "parameters": {
        "size": "100000",
        "type": "flowunits"
      }
    },
    {
      "command": "./flowunits -r config_flowunits.toml -- 10000000",
      "mean": 0.3201201641000001,
      "stddev": 0.0007916928876407718,
      "median": 0.32015719270000004,
      "user": 0.01892084,
      "system": 0.005793520000000001,
      "min": 0.31892794720000006,
      "max": 0.32157491320000003,
      "times": [
        0.32014369220000005,
        0.32157491320000003,
        0.32094374020000005,
        0.3201170642,
        0.3201706932,
        0.31892794720000006,
        0.31945573520000003,
        0.31918156220000005,
        0.32033830720000006,
        0.32034798620000005
      ],
      "exit_codes": [
        0,
        0,
        0,
        0,
        0,
        0,
        0,
        0,
        0,
        0
      ],
      "parameters": {
        "size": "10000000",
        "type": "flowunits"
      }
    },
    {
      "command": "./flowunits -r config_renoir.toml -- 1000",
      "mean": 0.32364597910000004,
      "stddev": 0.0011957457450201842,
      "median": 0.3237048992,
      "user": 0.020072339999999998,
      "system": 0.004819119999999999,
      "min": 0.32137369520000003,
      "max": 0.32571258820000004,
      "times": [
        0.3235674222,
        0.32571258820000004,
        0.32308118020000004,
        0.32297733720000005,
        0.32392778720000004,
        0.3239685232,
        0.32384237620000006,
        0.3250491562,
        0.32295972520000005,
        0.32137369520000003
      ],
      "exit_codes": [
        0,
        0,
        0,
        0,
        0,
        0,
        0,
        0,
        0,
        0
      ],
      "parameters": {
        "size": "1000",
        "type": "renoir"
      }
    },
    {
      "command": "./flowunits -r config_renoir.toml -- 100000",
      "mean": 0.32324192380000005,
      "stddev": 0.0013760579216716747,
      "median": 0.3231469202,
      "user": 0.020790239999999998,
      "system": 0.0038548200000000006,
      "min": 0.32063301920000004,
      "max": 0.3250789922,
      "times": [
        0.3224044152,
        0.32256100820000005,
        0.32063301920000004,
        0.3243651142,
        0.32266239820000003,
        0.32220461120000005,
        0.3250789922,
        0.32439525220000004,
        0.32363144220000006,
        0.3244829852
      ],
      "exit_codes": [
        0,
        0,
        0,
        0,
        0,
        0,
        0,
        0,
        0,
        0
      ],
      "parameters": {
        "size": "100000",
        "type": "renoir"
      }
    },
    {
      "command": "./flowunits -r config_renoir.toml -- 10000000",
      "mean": 0.32512396490000006,
      "stddev": 0.001512974695328746,
      "median": 0.32525109220000004,
      "user": 0.021467840000000002,
      "system": 0.004462019999999999,
      "min": 0.32297040520000003,
      "max": 0.32745477920000005,
      "times": [
        0.32528613720000005,
        0.32515318220000006,
        0.3258082372,
        0.3252160472,
        0.32585483420000005,
        0.32314715620000006,
        0.32297040520000003,
        0.32745477920000005,
        0.3268448272,
        0.32350404320000004
      ],
      "exit_codes": [
        0,
        0,
        0,
        0,
        0,
        0,
        0,
        0,
        0,
        0
      ],
      "parameters": {
        "size": "10000000",
        "type": "renoir"
      }
    }
  ]
}
