{
  "results": [
    {
      "command": "./flowunits -r config_flowunits.toml -- 1000",
      "mean": 0.32086165418000007,
      "stddev": 0.0011625188865380972,
      "median": 0.32097628468000006,
      "user": 0.024068620000000002,
      "system": 0.0033047199999999997,
      "min": 0.31887747618000006,
      "max": 0.32239935918000007,
      "times": [
        0.32188708018000006,
        0.31952918618000004,
        0.32229344918,
        0.32061033018,
        0.32091405818,
        0.32239935918000007,
        0.31995387018000004,
        0.31887747618000006,
        0.32111322118,
        0.32103851118000004
      ],
      "exit_codes": [
        0,
        0,
        0,
        0,
        0,
        0,
        0,
        0,
        0,
        0
      ],
      "parameters": {
        "size": "1000",
        "type": "flowunits"
      }
    },
    {
      "command": "./flowunits -r config_flowunits.toml -- 100000",
      "mean": 0.32060216448,
      "stddev": 0.001308661109609534,
      "median": 0.3209559966800001,
      "user": 0.01962792,
      "system": 0.0054629200000000004,
      "min": 0.31847468218,
      "max": 0.32283804918000003,
      "times": [
        0.32021498118,
        0.32092271318000004,
        0.32150881118,
        0.31945179018000003,
        0.32098928018000006,
        0.31847468218,
        0.32128754718,
        0.32283804918000003,
        0.31905078018000005,
        0.32128301018000005
      ],
      "exit_codes": [
        0,
        0,
        0,
        0,
        0,
        0,
        0,
        0,
        0,
        0
      ],
      "parameters": {
        "size": "100000",
        "type": "flowunits"
      }
    },
    {
      "command": "./flowunits -r config_flowunits.toml -- 10000000",
      "mean": 0.32008707428000005,
      "stddev": 0.0013951979395979421,
      "median": 0.31993241068,
      "user": 0.023218320000000004,
      "system": 0.00386482,
      "min": 0.31814022418000004,
      "max": 0.32272945718000007,
      "times": [
        0.32130659318000004,
        0.31832576318000005,
        0.32011367018000003,
        0.32042706718,
        0.31941055418000003,
        0.31951172218,
        0.31975115118,
        0.32272945718000007,
        0.32115454018000006,
        0.31814022418000004
      ],
      "exit_codes": [
        0,
        0,
        0,
        0,
        0,
        0,
        0,
        0,
        0,
        0
      ],
      "parameters": {
        "size": "10000000",
        "type": "flowunits"
      }
    },
    {
      "command": "./flowunits -r config_renoir.toml -- 1000",
      "mean": 0.6716559729799999,
      "stddev": 0.0006908594275743766,
      "median": 0.67165607918,
      "user": 0.020313719999999997,
      "system": 0.005206219999999999,
      "min": 0.67070242118,
      "max": 0.6726372651800001,
      "times": [
        0.67138005318,
        0.67237744018,
        0.67217428018,
        0.67070242118,
        0.6709659991800001,
        0.6726372651800001,
        0.6710211501800001,
        0.6711362581800001,
        0.6722327571800001,
        0.67193210518
      ],
      "exit_codes": [
        0,
        0,
        0,
        0,
        0,
        0,
        0,
        0,
        0,
        0
      ],
      "parameters": {
        "size": "1000",
        "type": "renoir"
      }
    },
    {
      "command": "./flowunits -r config_renoir.toml -- 100000",
      "mean": 0.6711792406800001,
      "stddev": 0.0009325528160967942,
      "median": 0.67132860518,
      "user": 0.01995722,
      "system": 0.00375022,
      "min": 0.66952505918,
      "max": 0.6725312081800001,
      "times": [
        0.66952505918,
        0.6707971221800001,
        0.67200365118,
        0.6699850811800001,
        0.6725312081800001,
        0.6713337541800001,
        0.6720477231800001,
        0.6708019401800001,
        0.6714434111800001,
        0.6713234561800001
      ],
      "exit_codes": [
        0,
        0,
        0,
        0,
        0,
        0,
        0,
        0,
        0,
        0
      ],
      "parameters": {
        "size": "100000",
        "type": "renoir"
      }
    },
    {
      "command": "./flowunits -r config_renoir.toml -- 10000000",
      "mean": 1.3128255919799998,
      "stddev": 0.050893739591212336,
      "median": 1.2744331341800001,
      "user": 0.021758320000000005,
      "system": 0.005283319999999999,
      "min": 1.27216584518,
      "max": 1.37496003018,
      "times": [
        1.27216584518,
        1.37245007018,
        1.27284556518,
        1.27367734518,
        1.3700560081800002,
        1.2732640911800002,
        1.27518892318,
        1.27338493618,
        1.37026310518,
        1.37496003018
      ],
      "exit_codes": [
        0,
        0,
        0,
        0,
        0,
        0,
        0,
        0,
        0,
        0
      ],
      "parameters": {
        "size": "10000000",
        "type": "renoir"
      }
    }
  ]
}
