{
  "results": [
    {
      "command": "./flowunits -r config_flowunits.toml -- 100000",
      "mean": 0.35978352696,
      "stddev": 0.010269911748495005,
      "median": 0.35892412726000006,
      "user": 0.07917305999999999,
      "system": 0.00699128,
      "min": 0.34652615876000004,
      "max": 0.37711012676,
      "times": [
        0.3603526167600001,
        0.35167866276000004,
        0.34652615876000004,
        0.37711012676,
        0.37113465276,
        0.35749563776000004,
        0.35144506276,
        0.37056417876000003,
        0.35051472976,
        0.36101344276
      ],
      "exit_codes": [
        0,
        0,
        0,
        0,
        0,
        0,
        0,
        0,
        0,
        0
      ],
      "parameters": {
        "size": "100000",
        "type": "flowunits"
      }
    },
    {
      "command": "./flowunits -r config_flowunits.toml -- 1000000",
      "mean": 1.9042058064600003,
      "stddev": 0.006715297463097823,
      "median": 1.90280346176,
      "user": 0.07609656000000001,
      "system": 0.007134579999999999,
      "min": 1.89690692076,
      "max": 1.91737367776,
      "times": [
        1.8991612757599998,
        1.89891372876,
        1.89690692076,
        1.90841720376,
        1.90870110476,
        1.90571553676,
        1.89774965876,
        1.89989138676,
        1.90922757076,
        1.91737367776
      ],
      "exit_codes": [
        0,
        0,
        0,
        0,
        0,
        0,
        0,
        0,
        0,
        0
      ],
      "parameters": {
        "size": "1000000",
        "type": "flowunits"
      }
    },
    {
      "command": "./flowunits -r config_flowunits.toml -- 10000000",
      "mean": 17.93277616576,
      "stddev": 0.1117516934776218,
      "median": 17.879331774260002,
      "user": 0.08394695999999999,
      "system": 0.0058271799999999995,
      "min": 17.824015589760002,
      "max": 18.17946298076,
      "times": [
        17.87523398876,
        17.824015589760002,
        17.83579813876,
        17.86938219176,
        17.99271805976,
        17.99410140576,
        17.88342955976,
        17.85570302576,
        18.01791671676,
        18.17946298076
      ],
      "exit_codes": [
        0,
        0,
        0,
        0,
        0,
        0,
        0,
        0,
        0,
        0
      ],
      "parameters": {
        "size": "10000000",
        "type": "flowunits"
      }
    },
    {
      "command": "./flowunits -r config_renoir.toml -- 100000",
      "mean": 0.7942253769600001,
      "stddev": 0.002615180675233428,
      "median": 0.7931526777600001,
      "user": 0.08457525999999999,
      "system": 0.00415918,
      "min": 0.7918824587600001,
      "max": 0.79975953576,
      "times": [
        0.7932013147600001,
        0.7972897297600001,
        0.7931200317600001,
        0.79975953576,
        0.7918824587600001,
        0.7927856747600001,
        0.7961819697600001,
        0.7931853237600001,
        0.7920352757600001,
        0.7928124547600001
      ],
      "exit_codes": [
        0,
        0,
        0,
        0,
        0,
        0,
        0,
        0,
        0,
        0
      ],
      "parameters": {
        "size": "100000",
        "type": "renoir"
      }
    },
    {
      "command": "./flowunits -r config_renoir.toml -- 1000000",
      "mean": 3.2009078342599997,
      "stddev": 0.09920288515353409,
      "median": 3.21676646676,
      "user": 0.06985835999999998,
      "system": 0.009441779999999999,
      "min": 3.0617378307600003,
      "max": 3.32744786276,
      "times": [
        3.23361609176,
        3.17261162576,
        3.06207818176,
        3.1999168417600004,
        3.3098907747600004,
        3.25280624576,
        3.28773848976,
        3.32744786276,
        3.1012343977600003,
        3.0617378307600003
      ],
      "exit_codes": [
        0,
        0,
        0,
        0,
        0,
        0,
        0,
        0,
        0,
        0
      ],
      "parameters": {
        "size": "1000000",
        "type": "renoir"
      }
    },
    {
      "command": "./flowunits -r config_renoir.toml -- 10000000",
      "mean": 28.380614383660003,
      "stddev": 0.7220557710016414,
      "median": 28.29169847126,
      "user": 0.08242896,
      "system": 0.0061011799999999995,
      "min": 27.44441903876,
      "max": 29.61056245676,
      "times": [
        27.72942080476,
        28.19840346676,
        29.58679409076,
        28.51020084376,
        27.84210926876,
        28.40742532776,
        29.61056245676,
        27.44441903876,
        28.38499347576,
        28.09181506276
      ],
      "exit_codes": [
        0,
        0,
        0,
        0,
        0,
        0,
        0,
        0,
        0,
        0
      ],
      "parameters": {
        "size": "10000000",
        "type": "renoir"
      }
    }
  ]
}
