{
  "results": [
    {
      "command": "./flowunits -r config_flowunits.toml -- 100000",
      "mean": 0.21943526045384615,
      "stddev": 0.002975923790461454,
      "median": 0.2189059083,
      "user": 0.09167905692307693,
      "system": 0.005372126153846154,
      "min": 0.2150455913,
      "max": 0.2267831743,
      "times": [
        0.2267831743,
        0.2150455913,
        0.2170190713,
        0.2203041493,
        0.2189059083,
        0.21747400430000002,
        0.22101028330000003,
        0.2176703423,
        0.2182376453,
        0.22237224630000002,
        0.2212408153,
        0.2176697703,
        0.21892538430000003
      ],
      "exit_codes": [
        0,
        0,
        0,
        0,
        0,
        0,
        0,
        0,
        0,
        0,
        0,
        0,
        0
      ],
      "parameters": {
        "size": "100000",
        "type": "flowunits"
      }
    },
    {
      "command": "./flowunits -r config_flowunits.toml -- 1000000",
      "mean": 0.3690919723,
      "stddev": 0.0026802786375752837,
      "median": 0.3689813028,
      "user": 0.07739308,
      "system": 0.00484148,
      "min": 0.3654942963,
      "max": 0.3726268473,
      "times": [
        0.3659281803,
        0.3687884813,
        0.3726268473,
        0.36610352830000004,
        0.37182062530000004,
        0.3710581853,
        0.3718796553,
        0.3654942963,
        0.3691741243,
        0.36804579930000003
      ],
      "exit_codes": [
        0,
        0,
        0,
        0,
        0,
        0,
        0,
        0,
        0,
        0
      ],
      "parameters": {
        "size": "1000000",
        "type": "flowunits"
      }
    },
    {
      "command": "./flowunits -r config_flowunits.toml -- 10000000",
      "mean": 1.9843303370000005,
      "stddev": 0.05371924697980466,
      "median": 1.9555153588,
      "user": 0.07152288,
      "system": 0.008702979999999999,
      "min": 1.9445865573,
      "max": 2.1111333593,
      "times": [
        1.9821901253000003,
        1.9541563563,
        1.9506657023000002,
        1.9533874943000002,
        2.0016753603,
        1.9445865573,
        1.9568743613000001,
        2.1111333593,
        2.0393352333,
        1.9492988203000001
      ],
      "exit_codes": [
        0,
        0,
        0,
        0,
        0,
        0,
        0,
        0,
        0,
        0
      ],
      "parameters": {
        "size": "10000000",
        "type": "flowunits"
      }
    },
    {
      "command": "./flowunits -r config_renoir.toml -- 100000",
      "mean": 0.7083028261,
      "stddev": 0.0011513246102131268,
      "median": 0.7083127213,
      "user": 0.07446368,
      "system": 0.00748088,
      "min": 0.7065397213,
      "max": 0.7108114093,
      "times": [
        0.7065397213,
        0.7084379713,
        0.7084453833,
        0.7071788502999999,
        0.7108114093,
        0.7082606283,
        0.7080865413,
        0.7083648143,
        0.7076998373,
        0.7092031043
      ],
      "exit_codes": [
        0,
        0,
        0,
        0,
        0,
        0,
        0,
        0,
        0,
        0
      ],
      "parameters": {
        "size": "100000",
        "type": "renoir"
      }
    },
    {
      "command": "./flowunits -r config_renoir.toml -- 1000000",
      "mean": 1.3053769163,
      "stddev": 0.022622254426831703,
      "median": 1.3213878383000002,
      "user": 0.07910128,
      "system": 0.00820138,
      "min": 1.2780472873000002,
      "max": 1.3243452623,
      "times": [
        1.2787014643,
        1.3228348813000002,
        1.3238992063000001,
        1.2780472873000002,
        1.2809831003,
        1.3243452623,
        1.3199407953,
        1.3231463143000002,
        1.2788290323,
        1.3230418193000002
      ],
      "exit_codes": [
        0,
        0,
        0,
        0,
        0,
        0,
        0,
        0,
        0,
        0
      ],
      "parameters": {
        "size": "1000000",
        "type": "renoir"
      }
    },
    {
      "command": "./flowunits -r config_renoir.toml -- 10000000",
      "mean": 3.8417091284000002,
      "stddev": 1.0098191810060582,
      "median": 3.3538182278,
      "user": 0.07740457999999999,
      "system": 0.009450379999999998,
      "min": 3.2949404813,
      "max": 5.7574944523,
      "times": [
        3.3171528483,
        3.2949404813,
        3.3433713153,
        3.3641002913,
        3.3766697113,
        5.750679466299999,
        3.3432259723,
        3.3435361643,
        5.7574944523,
        3.5259205813
      ],
      "exit_codes": [
        0,
        0,
        0,
        0,
        0,
        0,
        0,
        0,
        0,
        0
      ],
      "parameters": {
        "size": "10000000",
        "type": "renoir"
      }
    }
  ]
}
