{
  "results": [
    {
      "command": "./flowunits -r config_flowunits.toml -- 100000",
      "mean": 0.20700131975714292,
      "stddev": 0.0018064434444064444,
      "median": 0.20646290090000002,
      "user": 0.09159129714285714,
      "system": 0.005573811428571429,
      "min": 0.20386974140000003,
      "max": 0.21087113040000002,
      "times": [
        0.20923085740000003,
        0.20534649840000002,
        0.20908300040000002,
        0.2082628334,
        0.20638925340000003,
        0.2060412014,
        0.20608069440000001,
        0.2070495504,
        0.2061532604,
        0.20386974140000003,
        0.20604186240000003,
        0.21087113040000002,
        0.2070620444,
        0.20653654840000002
      ],
      "exit_codes": [
        0,
        0,
        0,
        0,
        0,
        0,
        0,
        0,
        0,
        0,
        0,
        0,
        0,
        0
      ],
      "parameters": {
        "size": "100000",
        "type": "flowunits"
      }
    },
    {
      "command": "./flowunits -r config_flowunits.toml -- 1000000",
      "mean": 0.2212650804,
      "stddev": 0.0018279700552716492,
      "median": 0.2216590464,
      "user": 0.08187843999999998,
      "system": 0.005523009230769229,
      "min": 0.21881545740000002,
      "max": 0.22469148840000003,
      "times": [
        0.22145864040000002,
        0.2216590464,
        0.2225361704,
        0.2224282784,
        0.2230127134,
        0.2221922554,
        0.22193077540000003,
        0.21881545740000002,
        0.2194409304,
        0.2203746594,
        0.22469148840000003,
        0.21906429340000003,
        0.2188413364
      ],
      "exit_codes": [
        0,
        0,
        0,
        0,
        0,
        0,
        0,
        0,
        0,
        0,
        0,
        0,
        0
      ],
      "parameters": {
        "size": "1000000",
        "type": "flowunits"
      }
    },
    {
      "command": "./flowunits -r config_flowunits.toml -- 10000000",
      "mean": 0.38461775160000006,
      "stddev": 0.009296724534011962,
      "median": 0.3802496849,
      "user": 0.08134194,
      "system": 0.005150139999999999,
      "min": 0.3753951774,
      "max": 0.40186364640000005,
      "times": [
        0.3792430584,
        0.39903171940000004,
        0.3796712004,
        0.3808281694,
        0.37814042140000004,
        0.37964152440000004,
        0.39109545840000004,
        0.3753951774,
        0.40186364640000005,
        0.38126714040000004
      ],
      "exit_codes": [
        0,
        0,
        0,
        0,
        0,
        0,
        0,
        0,
        0,
        0
      ],
      "parameters": {
        "size": "10000000",
        "type": "flowunits"
      }
    },
    {
      "command": "./flowunits -r config_renoir.toml -- 100000",
      "mean": 0.7012227061,
      "stddev": 0.0012454233176655651,
      "median": 0.7016189384,
      "user": 0.07539974,
      "system": 0.00779324,
      "min": 0.6987116604000001,
      "max": 0.7026474764,
      "times": [
        0.7020927864000001,
        0.6994547324,
        0.7012032304000001,
        0.7017457154000001,
        0.7015424554,
        0.7016954214000001,
        0.7026474764,
        0.6987116604000001,
        0.7008940304000001,
        0.7022395524
      ],
      "exit_codes": [
        0,
        0,
        0,
        0,
        0,
        0,
        0,
        0,
        0,
        0
      ],
      "parameters": {
        "size": "100000",
        "type": "renoir"
      }
    },
    {
      "command": "./flowunits -r config_renoir.toml -- 1000000",
      "mean": 1.3027582944,
      "stddev": 0.001771393233338627,
      "median": 1.3031997824,
      "user": 0.07706853999999999,
      "system": 0.00772244,
      "min": 1.2997359614,
      "max": 1.3052097693999998,
      "times": [
        1.3008539764,
        1.3039123073999999,
        1.3052097693999998,
        1.3022943174,
        1.3008997934,
        1.3035602484,
        1.2997359614,
        1.3040735293999999,
        1.3028393163999998,
        1.3042037244
      ],
      "exit_codes": [
        0,
        0,
        0,
        0,
        0,
        0,
        0,
        0,
        0,
        0
      ],
      "parameters": {
        "size": "1000000",
        "type": "renoir"
      }
    },
    {
      "command": "./flowunits -r config_renoir.toml -- 10000000",
      "mean": 2.1073257179,
      "stddev": 0.0015988289888083792,
      "median": 2.1073103359,
      "user": 0.07476254,
      "system": 0.00692334,
      "min": 2.1035011824,
      "max": 2.1095430453999997,
      "times": [
        2.1095430453999997,
        2.1082564254,
        2.1072149024,
        2.1071778724,
        2.1068418834,
        2.1079329674,
        2.1086095454,
        2.1074057693999997,
        2.1067735854,
        2.1035011824
      ],
      "exit_codes": [
        0,
        0,
        0,
        0,
        0,
        0,
        0,
        0,
        0,
        0
      ],
      "parameters": {
        "size": "10000000",
        "type": "renoir"
      }
    }
  ]
}
