{
  "results": [
    {
      "command": "./flowunits -r config_flowunits.toml -- 100000",
      "mean": 0.2205638424446154,
      "stddev": 0.004190030489725652,
      "median": 0.22063561606,
      "user": 0.08517096769230771,
      "system": 0.005996458461538462,
      "min": 0.21330895706000003,
      "max": 0.22830252206,
      "times": [
        0.22063561606,
        0.22114140306000002,
        0.21330895706000003,
        0.22815725006000004,
        0.22084959606000001,
        0.22081565306000003,
        0.21647191306000002,
        0.22830252206,
        0.21787841906000002,
        0.22049358906000002,
        0.22033589306000004,
        0.21686141306000004,
        0.22207772706000004
      ],
      "exit_codes": [
        0,
        0,
        0,
        0,
        0,
        0,
        0,
        0,
        0,
        0,
        0,
        0,
        0
      ],
      "parameters": {
        "size": "100000",
        "type": "flowunits"
      }
    },
    {
      "command": "./flowunits -r config_flowunits.toml -- 1000000",
      "mean": 0.37083847086,
      "stddev": 0.0049131513481873185,
      "median": 0.36950403756,
      "user": 0.08904115999999998,
      "system": 0.00526522,
      "min": 0.36612793606,
      "max": 0.38360960406,
      "times": [
        0.36718495706,
        0.37238349806,
        0.36873299706,
        0.36612793606,
        0.36829608906,
        0.38360960406,
        0.36929292706,
        0.37213187606000003,
        0.36971514806,
        0.37090967606
      ],
      "exit_codes": [
        0,
        0,
        0,
        0,
        0,
        0,
        0,
        0,
        0,
        0
      ],
      "parameters": {
        "size": "1000000",
        "type": "flowunits"
      }
    },
    {
      "command": "./flowunits -r config_flowunits.toml -- 10000000",
      "mean": 1.9967176045600001,
      "stddev": 0.05842042762321513,
      "median": 1.9699628365600002,
      "user": 0.07039026,
      "system": 0.00791342,
      "min": 1.94623482906,
      "max": 2.1237152200600002,
      "times": [
        1.94897401106,
        1.95472983606,
        1.9586753700600001,
        2.1237152200600002,
        1.94623482906,
        2.0600891440600004,
        2.0064572660600004,
        2.02837469606,
        1.96832613406,
        1.97159953906
      ],
      "exit_codes": [
        0,
        0,
        0,
        0,
        0,
        0,
        0,
        0,
        0,
        0
      ],
      "parameters": {
        "size": "10000000",
        "type": "flowunits"
      }
    },
    {
      "command": "./flowunits -r config_renoir.toml -- 100000",
      "mean": 0.23528570656000003,
      "stddev": 0.0027734962481440273,
      "median": 0.23489036206000002,
      "user": 0.08131599333333332,
      "system": 0.007088836666666668,
      "min": 0.23081770406000002,
      "max": 0.24009080206000002,
      "times": [
        0.23501038206000002,
        0.23310417006000003,
        0.23942303006,
        0.23354819206000002,
        0.23320112106000002,
        0.23657025406,
        0.23343640206000002,
        0.23477034206000003,
        0.23790065706000002,
        0.24009080206000002,
        0.23555542206000002,
        0.23081770406000002
      ],
      "exit_codes": [
        0,
        0,
        0,
        0,
        0,
        0,
        0,
        0,
        0,
        0,
        0,
        0
      ],
      "parameters": {
        "size": "100000",
        "type": "renoir"
      }
    },
    {
      "command": "./flowunits -r config_renoir.toml -- 1000000",
      "mean": 0.47021340656,
      "stddev": 0.0031525428975913467,
      "median": 0.47013823606,
      "user": 0.08566786,
      "system": 0.006857920000000001,
      "min": 0.46422630706,
      "max": 0.47687873606000003,
      "times": [
        0.47687873606000003,
        0.47063547806,
        0.46991998706,
        0.46890504406,
        0.47035648506,
        0.47118803306,
        0.46840434606000003,
        0.46975052906000003,
        0.47186912006000004,
        0.46422630706
      ],
      "exit_codes": [
        0,
        0,
        0,
        0,
        0,
        0,
        0,
        0,
        0,
        0
      ],
      "parameters": {
        "size": "1000000",
        "type": "renoir"
      }
    },
    {
      "command": "./flowunits -r config_renoir.toml -- 10000000",
      "mean": 2.7946378555600004,
      "stddev": 0.0457678957858792,
      "median": 2.7837077965600003,
      "user": 0.08193166,
      "system": 0.007526219999999998,
      "min": 2.74302153606,
      "max": 2.8758671990600004,
      "times": [
        2.74302153606,
        2.8365364690600003,
        2.7602623630600003,
        2.8515655210600004,
        2.7981329670600004,
        2.7901879290600005,
        2.77722766406,
        2.7670752800600003,
        2.7465016270600002,
        2.8758671990600004
      ],
      "exit_codes": [
        0,
        0,
        0,
        0,
        0,
        0,
        0,
        0,
        0,
        0
      ],
      "parameters": {
        "size": "10000000",
        "type": "renoir"
      }
    }
  ]
}
