{
  "results": [
    {
      "command": "./flowunits -r config_flowunits.toml -- 100000",
      "mean": 0.2059145994057143,
      "stddev": 0.0017794732441895956,
      "median": 0.20604069112,
      "user": 0.08835613999999999,
      "system": 0.006727662857142859,
      "min": 0.20335789462,
      "max": 0.20925435362,
      "times": [
        0.20615714962,
        0.20711318062,
        0.20397719562,
        0.20411627562,
        0.20479450662,
        0.20551837262,
        0.20347488362,
        0.20592423262,
        0.20743773862,
        0.20714577162,
        0.20335789462,
        0.20700495762,
        0.20752787862,
        0.20925435362
      ],
      "exit_codes": [
        0,
        0,
        0,
        0,
        0,
        0,
        0,
        0,
        0,
        0,
        0,
        0,
        0,
        0
      ],
      "parameters": {
        "size": "100000",
        "type": "flowunits"
      }
    },
    {
      "command": "./flowunits -r config_flowunits.toml -- 1000000",
      "mean": 0.22102793138923077,
      "stddev": 0.0015674294615967634,
      "median": 0.22123442162,
      "user": 0.08885567846153847,
      "system": 0.005321481538461538,
      "min": 0.21889941662,
      "max": 0.22465741662,
      "times": [
        0.22128426562,
        0.21912905662,
        0.22189540062000002,
        0.22092914962000001,
        0.21939637862,
        0.22143958662000002,
        0.22123442162,
        0.22241597662,
        0.21956473362,
        0.22164364962,
        0.21889941662,
        0.22465741662,
        0.22087365562
      ],
      "exit_codes": [
        0,
        0,
        0,
        0,
        0,
        0,
        0,
        0,
        0,
        0,
        0,
        0,
        0
      ],
      "parameters": {
        "size": "1000000",
        "type": "flowunits"
      }
    },
    {
      "command": "./flowunits -r config_flowunits.toml -- 10000000",
      "mean": 0.39456672622000005,
      "stddev": 0.019109564613138588,
      "median": 0.38921862412,
      "user": 0.08237364,
      "system": 0.00809872,
      "min": 0.37460252962000007,
      "max": 0.43415389062000004,
      "times": [
        0.39772446762,
        0.37920721862000006,
        0.41117126462000003,
        0.37460252962000007,
        0.38020091062000005,
        0.38071278062,
        0.38017260762000005,
        0.40710203962,
        0.40061955262000004,
        0.43415389062000004
      ],
      "exit_codes": [
        0,
        0,
        0,
        0,
        0,
        0,
        0,
        0,
        0,
        0
      ],
      "parameters": {
        "size": "10000000",
        "type": "flowunits"
      }
    },
    {
      "command": "./flowunits -r config_renoir.toml -- 100000",
      "mean": 0.21836683790571434,
      "stddev": 0.006922499200433292,
      "median": 0.21648251262,
      "user": 0.08480556857142858,
      "system": 0.006672662857142858,
      "min": 0.21222321662000002,
      "max": 0.23216306062,
      "times": [
        0.21244457062,
        0.22699486562,
        0.21840095262,
        0.21437035062,
        0.21823580262,
        0.21222321662000002,
        0.23216306062,
        0.21250308062,
        0.23124421962,
        0.21559974362,
        0.21968563962,
        0.21736528162000002,
        0.21268203662000001,
        0.21322290962
      ],
      "exit_codes": [
        0,
        0,
        0,
        0,
        0,
        0,
        0,
        0,
        0,
        0,
        0,
        0,
        0,
        0
      ],
      "parameters": {
        "size": "100000",
        "type": "renoir"
      }
    },
    {
      "command": "./flowunits -r config_renoir.toml -- 1000000",
      "mean": 0.24577259453666664,
      "stddev": 0.006796129621125428,
      "median": 0.24533923562,
      "user": 0.07900697333333333,
      "system": 0.00765027,
      "min": 0.23604642762,
      "max": 0.25616887462000004,
      "times": [
        0.24680385462,
        0.25537009762,
        0.23604642762,
        0.24515704862,
        0.24272055362,
        0.25383994962000006,
        0.24552142262,
        0.23612070662,
        0.25616887462000004,
        0.24333842162,
        0.24813118262,
        0.24005259462
      ],
      "exit_codes": [
        0,
        0,
        0,
        0,
        0,
        0,
        0,
        0,
        0,
        0,
        0,
        0
      ],
      "parameters": {
        "size": "1000000",
        "type": "renoir"
      }
    },
    {
      "command": "./flowunits -r config_renoir.toml -- 10000000",
      "mean": 0.47012455112000007,
      "stddev": 0.006420735998031685,
      "median": 0.46777429112,
      "user": 0.07734584,
      "system": 0.006844020000000001,
      "min": 0.46316422262000007,
      "max": 0.48037751762,
      "times": [
        0.47019625962000006,
        0.47716348462,
        0.46431464862000005,
        0.46847552562000006,
        0.47916239062000004,
        0.46316422262000007,
        0.46512800262000004,
        0.46707305662000004,
        0.48037751762,
        0.46619040262000006
      ],
      "exit_codes": [
        0,
        0,
        0,
        0,
        0,
        0,
        0,
        0,
        0,
        0
      ],
      "parameters": {
        "size": "10000000",
        "type": "renoir"
      }
    }
  ]
}
