{
  "results": [
    {
      "command": "./flowunits -r config_flowunits.toml -- 100000",
      "mean": 0.35585096332000005,
      "stddev": 0.0032271279910480646,
      "median": 0.35515103792,
      "user": 0.08973726,
      "system": 0.00817662,
      "min": 0.35181102242,
      "max": 0.36084457942000003,
      "times": [
        0.35410529542,
        0.35325636742,
        0.36084457942000003,
        0.36047922642,
        0.35900901442,
        0.35181102242,
        0.35469700342,
        0.35599522342,
        0.35560507242,
        0.35270682842
      ],
      "exit_codes": [
        0,
        0,
        0,
        0,
        0,
        0,
        0,
        0,
        0,
        0
      ],
      "parameters": {
        "size": "100000",
        "type": "flowunits"
      }
    },
    {
      "command": "./flowunits -r config_flowunits.toml -- 1000000",
      "mean": 1.90212689942,
      "stddev": 0.008088518037796345,
      "median": 1.8985961099200002,
      "user": 0.07501055999999999,
      "system": 0.0064306680000000005,
      "min": 1.8949979244200001,
      "max": 1.9191296024200002,
      "times": [
        1.8980052444200002,
        1.9033860554200002,
        1.8949979244200001,
        1.89878553542,
        1.8958798264200003,
        1.9142235794200002,
        1.89797160042,
        1.9191296024200002,
        1.9004829414200002,
        1.8984066844200003
      ],
      "exit_codes": [
        0,
        0,
        0,
        0,
        0,
        0,
        0,
        0,
        0,
        0
      ],
      "parameters": {
        "size": "1000000",
        "type": "flowunits"
      }
    },
    {
      "command": "./flowunits -r config_flowunits.toml -- 10000000",
      "mean": 17.90075056872,
      "stddev": 0.07240221674092492,
      "median": 17.876213309919997,
      "user": 0.08405565999999999,
      "system": 0.00833302,
      "min": 17.81938930242,
      "max": 18.03387628242,
      "times": [
        17.82960689442,
        17.959149768419998,
        17.996536340419997,
        17.878984823419998,
        17.85957410442,
        17.85315290642,
        18.03387628242,
        17.903793468419998,
        17.81938930242,
        17.87344179642
      ],
      "exit_codes": [
        0,
        0,
        0,
        0,
        0,
        0,
        0,
        0,
        0,
        0
      ],
      "parameters": {
        "size": "10000000",
        "type": "flowunits"
      }
    },
    {
      "command": "./flowunits -r config_renoir.toml -- 100000",
      "mean": 0.48318114622,
      "stddev": 0.007428289219619964,
      "median": 0.48124737992,
      "user": 0.08040285999999999,
      "system": 0.00702962,
      "min": 0.47218310942,
      "max": 0.49936249042,
      "times": [
        0.47990816842,
        0.48785456142,
        0.48148662242,
        0.48687615942,
        0.49936249042,
        0.47984297642,
        0.48100813742000004,
        0.48634343242,
        0.47218310942,
        0.47694580442
      ],
      "exit_codes": [
        0,
        0,
        0,
        0,
        0,
        0,
        0,
        0,
        0,
        0
      ],
      "parameters": {
        "size": "100000",
        "type": "renoir"
      }
    },
    {
      "command": "./flowunits -r config_renoir.toml -- 1000000",
      "mean": 2.79589105602,
      "stddev": 0.0063215267628488605,
      "median": 2.7936238704200003,
      "user": 0.07431215999999999,
      "system": 0.0061080200000000005,
      "min": 2.7884125764200003,
      "max": 2.80809916342,
      "times": [
        2.79349172242,
        2.8027780144200003,
        2.78914665042,
        2.79286311742,
        2.80028917542,
        2.79831478042,
        2.80809916342,
        2.7884125764200003,
        2.79375601842,
        2.79175934142
      ],
      "exit_codes": [
        0,
        0,
        0,
        0,
        0,
        0,
        0,
        0,
        0,
        0
      ],
      "parameters": {
        "size": "1000000",
        "type": "renoir"
      }
    },
    {
      "command": "./flowunits -r config_renoir.toml -- 10000000",
      "mean": 25.772932437319998,
      "stddev": 0.28318703663289607,
      "median": 25.64652492092,
      "user": 0.08677406000000001,
      "system": 0.005852419999999999,
      "min": 25.54698794342,
      "max": 26.433373851419997,
      "times": [
        25.77047955242,
        25.599268084419997,
        25.83044586142,
        26.08619298342,
        25.576533195419998,
        25.54698794342,
        25.59299305942,
        25.64832123942,
        25.64472860242,
        26.433373851419997
      ],
      "exit_codes": [
        0,
        0,
        0,
        0,
        0,
        0,
        0,
        0,
        0,
        0
      ],
      "parameters": {
        "size": "10000000",
        "type": "renoir"
      }
    }
  ]
}
