{
  "results": [
    {
      "command": "./flowunits -r config_flowunits.toml -- 100000",
      "mean": 0.35857462802000006,
      "stddev": 0.006710317714228997,
      "median": 0.35815886332,
      "user": 0.07671431999999999,
      "system": 0.008629179999999998,
      "min": 0.34915303782,
      "max": 0.37127990082000006,
      "times": [
        0.35090570982,
        0.35922620582000003,
        0.35744587382000004,
        0.35604260582,
        0.37127990082000006,
        0.36679832182000005,
        0.34915303782,
        0.35486568182000006,
        0.36115708982000005,
        0.35887185282000006
      ],
      "exit_codes": [
        0,
        0,
        0,
        0,
        0,
        0,
        0,
        0,
        0,
        0
      ],
      "parameters": {
        "size": "100000",
        "type": "flowunits"
      }
    },
    {
      "command": "./flowunits -r config_flowunits.toml -- 1000000",
      "mean": 1.9035668230199998,
      "stddev": 0.011356298157678312,
      "median": 1.90347482282,
      "user": 0.07813142000000001,
      "system": 0.007438679999999999,
      "min": 1.88214371882,
      "max": 1.91890235382,
      "times": [
        1.89584134282,
        1.91307595682,
        1.88214371882,
        1.90838515582,
        1.89666233982,
        1.90771561182,
        1.89923403382,
        1.8971592188200002,
        1.91890235382,
        1.91654849782
      ],
      "exit_codes": [
        0,
        0,
        0,
        0,
        0,
        0,
        0,
        0,
        0,
        0
      ],
      "parameters": {
        "size": "1000000",
        "type": "flowunits"
      }
    },
    {
      "command": "./flowunits -r config_flowunits.toml -- 10000000",
      "mean": 17.938434749320002,
      "stddev": 0.08374937006337255,
      "median": 17.900701836819998,
      "user": 0.07537452,
      "system": 0.00755288,
      "min": 17.85489435382,
      "max": 18.09535127282,
      "times": [
        17.863978400820002,
        17.85489435382,
        17.87837295882,
        17.91714156682,
        18.00597690682,
        18.09535127282,
        17.88426210682,
        17.87045832282,
        17.99261056482,
        18.021301038820003
      ],
      "exit_codes": [
        0,
        0,
        0,
        0,
        0,
        0,
        0,
        0,
        0,
        0
      ],
      "parameters": {
        "size": "10000000",
        "type": "flowunits"
      }
    },
    {
      "command": "./flowunits -r config_renoir.toml -- 100000",
      "mean": 0.4830168681200001,
      "stddev": 0.00453033890547934,
      "median": 0.48290613682000005,
      "user": 0.08605381999999999,
      "system": 0.006500380000000002,
      "min": 0.47474093582000004,
      "max": 0.49062365082000003,
      "times": [
        0.47885658782000007,
        0.48090325782000004,
        0.48215863782000007,
        0.47474093582000004,
        0.48728864882000006,
        0.48423654682000006,
        0.48365363582000004,
        0.48117860382000005,
        0.49062365082000003,
        0.48652817582
      ],
      "exit_codes": [
        0,
        0,
        0,
        0,
        0,
        0,
        0,
        0,
        0,
        0
      ],
      "parameters": {
        "size": "100000",
        "type": "renoir"
      }
    },
    {
      "command": "./flowunits -r config_renoir.toml -- 1000000",
      "mean": 2.81002109862,
      "stddev": 0.011359327326342147,
      "median": 2.80788963832,
      "user": 0.08207812,
      "system": 0.0053105800000000005,
      "min": 2.79639007882,
      "max": 2.83871051682,
      "times": [
        2.81279533482,
        2.80796488382,
        2.80096752882,
        2.83871051682,
        2.80781439282,
        2.80801731282,
        2.80523920282,
        2.81463460782,
        2.80767712682,
        2.79639007882
      ],
      "exit_codes": [
        0,
        0,
        0,
        0,
        0,
        0,
        0,
        0,
        0,
        0
      ],
      "parameters": {
        "size": "1000000",
        "type": "renoir"
      }
    },
    {
      "command": "./flowunits -r config_renoir.toml -- 10000000",
      "mean": 26.31445527532,
      "stddev": 0.5859708858765095,
      "median": 26.25303073482,
      "user": 0.07853811999999999,
      "system": 0.00660058,
      "min": 25.652731825820002,
      "max": 27.28616862082,
      "times": [
        25.652731825820002,
        26.01599459482,
        26.36250799782,
        25.72130829082,
        27.28616862082,
        26.143553471820002,
        27.16469371282,
        26.45980054182,
        26.64288439582,
        25.69490930082
      ],
      "exit_codes": [
        0,
        0,
        0,
        0,
        0,
        0,
        0,
        0,
        0,
        0
      ],
      "parameters": {
        "size": "10000000",
        "type": "renoir"
      }
    }
  ]
}
