{
  "results": [
    {
      "command": "./flowunits -r config_flowunits.toml -- 100000",
      "mean": 0.21899090343692312,
      "stddev": 0.002367703807725093,
      "median": 0.21868249736000003,
      "user": 0.08541710461538463,
      "system": 0.00711150923076923,
      "min": 0.21503638536000003,
      "max": 0.22285573836000003,
      "times": [
        0.21868249736000003,
        0.21633979736000003,
        0.22049897136000002,
        0.21608117336000002,
        0.21833394536000003,
        0.21810428436,
        0.22047839336000002,
        0.21503638536000003,
        0.22004467036000003,
        0.22285573836000003,
        0.22055786136000002,
        0.21769149136000002,
        0.22217653536
      ],
      "exit_codes": [
        0,
        0,
        0,
        0,
        0,
        0,
        0,
        0,
        0,
        0,
        0,
        0,
        0
      ],
      "parameters": {
        "size": "100000",
        "type": "flowunits"
      }
    },
    {
      "command": "./flowunits -r config_flowunits.toml -- 1000000",
      "mean": 0.37058937346,
      "stddev": 0.003729695910819708,
      "median": 0.37062275136,
      "user": 0.06641442,
      "system": 0.00625944,
      "min": 0.36523752036,
      "max": 0.37802512236,
      "times": [
        0.37045194136000004,
        0.37259920436000005,
        0.37235036836,
        0.37343742436000005,
        0.36809769936000003,
        0.37079356136,
        0.36523752036,
        0.36731567436,
        0.36758521836,
        0.37802512236
      ],
      "exit_codes": [
        0,
        0,
        0,
        0,
        0,
        0,
        0,
        0,
        0,
        0
      ],
      "parameters": {
        "size": "1000000",
        "type": "flowunits"
      }
    },
    {
      "command": "./flowunits -r config_flowunits.toml -- 10000000",
      "mean": 1.98262095076,
      "stddev": 0.03227449893261356,
      "median": 1.9729308193600001,
      "user": 0.07892782000000001,
      "system": 0.00657634,
      "min": 1.94004665536,
      "max": 2.05207948736,
      "times": [
        2.05207948736,
        1.96405590436,
        1.9920867103600002,
        1.9635574503600002,
        2.00020561436,
        1.96304509036,
        1.9818057343600002,
        1.95977759836,
        2.0095492623599998,
        1.94004665536
      ],
      "exit_codes": [
        0,
        0,
        0,
        0,
        0,
        0,
        0,
        0,
        0,
        0
      ],
      "parameters": {
        "size": "10000000",
        "type": "flowunits"
      }
    },
    {
      "command": "./flowunits -r config_renoir.toml -- 100000",
      "mean": 0.30999156806000006,
      "stddev": 0.0018800857406549901,
      "median": 0.31009254136,
      "user": 0.07582272,
      "system": 0.007096939999999999,
      "min": 0.30685833536,
      "max": 0.31267350236,
      "times": [
        0.30918421436000004,
        0.30685833536,
        0.30955154236000004,
        0.30724671336000003,
        0.31161141236,
        0.31158979236,
        0.30979528936,
        0.31101508536000005,
        0.31038979336,
        0.31267350236
      ],
      "exit_codes": [
        0,
        0,
        0,
        0,
        0,
        0,
        0,
        0,
        0,
        0
      ],
      "parameters": {
        "size": "100000",
        "type": "renoir"
      }
    },
    {
      "command": "./flowunits -r config_renoir.toml -- 1000000",
      "mean": 0.52561407026,
      "stddev": 0.009342819365549128,
      "median": 0.5267406273599999,
      "user": 0.07485961999999999,
      "system": 0.007575139999999999,
      "min": 0.50507634636,
      "max": 0.53518739036,
      "times": [
        0.52312215236,
        0.53518739036,
        0.52112759336,
        0.53374951636,
        0.52366399736,
        0.5185820543599999,
        0.5318287563599999,
        0.53398563836,
        0.50507634636,
        0.52981725736
      ],
      "exit_codes": [
        0,
        0,
        0,
        0,
        0,
        0,
        0,
        0,
        0,
        0
      ],
      "parameters": {
        "size": "1000000",
        "type": "renoir"
      }
    },
    {
      "command": "./flowunits -r config_renoir.toml -- 10000000",
      "mean": 2.96246852196,
      "stddev": 0.11347187380335651,
      "median": 2.9253324238599996,
      "user": 0.07517252,
      "system": 0.0075958399999999995,
      "min": 2.84325097336,
      "max": 3.11642628636,
      "times": [
        2.89309409336,
        2.84325097336,
        2.95757075436,
        3.0647892843599998,
        2.84529659736,
        2.87368708536,
        3.11642628636,
        3.06581993636,
        3.10397933536,
        2.86077087336
      ],
      "exit_codes": [
        0,
        0,
        0,
        0,
        0,
        0,
        0,
        0,
        0,
        0
      ],
      "parameters": {
        "size": "10000000",
        "type": "renoir"
      }
    }
  ]
}
