{
  "results": [
    {
      "command": "./flowunits -r config_flowunits.toml -- 100000",
      "mean": 0.2058890919685714,
      "stddev": 0.001666623398713211,
      "median": 0.20634784054000002,
      "user": 0.09070206285714287,
      "system": 0.0057936,
      "min": 0.20228281404,
      "max": 0.20794338004000001,
      "times": [
        0.20477044504,
        0.20661394904000002,
        0.20781785604,
        0.20794338004000001,
        0.20585816304000001,
        0.20228281404,
        0.20667337104,
        0.20608173204000002,
        0.20740781704,
        0.20683148704,
        0.20369923804,
        0.20549335004,
        0.20694689404,
        0.20402679104000002
      ],
      "exit_codes": [
        0,
        0,
        0,
        0,
        0,
        0,
        0,
        0,
        0,
        0,
        0,
        0,
        0,
        0
      ],
      "parameters": {
        "size": "100000",
        "type": "flowunits"
      }
    },
    {
      "command": "./flowunits -r config_flowunits.toml -- 1000000",
      "mean": 0.22031993811692313,
      "stddev": 0.001609834139412688,
      "median": 0.22087510304000002,
      "user": 0.08054380461538463,
      "system": 0.00578133076923077,
      "min": 0.21800538504,
      "max": 0.22262574404000002,
      "times": [
        0.22262574404000002,
        0.21859177404000002,
        0.22087510304000002,
        0.21800538504,
        0.22112639404,
        0.22126680704,
        0.21898627404,
        0.21808997404,
        0.22210290404000002,
        0.22229165704,
        0.21917396504,
        0.22094659704,
        0.22007661704
      ],
      "exit_codes": [
        0,
        0,
        0,
        0,
        0,
        0,
        0,
        0,
        0,
        0,
        0,
        0,
        0
      ],
      "parameters": {
        "size": "1000000",
        "type": "flowunits"
      }
    },
    {
      "command": "./flowunits -r config_flowunits.toml -- 10000000",
      "mean": 0.38619850744000006,
      "stddev": 0.01195813359102644,
      "median": 0.38187439454000005,
      "user": 0.08322512,
      "system": 0.0074652,
      "min": 0.37506940304,
      "max": 0.41509173904,
      "times": [
        0.37965827204,
        0.38161852504000005,
        0.38457382304000004,
        0.39930523804,
        0.37506940304,
        0.38091314304,
        0.41509173904,
        0.38370405304,
        0.38213026404,
        0.37992061404
      ],
      "exit_codes": [
        0,
        0,
        0,
        0,
        0,
        0,
        0,
        0,
        0,
        0
      ],
      "parameters": {
        "size": "10000000",
        "type": "flowunits"
      }
    },
    {
      "command": "./flowunits -r config_renoir.toml -- 100000",
      "mean": 0.30247681694,
      "stddev": 0.002122833833955743,
      "median": 0.30246371454,
      "user": 0.08710042,
      "system": 0.008069699999999999,
      "min": 0.29853734204,
      "max": 0.30664276004,
      "times": [
        0.30194084904,
        0.30317773704,
        0.30290286304,
        0.29853734204,
        0.30664276004,
        0.30250180104,
        0.30160083204,
        0.30079450204,
        0.30242562804,
        0.30424385504
      ],
      "exit_codes": [
        0,
        0,
        0,
        0,
        0,
        0,
        0,
        0,
        0,
        0
      ],
      "parameters": {
        "size": "100000",
        "type": "renoir"
      }
    },
    {
      "command": "./flowunits -r config_renoir.toml -- 1000000",
      "mean": 0.42347221054000006,
      "stddev": 0.0021127239189119664,
      "median": 0.42361994554000004,
      "user": 0.08155262,
      "system": 0.007575800000000001,
      "min": 0.42030065104000003,
      "max": 0.42651551604000004,
      "times": [
        0.42408702604000004,
        0.42448279704,
        0.42110634004,
        0.42651551604000004,
        0.42135881304,
        0.42292135104,
        0.42628245904,
        0.42315286504000005,
        0.42030065104000003,
        0.42451428704000005
      ],
      "exit_codes": [
        0,
        0,
        0,
        0,
        0,
        0,
        0,
        0,
        0,
        0
      ],
      "parameters": {
        "size": "1000000",
        "type": "renoir"
      }
    },
    {
      "command": "./flowunits -r config_renoir.toml -- 10000000",
      "mean": 1.0716939807399999,
      "stddev": 0.02147945651533878,
      "median": 1.07487930554,
      "user": 0.08388412,
      "system": 0.0066995,
      "min": 1.03565255004,
      "max": 1.11352075404,
      "times": [
        1.03565255004,
        1.07620578104,
        1.07230209604,
        1.07508979004,
        1.07896909004,
        1.07385458604,
        1.07634346904,
        1.04033287004,
        1.11352075404,
        1.07466882104
      ],
      "exit_codes": [
        0,
        0,
        0,
        0,
        0,
        0,
        0,
        0,
        0,
        0
      ],
      "parameters": {
        "size": "10000000",
        "type": "renoir"
      }
    }
  ]
}
