{
  "results": [
    {
      "command": "./flowunits -r config_flowunits.toml -- 100000",
      "mean": 0.21074302863714287,
      "stddev": 0.001677457361172263,
      "median": 0.21024687728000002,
      "user": 0.09240548571428568,
      "system": 0.005542145714285714,
      "min": 0.20851852628,
      "max": 0.21548610928,
      "times": [
        0.21132401828,
        0.20991881828,
        0.21026761128000002,
        0.21548610928,
        0.20851852628,
        0.20967011228000001,
        0.21079686128,
        0.20932291328000002,
        0.21092506128000002,
        0.21012492428,
        0.21158985528000002,
        0.21234942728,
        0.21022614328,
        0.20988201928
      ],
      "exit_codes": [
        0,
        0,
        0,
        0,
        0,
        0,
        0,
        0,
        0,
        0,
        0,
        0,
        0,
        0
      ],
      "parameters": {
        "size": "100000",
        "type": "flowunits"
      }
    },
    {
      "command": "./flowunits -r config_flowunits.toml -- 1000000",
      "mean": 0.21555048478,
      "stddev": 0.0019715180452686606,
      "median": 0.21575276328,
      "user": 0.08483077142857143,
      "system": 0.006655722857142857,
      "min": 0.21194200428,
      "max": 0.21962895428,
      "times": [
        0.21397485028000002,
        0.21194200428,
        0.21728761228000001,
        0.21365441028,
        0.21962895428,
        0.21552080428,
        0.21488160828,
        0.21576337828,
        0.21574214828000002,
        0.21601770528,
        0.21304051128,
        0.21724417028,
        0.21664983728,
        0.21635879228000002
      ],
      "exit_codes": [
        0,
        0,
        0,
        0,
        0,
        0,
        0,
        0,
        0,
        0,
        0,
        0,
        0,
        0
      ],
      "parameters": {
        "size": "1000000",
        "type": "flowunits"
      }
    },
    {
      "command": "./flowunits -r config_flowunits.toml -- 10000000",
      "mean": 0.26820089037090916,
      "stddev": 0.0016086430006784908,
      "median": 0.26841348628000006,
      "user": 0.07806619999999999,
      "system": 0.0047806254545454535,
      "min": 0.26513729328,
      "max": 0.27128159428000004,
      "times": [
        0.26703320128,
        0.26885933028000003,
        0.26742236028000005,
        0.26513729328,
        0.26841348628000006,
        0.26840234428000004,
        0.26686613828000005,
        0.26979895928000003,
        0.27128159428000004,
        0.26847972028000006,
        0.26851536628000006
      ],
      "exit_codes": [
        0,
        0,
        0,
        0,
        0,
        0,
        0,
        0,
        0,
        0,
        0
      ],
      "parameters": {
        "size": "10000000",
        "type": "flowunits"
      }
    },
    {
      "command": "./flowunits -r config_renoir.toml -- 100000",
      "mean": 0.40966632228,
      "stddev": 0.008754120821107962,
      "median": 0.41269878678000005,
      "user": 0.07724669999999999,
      "system": 0.00622848,
      "min": 0.3935434392800001,
      "max": 0.41869030328000006,
      "times": [
        0.41869030328000006,
        0.39648573728000003,
        0.40384867928000007,
        0.41355687328000007,
        0.41085961428000006,
        0.41184070028,
        0.3935434392800001,
        0.41529666928000003,
        0.41575234328000005,
        0.41678886328000003
      ],
      "exit_codes": [
        0,
        0,
        0,
        0,
        0,
        0,
        0,
        0,
        0,
        0
      ],
      "parameters": {
        "size": "100000",
        "type": "renoir"
      }
    },
    {
      "command": "./flowunits -r config_renoir.toml -- 1000000",
      "mean": 2.3817537091799994,
      "stddev": 0.02080045156588682,
      "median": 2.38975681778,
      "user": 0.07943449999999999,
      "system": 0.007184579999999999,
      "min": 2.34054115228,
      "max": 2.40021305228,
      "times": [
        2.38356377528,
        2.3930796062799997,
        2.3606423682799997,
        2.39660436528,
        2.34054115228,
        2.35975495528,
        2.39815972828,
        2.40021305228,
        2.39854405928,
        2.38643402928
      ],
      "exit_codes": [
        0,
        0,
        0,
        0,
        0,
        0,
        0,
        0,
        0,
        0
      ],
      "parameters": {
        "size": "1000000",
        "type": "renoir"
      }
    },
    {
      "command": "./flowunits -r config_renoir.toml -- 10000000",
      "mean": 21.94114128668,
      "stddev": 0.06356536214312325,
      "median": 21.94016474228,
      "user": 0.08507850000000002,
      "system": 0.007717679999999999,
      "min": 21.86356283728,
      "max": 22.02798245628,
      "times": [
        21.94018418528,
        22.02798245628,
        21.86356283728,
        21.87372323728,
        21.945295696280002,
        22.02793531528,
        21.89995738428,
        21.87938783228,
        22.01323862328,
        21.94014529928
      ],
      "exit_codes": [
        0,
        0,
        0,
        0,
        0,
        0,
        0,
        0,
        0,
        0
      ],
      "parameters": {
        "size": "10000000",
        "type": "renoir"
      }
    }
  ]
}
