{
  "results": [
    {
      "command": "./flowunits -r config_flowunits.toml -- 100000",
      "mean": 0.2106292648142857,
      "stddev": 0.0016103463103242558,
      "median": 0.2101775451,
      "user": 0.0887099057142857,
      "system": 0.003562145714285714,
      "min": 0.2085566086,
      "max": 0.2148608786,
      "times": [
        0.21176323560000002,
        0.2094344626,
        0.21105362560000002,
        0.2125749156,
        0.21102383060000002,
        0.20970121260000002,
        0.2107147916,
        0.2085566086,
        0.20951987360000002,
        0.2103141006,
        0.2148608786,
        0.2100409896,
        0.2098655006,
        0.2093856816
      ],
      "exit_codes": [
        0,
        0,
        0,
        0,
        0,
        0,
        0,
        0,
        0,
        0,
        0,
        0,
        0,
        0
      ],
      "parameters": {
        "size": "100000",
        "type": "flowunits"
      }
    },
    {
      "command": "./flowunits -r config_flowunits.toml -- 1000000",
      "mean": 0.2159862630285714,
      "stddev": 0.0029912080548448504,
      "median": 0.2152737771,
      "user": 0.08988369142857143,
      "system": 0.004683002857142857,
      "min": 0.2127270816,
      "max": 0.2254691526,
      "times": [
        0.2127270816,
        0.2152820776,
        0.21459027260000002,
        0.2152654766,
        0.2254691526,
        0.2157562166,
        0.2141433946,
        0.2142209806,
        0.2150387816,
        0.2164835286,
        0.2174452506,
        0.2146771546,
        0.2156540956,
        0.21705421860000002
      ],
      "exit_codes": [
        0,
        0,
        0,
        0,
        0,
        0,
        0,
        0,
        0,
        0,
        0,
        0,
        0,
        0
      ],
      "parameters": {
        "size": "1000000",
        "type": "flowunits"
      }
    },
    {
      "command": "./flowunits -r config_flowunits.toml -- 10000000",
      "mean": 0.26914606769090904,
      "stddev": 0.003100519603734,
      "median": 0.2693341596,
      "user": 0.08386116545454544,
      "system": 0.006251041818181818,
      "min": 0.2644099046,
      "max": 0.2738930496,
      "times": [
        0.26997608160000003,
        0.2668893386,
        0.2693341596,
        0.2644099046,
        0.2725403556,
        0.2694994986,
        0.2728826366,
        0.2671062656,
        0.2738930496,
        0.26520866060000003,
        0.2688667936
      ],
      "exit_codes": [
        0,
        0,
        0,
        0,
        0,
        0,
        0,
        0,
        0,
        0,
        0
      ],
      "parameters": {
        "size": "10000000",
        "type": "flowunits"
      }
    },
    {
      "command": "./flowunits -r config_renoir.toml -- 100000",
      "mean": 0.2245404085230769,
      "stddev": 0.0123842728786595,
      "median": 0.2167796036,
      "user": 0.07416085076923076,
      "system": 0.005951706153846155,
      "min": 0.2129591666,
      "max": 0.24492248560000002,
      "times": [
        0.21958116160000002,
        0.2139389616,
        0.2371449156,
        0.21495723960000002,
        0.2418872396,
        0.2294435276,
        0.21652082860000002,
        0.2158487596,
        0.2129591666,
        0.2409443236,
        0.24492248560000002,
        0.2167796036,
        0.2140970976
      ],
      "exit_codes": [
        0,
        0,
        0,
        0,
        0,
        0,
        0,
        0,
        0,
        0,
        0,
        0,
        0
      ],
      "parameters": {
        "size": "100000",
        "type": "renoir"
      }
    },
    {
      "command": "./flowunits -r config_renoir.toml -- 1000000",
      "mean": 0.24200223534999998,
      "stddev": 0.009249157909939937,
      "median": 0.2398088866,
      "user": 0.07770711999999999,
      "system": 0.007504110000000001,
      "min": 0.2289447336,
      "max": 0.26147990460000003,
      "times": [
        0.24061641860000002,
        0.23810181860000001,
        0.2403977096,
        0.2587180706,
        0.2383248456,
        0.2392200636,
        0.2410381396,
        0.2289447336,
        0.23693723660000002,
        0.23581653760000001,
        0.24443134560000002,
        0.26147990460000003
      ],
      "exit_codes": [
        0,
        0,
        0,
        0,
        0,
        0,
        0,
        0,
        0,
        0,
        0,
        0
      ],
      "parameters": {
        "size": "1000000",
        "type": "renoir"
      }
    },
    {
      "command": "./flowunits -r config_renoir.toml -- 10000000",
      "mean": 0.4316341550000001,
      "stddev": 0.007707685569700735,
      "median": 0.4306447886,
      "user": 0.07737992,
      "system": 0.00722406,
      "min": 0.42368240560000003,
      "max": 0.4519014806,
      "times": [
        0.43211893960000003,
        0.4271893946,
        0.43216637960000004,
        0.4292499556,
        0.4328295816,
        0.42368240560000003,
        0.4272028806,
        0.4519014806,
        0.43203962160000003,
        0.4279609106
      ],
      "exit_codes": [
        0,
        0,
        0,
        0,
        0,
        0,
        0,
        0,
        0,
        0
      ],
      "parameters": {
        "size": "10000000",
        "type": "renoir"
      }
    }
  ]
}
