{
  "results": [
    {
      "command": "./flowunits -r config_flowunits.toml -- 100000",
      "mean": 0.2108934286542857,
      "stddev": 0.002005484128513465,
      "median": 0.21052186894000002,
      "user": 0.08556849714285712,
      "system": 0.006482140000000002,
      "min": 0.20790025644000001,
      "max": 0.21497494044,
      "times": [
        0.20906136044,
        0.21174526544000002,
        0.20934200644,
        0.21043123444,
        0.21061250344000002,
        0.20790025644000001,
        0.21078962644000002,
        0.21262012244,
        0.20979997344,
        0.20869623744000002,
        0.21033712844000002,
        0.21497494044,
        0.21374480744000002,
        0.21245253844
      ],
      "exit_codes": [
        0,
        0,
        0,
        0,
        0,
        0,
        0,
        0,
        0,
        0,
        0,
        0,
        0,
        0
      ],
      "parameters": {
        "size": "100000",
        "type": "flowunits"
      }
    },
    {
      "command": "./flowunits -r config_flowunits.toml -- 1000000",
      "mean": 0.21601390044000002,
      "stddev": 0.002045629006990474,
      "median": 0.21622401844000003,
      "user": 0.08059048615384616,
      "system": 0.007268947692307692,
      "min": 0.21308663544,
      "max": 0.22089485144,
      "times": [
        0.22089485144,
        0.21308663544,
        0.21377450344,
        0.21622401844000003,
        0.21655918544000002,
        0.21862977244,
        0.21461467644,
        0.21657461444,
        0.21468431644000002,
        0.21507781244000002,
        0.21624908544000002,
        0.21534508244,
        0.21646615144
      ],
      "exit_codes": [
        0,
        0,
        0,
        0,
        0,
        0,
        0,
        0,
        0,
        0,
        0,
        0,
        0
      ],
      "parameters": {
        "size": "1000000",
        "type": "flowunits"
      }
    },
    {
      "command": "./flowunits -r config_flowunits.toml -- 10000000",
      "mean": 0.2669311930763637,
      "stddev": 0.0023305177585502893,
      "median": 0.26622602844000004,
      "user": 0.07564064,
      "system": 0.0072133672727272705,
      "min": 0.26347322544,
      "max": 0.27091942444,
      "times": [
        0.26347322544,
        0.26584423344,
        0.26987347644000004,
        0.27091942444,
        0.26976404244,
        0.26622602844000004,
        0.26625752644,
        0.26757668244,
        0.26493177044,
        0.26543209744,
        0.26594461644
      ],
      "exit_codes": [
        0,
        0,
        0,
        0,
        0,
        0,
        0,
        0,
        0,
        0,
        0
      ],
      "parameters": {
        "size": "10000000",
        "type": "flowunits"
      }
    },
    {
      "command": "./flowunits -r config_renoir.toml -- 100000",
      "mean": 0.22977733305538464,
      "stddev": 0.004534721730960637,
      "median": 0.22765589044,
      "user": 0.07568110153846153,
      "system": 0.007609716923076922,
      "min": 0.22324455144000002,
      "max": 0.23787792844000002,
      "times": [
        0.22702159244,
        0.22547517744,
        0.22699752744,
        0.23787792844000002,
        0.22324455144000002,
        0.23231970244000003,
        0.22659139744,
        0.23394904244,
        0.22765589044,
        0.23403699744,
        0.22592345744,
        0.23548332544000003,
        0.23052873944000002
      ],
      "exit_codes": [
        0,
        0,
        0,
        0,
        0,
        0,
        0,
        0,
        0,
        0,
        0,
        0,
        0
      ],
      "parameters": {
        "size": "100000",
        "type": "renoir"
      }
    },
    {
      "command": "./flowunits -r config_renoir.toml -- 1000000",
      "mean": 0.42583951224000005,
      "stddev": 0.004010677147782845,
      "median": 0.42486947244,
      "user": 0.07090094,
      "system": 0.00699314,
      "min": 0.42086143844,
      "max": 0.43490652344,
      "times": [
        0.42325788444,
        0.42086143844,
        0.42379238544000003,
        0.42499993644,
        0.43490652344,
        0.42582242644,
        0.42809293744000004,
        0.42280705044000005,
        0.42473900844,
        0.42911553144000003
      ],
      "exit_codes": [
        0,
        0,
        0,
        0,
        0,
        0,
        0,
        0,
        0,
        0
      ],
      "parameters": {
        "size": "1000000",
        "type": "renoir"
      }
    },
    {
      "command": "./flowunits -r config_renoir.toml -- 10000000",
      "mean": 2.37864423584,
      "stddev": 0.004067812013401537,
      "median": 2.3789852309399997,
      "user": 0.07308144,
      "system": 0.007908639999999998,
      "min": 2.37331914844,
      "max": 2.3862455624399996,
      "times": [
        2.37944440444,
        2.37331914844,
        2.37585181944,
        2.3806622794399996,
        2.3828508024399997,
        2.37852605744,
        2.3761227584399998,
        2.3862455624399996,
        2.37364991144,
        2.37976961444
      ],
      "exit_codes": [
        0,
        0,
        0,
        0,
        0,
        0,
        0,
        0,
        0,
        0
      ],
      "parameters": {
        "size": "10000000",
        "type": "renoir"
      }
    }
  ]
}
