{
  "results": [
    {
      "command": "./flowunits -r config_flowunits.toml -- 100000",
      "mean": 0.21082846371142858,
      "stddev": 0.0027941954626350177,
      "median": 0.20992965464000002,
      "user": 0.07701498,
      "system": 0.0058545628571428565,
      "min": 0.20763682614,
      "max": 0.21870495214000002,
      "times": [
        0.20825489414,
        0.21212206614,
        0.20948522814,
        0.20959234014,
        0.20988950414000002,
        0.20988404414,
        0.21091786014,
        0.21870495214000002,
        0.20763682614,
        0.21003148014,
        0.20996980514,
        0.21081234214,
        0.20980298214,
        0.21449416714
      ],
      "exit_codes": [
        0,
        0,
        0,
        0,
        0,
        0,
        0,
        0,
        0,
        0,
        0,
        0,
        0,
        0
      ],
      "parameters": {
        "size": "100000",
        "type": "flowunits"
      }
    },
    {
      "command": "./flowunits -r config_flowunits.toml -- 1000000",
      "mean": 0.21612380737076922,
      "stddev": 0.0017689720662491222,
      "median": 0.21667338814,
      "user": 0.08878190307692307,
      "system": 0.005362535384615384,
      "min": 0.21312268914000002,
      "max": 0.21890810214,
      "times": [
        0.21744106614,
        0.21377216514,
        0.21790692814,
        0.21612813714,
        0.21702475614,
        0.21529278214,
        0.21312268914000002,
        0.21724058014,
        0.21580941014000002,
        0.21351998314,
        0.21890810214,
        0.21676950814,
        0.21667338814
      ],
      "exit_codes": [
        0,
        0,
        0,
        0,
        0,
        0,
        0,
        0,
        0,
        0,
        0,
        0,
        0
      ],
      "parameters": {
        "size": "1000000",
        "type": "flowunits"
      }
    },
    {
      "command": "./flowunits -r config_flowunits.toml -- 10000000",
      "mean": 0.26844939014,
      "stddev": 0.002346891077293237,
      "median": 0.26854120514,
      "user": 0.08891434363636365,
      "system": 0.006812192727272728,
      "min": 0.26420678814000004,
      "max": 0.27141816214000003,
      "times": [
        0.27133226114000003,
        0.27141816214000003,
        0.26610901014,
        0.26967163214,
        0.26786790414,
        0.26854120514,
        0.26798602514000003,
        0.26909153514,
        0.26420678814000004,
        0.26591053914,
        0.27080822914
      ],
      "exit_codes": [
        0,
        0,
        0,
        0,
        0,
        0,
        0,
        0,
        0,
        0,
        0
      ],
      "parameters": {
        "size": "10000000",
        "type": "flowunits"
      }
    },
    {
      "command": "./flowunits -r config_renoir.toml -- 100000",
      "mean": 0.22179290788999997,
      "stddev": 0.006774205835592153,
      "median": 0.21778009064,
      "user": 0.07979897999999999,
      "system": 0.0077063366666666674,
      "min": 0.21461640614,
      "max": 0.23160969814000001,
      "times": [
        0.23085089614,
        0.21644004014,
        0.21803529814,
        0.21653135114,
        0.23014353214,
        0.21461640614,
        0.22912075614000002,
        0.21752488314,
        0.23160969814000001,
        0.21578647714000002,
        0.22381616414,
        0.21703939214
      ],
      "exit_codes": [
        0,
        0,
        0,
        0,
        0,
        0,
        0,
        0,
        0,
        0,
        0,
        0
      ],
      "parameters": {
        "size": "100000",
        "type": "renoir"
      }
    },
    {
      "command": "./flowunits -r config_renoir.toml -- 1000000",
      "mean": 0.22321979037076917,
      "stddev": 0.002202276393370699,
      "median": 0.22333287814,
      "user": 0.08673082615384614,
      "system": 0.00513315076923077,
      "min": 0.22014726214,
      "max": 0.22667779214,
      "times": [
        0.22451326914,
        0.22074552314,
        0.22343127214,
        0.22014726214,
        0.22624714514,
        0.22333287814,
        0.22184723714000001,
        0.22667779214,
        0.22424952514000002,
        0.22325287914,
        0.22089245814,
        0.22087050714,
        0.22564952614
      ],
      "exit_codes": [
        0,
        0,
        0,
        0,
        0,
        0,
        0,
        0,
        0,
        0,
        0,
        0,
        0
      ],
      "parameters": {
        "size": "1000000",
        "type": "renoir"
      }
    },
    {
      "command": "./flowunits -r config_renoir.toml -- 10000000",
      "mean": 0.27784434494,
      "stddev": 0.007853483260536703,
      "median": 0.27552706664000004,
      "user": 0.07775098,
      "system": 0.00564622,
      "min": 0.27182427314,
      "max": 0.29402829214000004,
      "times": [
        0.27628321214,
        0.27707883214,
        0.27615247814,
        0.27193941914,
        0.27399720114000004,
        0.29037302714,
        0.27490165514000003,
        0.29402829214000004,
        0.27186505914000003,
        0.27182427314
      ],
      "exit_codes": [
        0,
        0,
        0,
        0,
        0,
        0,
        0,
        0,
        0,
        0
      ],
      "parameters": {
        "size": "10000000",
        "type": "renoir"
      }
    }
  ]
}
