{
  "results": [
    {
      "command": "./flowunits -r config_flowunits.toml -- 100000",
      "mean": 0.20993118190285714,
      "stddev": 0.0010194590240602808,
      "median": 0.21023598876,
      "user": 0.08287337714285713,
      "system": 0.008309071428571428,
      "min": 0.20787775926,
      "max": 0.21109868626,
      "times": [
        0.20923545926,
        0.20933858426,
        0.21098160426,
        0.20965888026,
        0.21005816726,
        0.21041381026,
        0.21109868626,
        0.21061199526,
        0.20787775926,
        0.20898244026,
        0.21090823526,
        0.21048704826,
        0.20848203326,
        0.21090184326
      ],
      "exit_codes": [
        0,
        0,
        0,
        0,
        0,
        0,
        0,
        0,
        0,
        0,
        0,
        0,
        0,
        0
      ],
      "parameters": {
        "size": "100000",
        "type": "flowunits"
      }
    },
    {
      "command": "./flowunits -r config_flowunits.toml -- 1000000",
      "mean": 0.2161372367984615,
      "stddev": 0.0012815629222098735,
      "median": 0.21621580126,
      "user": 0.09348455846153844,
      "system": 0.006212384615384615,
      "min": 0.21391732026,
      "max": 0.21802655926,
      "times": [
        0.21458461326,
        0.21683719726,
        0.21522085726,
        0.21481179326,
        0.21621580126,
        0.21802655926,
        0.21612781426,
        0.21541961326,
        0.21796201626,
        0.21682291026,
        0.21662615726,
        0.21391732026,
        0.21721142526
      ],
      "exit_codes": [
        0,
        0,
        0,
        0,
        0,
        0,
        0,
        0,
        0,
        0,
        0,
        0,
        0
      ],
      "parameters": {
        "size": "1000000",
        "type": "flowunits"
      }
    },
    {
      "command": "./flowunits -r config_flowunits.toml -- 10000000",
      "mean": 0.26845945889636363,
      "stddev": 0.001595200460457078,
      "median": 0.26825840226000003,
      "user": 0.08918138363636362,
      "system": 0.005104363636363636,
      "min": 0.26666774126000004,
      "max": 0.27239309726000005,
      "times": [
        0.26983368326,
        0.26709023026,
        0.26666774126000004,
        0.26829907826000005,
        0.26860382626,
        0.27239309726000005,
        0.26695602726,
        0.26785252426000006,
        0.26825840226000003,
        0.26891553626000003,
        0.26818390126
      ],
      "exit_codes": [
        0,
        0,
        0,
        0,
        0,
        0,
        0,
        0,
        0,
        0,
        0
      ],
      "parameters": {
        "size": "10000000",
        "type": "flowunits"
      }
    },
    {
      "command": "./flowunits -r config_renoir.toml -- 100000",
      "mean": 1.1394255897599999,
      "stddev": 0.09083332814359601,
      "median": 1.10785726776,
      "user": 0.07378372,
      "system": 0.0064829,
      "min": 1.0628595102599998,
      "max": 1.3085365032599998,
      "times": [
        1.1106700622599999,
        1.1061805922599999,
        1.3085365032599998,
        1.1077956412599999,
        1.10791889426,
        1.06499299826,
        1.1069214462599999,
        1.30803148626,
        1.11034876326,
        1.0628595102599998
      ],
      "exit_codes": [
        0,
        0,
        0,
        0,
        0,
        0,
        0,
        0,
        0,
        0
      ],
      "parameters": {
        "size": "100000",
        "type": "renoir"
      }
    },
    {
      "command": "./flowunits -r config_renoir.toml -- 1000000",
      "mean": 1.7161425479599999,
      "stddev": 0.0023984993495049203,
      "median": 1.7158656317599998,
      "user": 0.07935081999999999,
      "system": 0.0074388,
      "min": 1.7117235152599999,
      "max": 1.71902329826,
      "times": [
        1.7178928702599998,
        1.71828690626,
        1.71514178326,
        1.71658948026,
        1.71432625126,
        1.7117235152599999,
        1.71902329826,
        1.71503433926,
        1.7144754012599999,
        1.7189316342599998
      ],
      "exit_codes": [
        0,
        0,
        0,
        0,
        0,
        0,
        0,
        0,
        0,
        0
      ],
      "parameters": {
        "size": "1000000",
        "type": "renoir"
      }
    },
    {
      "command": "./flowunits -r config_renoir.toml -- 10000000",
      "mean": 2.93445786916,
      "stddev": 0.018609837480160166,
      "median": 2.93888923926,
      "user": 0.07215281999999999,
      "system": 0.006775300000000001,
      "min": 2.90576647126,
      "max": 2.9552695782600003,
      "times": [
        2.9214318932600003,
        2.9552695782600003,
        2.94966398726,
        2.9123904252600004,
        2.92845719726,
        2.92081776926,
        2.9510366232600003,
        2.95042346526,
        2.94932128126,
        2.90576647126
      ],
      "exit_codes": [
        0,
        0,
        0,
        0,
        0,
        0,
        0,
        0,
        0,
        0
      ],
      "parameters": {
        "size": "10000000",
        "type": "renoir"
      }
    }
  ]
}
