{
  "results": [
    {
      "command": "./flowunits -r config_flowunits.toml -- 100000",
      "mean": 0.2111708188142857,
      "stddev": 0.0010539802509003287,
      "median": 0.21102391310000002,
      "user": 0.0909203542857143,
      "system": 0.006783365714285714,
      "min": 0.2095658031,
      "max": 0.2137979251,
      "times": [
        0.2137979251,
        0.2106274511,
        0.2106960291,
        0.2112795111,
        0.2114708301,
        0.2123261311,
        0.2106674861,
        0.2117809101,
        0.2105393961,
        0.2117065811,
        0.2098855831,
        0.2110176511,
        0.2110301751,
        0.2095658031
      ],
      "exit_codes": [
        0,
        0,
        0,
        0,
        0,
        0,
        0,
        0,
        0,
        0,
        0,
        0,
        0,
        0
      ],
      "parameters": {
        "size": "100000",
        "type": "flowunits"
      }
    },
    {
      "command": "./flowunits -r config_flowunits.toml -- 1000000",
      "mean": 0.21564445331428575,
      "stddev": 0.002143276969489697,
      "median": 0.2153468546,
      "user": 0.0798479257142857,
      "system": 0.00592108,
      "min": 0.2132232091,
      "max": 0.2212617471,
      "times": [
        0.2132232091,
        0.2212617471,
        0.2148673871,
        0.2136429051,
        0.2148754621,
        0.2160993731,
        0.2169892791,
        0.2158182471,
        0.2136617511,
        0.2165665581,
        0.2135140241,
        0.2143857961,
        0.2167830831,
        0.2173335241
      ],
      "exit_codes": [
        0,
        0,
        0,
        0,
        0,
        0,
        0,
        0,
        0,
        0,
        0,
        0,
        0,
        0
      ],
      "parameters": {
        "size": "1000000",
        "type": "flowunits"
      }
    },
    {
      "command": "./flowunits -r config_flowunits.toml -- 10000000",
      "mean": 0.2686430271,
      "stddev": 0.0016474565399649142,
      "median": 0.2688963231,
      "user": 0.09000691272727274,
      "system": 0.005454079999999999,
      "min": 0.26467800610000003,
      "max": 0.2705548671,
      "times": [
        0.2691961951,
        0.2705548671,
        0.2704641371,
        0.2688963231,
        0.2697743971,
        0.2688294781,
        0.2672677251,
        0.2679092561,
        0.2691450681,
        0.26467800610000003,
        0.2683578451
      ],
      "exit_codes": [
        0,
        0,
        0,
        0,
        0,
        0,
        0,
        0,
        0,
        0,
        0
      ],
      "parameters": {
        "size": "10000000",
        "type": "flowunits"
      }
    },
    {
      "command": "./flowunits -r config_renoir.toml -- 100000",
      "mean": 1.1650796808,
      "stddev": 0.006890583779939494,
      "median": 1.1626123166,
      "user": 0.08259434000000002,
      "system": 0.006950380000000001,
      "min": 1.1582161231,
      "max": 1.1777115841,
      "times": [
        1.1777115841,
        1.1582161231,
        1.1771997661,
        1.1655671421,
        1.1618638111,
        1.1633608221,
        1.1646892681,
        1.1617042721,
        1.1592761971,
        1.1612078221
      ],
      "exit_codes": [
        0,
        0,
        0,
        0,
        0,
        0,
        0,
        0,
        0,
        0
      ],
      "parameters": {
        "size": "100000",
        "type": "renoir"
      }
    },
    {
      "command": "./flowunits -r config_renoir.toml -- 1000000",
      "mean": 3.1047278606000006,
      "stddev": 0.03658339320753846,
      "median": 3.1004672816000003,
      "user": 0.08696144,
      "system": 0.00790698,
      "min": 3.0526198581000004,
      "max": 3.1527948221,
      "times": [
        3.1527948221,
        3.0779200751,
        3.1316698191000003,
        3.1436971031,
        3.0918919121000004,
        3.0526198581000004,
        3.0548025251000004,
        3.1409479281,
        3.1055070141,
        3.0954275491
      ],
      "exit_codes": [
        0,
        0,
        0,
        0,
        0,
        0,
        0,
        0,
        0,
        0
      ],
      "parameters": {
        "size": "1000000",
        "type": "renoir"
      }
    },
    {
      "command": "./flowunits -r config_renoir.toml -- 10000000",
      "mean": 22.584153308599998,
      "stddev": 0.036404132591746255,
      "median": 22.583697734599998,
      "user": 0.07917494,
      "system": 0.005667879999999998,
      "min": 22.5236974701,
      "max": 22.6550569831,
      "times": [
        22.604206356099997,
        22.6550569831,
        22.5857828401,
        22.6058647481,
        22.5236974701,
        22.596351102099998,
        22.581612629099997,
        22.568519175099997,
        22.5805156331,
        22.539926149099998
      ],
      "exit_codes": [
        0,
        0,
        0,
        0,
        0,
        0,
        0,
        0,
        0,
        0
      ],
      "parameters": {
        "size": "10000000",
        "type": "renoir"
      }
    }
  ]
}
