{
  "results": [
    {
      "command": "./flowunits -r config_flowunits.toml -- 100000",
      "mean": 1.5961888930600001,
      "stddev": 0.0019486366822393064,
      "median": 1.5964815886600001,
      "user": 0.06408823999999999,
      "system": 0.010606619999999999,
      "min": 1.59220470716,
      "max": 1.5990543831600001,
      "times": [
        1.5979320591600001,
        1.5942716861600001,
        1.5965961341600001,
        1.59220470716,
        1.59510033716,
        1.5975483801600001,
        1.5990543831600001,
        1.5965284191600002,
        1.59621806616,
        1.59643475816
      ],
      "exit_codes": [
        0,
        0,
        0,
        0,
        0,
        0,
        0,
        0,
        0,
        0
      ],
      "parameters": {
        "size": "100000",
        "type": "flowunits"
      }
    },
    {
      "command": "./flowunits -r config_flowunits.toml -- 1000000",
      "mean": 1.5955779930599998,
      "stddev": 0.0014062203651162713,
      "median": 1.59567355266,
      "user": 0.059570139999999994,
      "system": 0.012529719999999998,
      "min": 1.59349962816,
      "max": 1.5982673521600002,
      "times": [
        1.5945345621600002,
        1.59439224216,
        1.5965949911600001,
        1.59349962816,
        1.5982673521600002,
        1.59635618116,
        1.5962406691600002,
        1.5962168271600001,
        1.59513027816,
        1.59454719916
      ],
      "exit_codes": [
        0,
        0,
        0,
        0,
        0,
        0,
        0,
        0,
        0,
        0
      ],
      "parameters": {
        "size": "1000000",
        "type": "flowunits"
      }
    },
    {
      "command": "./flowunits -r config_flowunits.toml -- 10000000",
      "mean": 1.5955809111600001,
      "stddev": 0.0015964475699954685,
      "median": 1.59545296066,
      "user": 0.06580953999999999,
      "system": 0.009358420000000001,
      "min": 1.59318519716,
      "max": 1.59852018116,
      "times": [
        1.5956157421600001,
        1.59852018116,
        1.5961970701600001,
        1.5942816411600003,
        1.5967799511600003,
        1.59529017916,
        1.59318519716,
        1.5938535691600002,
        1.59692525416,
        1.5951603261600003
      ],
      "exit_codes": [
        0,
        0,
        0,
        0,
        0,
        0,
        0,
        0,
        0,
        0
      ],
      "parameters": {
        "size": "10000000",
        "type": "flowunits"
      }
    },
    {
      "command": "./flowunits -r config_renoir.toml -- 100000",
      "mean": 3.0842508065600005,
      "stddev": 0.05721724187997847,
      "median": 3.10220463466,
      "user": 0.06465824,
      "system": 0.010401319999999999,
      "min": 2.92150146216,
      "max": 3.1050308861600002,
      "times": [
        3.10252733516,
        3.0989516251600002,
        3.10126726516,
        3.10459108116,
        3.1050308861600002,
        3.09998599816,
        3.10267250916,
        2.92150146216,
        3.10188193416,
        3.10409796916
      ],
      "exit_codes": [
        0,
        0,
        0,
        0,
        0,
        0,
        0,
        0,
        0,
        0
      ],
      "parameters": {
        "size": "100000",
        "type": "renoir"
      }
    },
    {
      "command": "./flowunits -r config_renoir.toml -- 1000000",
      "mean": 3.646649396960001,
      "stddev": 0.09190896511476346,
      "median": 3.70288213866,
      "user": 0.06118744,
      "system": 0.011821719999999997,
      "min": 3.50247475716,
      "max": 3.7058312351600002,
      "times": [
        3.70284143216,
        3.70370974116,
        3.69821508416,
        3.7049342441600004,
        3.50247475716,
        3.7058312351600002,
        3.5361613641600003,
        3.5037724581600003,
        3.70563080816,
        3.7029228451600003
      ],
      "exit_codes": [
        0,
        0,
        0,
        0,
        0,
        0,
        0,
        0,
        0,
        0
      ],
      "parameters": {
        "size": "1000000",
        "type": "renoir"
      }
    },
    {
      "command": "./flowunits -r config_renoir.toml -- 10000000",
      "mean": 5.0196533494599995,
      "stddev": 0.17895471554100634,
      "median": 4.98222006766,
      "user": 0.060520739999999996,
      "system": 0.009337819999999998,
      "min": 4.70731537816,
      "max": 5.3977211481600005,
      "times": [
        5.0237048811600005,
        4.90043804716,
        5.10305807816,
        5.15719723916,
        5.3977211481600005,
        4.9910598771600005,
        4.97168654016,
        4.97338025816,
        4.97097204716,
        4.70731537816
      ],
      "exit_codes": [
        0,
        0,
        0,
        0,
        0,
        0,
        0,
        0,
        0,
        0
      ],
      "parameters": {
        "size": "10000000",
        "type": "renoir"
      }
    }
  ]
}
