{
  "results": [
    {
      "command": "./flowunits -r config_flowunits.toml -- 100000",
      "mean": 0.2105551657057143,
      "stddev": 0.0014599946609410853,
      "median": 0.21004690042000002,
      "user": 0.09162378,
      "system": 0.005628880000000001,
      "min": 0.20864435992000002,
      "max": 0.21374365492,
      "times": [
        0.21009345292,
        0.20945216192000002,
        0.21136500192000002,
        0.21000034792,
        0.20996495192,
        0.20891993492000002,
        0.21374365492,
        0.20976713092000002,
        0.21102261092000002,
        0.21265479692,
        0.20968032892000002,
        0.21035195592,
        0.20864435992000002,
        0.21211162992000002
      ],
      "exit_codes": [
        0,
        0,
        0,
        0,
        0,
        0,
        0,
        0,
        0,
        0,
        0,
        0,
        0,
        0
      ],
      "parameters": {
        "size": "100000",
        "type": "flowunits"
      }
    },
    {
      "command": "./flowunits -r config_flowunits.toml -- 1000000",
      "mean": 0.2167632004584616,
      "stddev": 0.001893457627708306,
      "median": 0.21723890792,
      "user": 0.09061828,
      "system": 0.005344436923076922,
      "min": 0.21230399992,
      "max": 0.21951285492,
      "times": [
        0.21777787692,
        0.21723890792,
        0.21499618992,
        0.21951285492,
        0.21571000592,
        0.21749430592000002,
        0.21230399992,
        0.21524585692,
        0.21676688392000001,
        0.21673373192,
        0.21927924692,
        0.21730857892000002,
        0.21755316592
      ],
      "exit_codes": [
        0,
        0,
        0,
        0,
        0,
        0,
        0,
        0,
        0,
        0,
        0,
        0,
        0
      ],
      "parameters": {
        "size": "1000000",
        "type": "flowunits"
      }
    },
    {
      "command": "./flowunits -r config_flowunits.toml -- 10000000",
      "mean": 0.2684794356472728,
      "stddev": 0.001967466253450465,
      "median": 0.26849088892000006,
      "user": 0.08067509818181817,
      "system": 0.0062618145454545445,
      "min": 0.26513629892000007,
      "max": 0.27256129792000006,
      "times": [
        0.26689372792000005,
        0.27003782292000006,
        0.26875359992000003,
        0.26892809592000005,
        0.27256129792000006,
        0.26973179092000005,
        0.26849088892000006,
        0.26513629892000007,
        0.26655926192000007,
        0.26830665292000005,
        0.26787435392000003
      ],
      "exit_codes": [
        0,
        0,
        0,
        0,
        0,
        0,
        0,
        0,
        0,
        0,
        0
      ],
      "parameters": {
        "size": "10000000",
        "type": "flowunits"
      }
    },
    {
      "command": "./flowunits -r config_renoir.toml -- 100000",
      "mean": 1.09463830282,
      "stddev": 0.02262397297978315,
      "median": 1.11010605792,
      "user": 0.07700437999999998,
      "system": 0.00672946,
      "min": 1.06706262292,
      "max": 1.11382234392,
      "times": [
        1.07068284892,
        1.10902766892,
        1.11118444692,
        1.11370790992,
        1.06706262292,
        1.06855125692,
        1.11170535392,
        1.06739895392,
        1.11323962192,
        1.11382234392
      ],
      "exit_codes": [
        0,
        0,
        0,
        0,
        0,
        0,
        0,
        0,
        0,
        0
      ],
      "parameters": {
        "size": "100000",
        "type": "renoir"
      }
    },
    {
      "command": "./flowunits -r config_renoir.toml -- 1000000",
      "mean": 1.7845985812199998,
      "stddev": 0.005791477075178268,
      "median": 1.78260418692,
      "user": 0.06810138000000002,
      "system": 0.00836296,
      "min": 1.77780432592,
      "max": 1.79388226392,
      "times": [
        1.78101510792,
        1.79388226392,
        1.78349925792,
        1.78716050992,
        1.78144444992,
        1.77780432592,
        1.78885168792,
        1.79277652392,
        1.7778425689200001,
        1.78170911592
      ],
      "exit_codes": [
        0,
        0,
        0,
        0,
        0,
        0,
        0,
        0,
        0,
        0
      ],
      "parameters": {
        "size": "1000000",
        "type": "renoir"
      }
    },
    {
      "command": "./flowunits -r config_renoir.toml -- 10000000",
      "mean": 3.94405019612,
      "stddev": 0.4369206227638735,
      "median": 3.77319588242,
      "user": 0.06630498,
      "system": 0.00602806,
      "min": 3.73308411992,
      "max": 5.15869558392,
      "times": [
        3.77037098892,
        3.73719407492,
        3.87449615392,
        3.73308411992,
        3.75952775192,
        5.15869558392,
        3.84644575492,
        3.77602077592,
        4.03943297292,
        3.7452337839200003
      ],
      "exit_codes": [
        0,
        0,
        0,
        0,
        0,
        0,
        0,
        0,
        0,
        0
      ],
      "parameters": {
        "size": "10000000",
        "type": "renoir"
      }
    }
  ]
}
