{
  "results": [
    {
      "command": "./flowunits -r config_flowunits.toml -- 100000",
      "mean": 0.21059206237714287,
      "stddev": 0.001442088217073879,
      "median": 0.21060538052000002,
      "user": 0.08376319142857143,
      "system": 0.006904708571428572,
      "min": 0.20837767602,
      "max": 0.21399492002,
      "times": [
        0.20837767602,
        0.21238247302000002,
        0.21042079002000003,
        0.20892644302000002,
        0.21174282502000003,
        0.21004946602000002,
        0.21399492002,
        0.21078997102000002,
        0.21080629202,
        0.20966312202,
        0.21020834202000002,
        0.21085354102,
        0.20928041602000003,
        0.21079259602000003
      ],
      "exit_codes": [
        0,
        0,
        0,
        0,
        0,
        0,
        0,
        0,
        0,
        0,
        0,
        0,
        0,
        0
      ],
      "parameters": {
        "size": "100000",
        "type": "flowunits"
      }
    },
    {
      "command": "./flowunits -r config_flowunits.toml -- 1000000",
      "mean": 0.2161901973057143,
      "stddev": 0.001452783805341978,
      "median": 0.21609864902000003,
      "user": 0.08743590571428571,
      "system": 0.005844351428571428,
      "min": 0.21384067202,
      "max": 0.21852749502000002,
      "times": [
        0.21384067202,
        0.21767612202,
        0.21652252202000002,
        0.21523036302,
        0.21618869802000001,
        0.21843752702000002,
        0.21530320002,
        0.21458582702,
        0.21495299402,
        0.21600860002000002,
        0.21722795302,
        0.21504630902000002,
        0.21711448002000003,
        0.21852749502000002
      ],
      "exit_codes": [
        0,
        0,
        0,
        0,
        0,
        0,
        0,
        0,
        0,
        0,
        0,
        0,
        0,
        0
      ],
      "parameters": {
        "size": "1000000",
        "type": "flowunits"
      }
    },
    {
      "command": "./flowunits -r config_flowunits.toml -- 10000000",
      "mean": 0.26693627938363634,
      "stddev": 0.0021830843807121685,
      "median": 0.26633860402000004,
      "user": 0.08788366545454544,
      "system": 0.005854007272727272,
      "min": 0.26271937902000003,
      "max": 0.26947978402,
      "times": [
        0.26883386602000003,
        0.26897846602000003,
        0.26622212602,
        0.26932718802,
        0.26271937902000003,
        0.26633860402000004,
        0.26579766202,
        0.26947978402,
        0.26821745102,
        0.26531659202,
        0.26506795502
      ],
      "exit_codes": [
        0,
        0,
        0,
        0,
        0,
        0,
        0,
        0,
        0,
        0,
        0
      ],
      "parameters": {
        "size": "10000000",
        "type": "flowunits"
      }
    },
    {
      "command": "./flowunits -r config_renoir.toml -- 100000",
      "mean": 0.30776261482,
      "stddev": 0.01017413865078294,
      "median": 0.30253704502,
      "user": 0.07399602000000001,
      "system": 0.00828598,
      "min": 0.29921468602,
      "max": 0.32438342902,
      "times": [
        0.32119950902,
        0.32438342902,
        0.30343976502000003,
        0.30324808602000003,
        0.30148140902000004,
        0.30182600402000004,
        0.29921468602,
        0.32145455702000003,
        0.30021347602000004,
        0.30116522702000004
      ],
      "exit_codes": [
        0,
        0,
        0,
        0,
        0,
        0,
        0,
        0,
        0,
        0
      ],
      "parameters": {
        "size": "100000",
        "type": "renoir"
      }
    },
    {
      "command": "./flowunits -r config_renoir.toml -- 1000000",
      "mean": 0.48611505602000016,
      "stddev": 0.020337178678624755,
      "median": 0.49356140802000004,
      "user": 0.06751911999999999,
      "system": 0.006859979999999999,
      "min": 0.44634329902000003,
      "max": 0.51092613302,
      "times": [
        0.44634329902000003,
        0.51092613302,
        0.49339973602000003,
        0.49673409702000004,
        0.49372308002000004,
        0.49514762802,
        0.48649260602000005,
        0.45325943602,
        0.48722570802000004,
        0.49789883702000004
      ],
      "exit_codes": [
        0,
        0,
        0,
        0,
        0,
        0,
        0,
        0,
        0,
        0
      ],
      "parameters": {
        "size": "1000000",
        "type": "renoir"
      }
    },
    {
      "command": "./flowunits -r config_renoir.toml -- 10000000",
      "mean": 2.43994644462,
      "stddev": 0.0045367234211067505,
      "median": 2.44002843502,
      "user": 0.07657432,
      "system": 0.00611688,
      "min": 2.43383064302,
      "max": 2.44673549002,
      "times": [
        2.43753367502,
        2.43383064302,
        2.44673549002,
        2.43888096702,
        2.4416605100199997,
        2.43522376102,
        2.4463397900199997,
        2.43546966202,
        2.44261404502,
        2.44117590302
      ],
      "exit_codes": [
        0,
        0,
        0,
        0,
        0,
        0,
        0,
        0,
        0,
        0
      ],
      "parameters": {
        "size": "10000000",
        "type": "renoir"
      }
    }
  ]
}
