{
  "results": [
    {
      "command": "./flowunits -r config_flowunits.toml -- 100000",
      "mean": 0.2113358476742857,
      "stddev": 0.0021525030924329494,
      "median": 0.21094971046,
      "user": 0.0843746257142857,
      "system": 0.004302265714285714,
      "min": 0.20869875246,
      "max": 0.21531982646,
      "times": [
        0.20902333946,
        0.21344988646000002,
        0.21103986446,
        0.21143440246,
        0.21442350846,
        0.20982205446000002,
        0.21085955646,
        0.21390861446,
        0.20869875246,
        0.21030665146,
        0.20880530146,
        0.21531982646,
        0.21143528446,
        0.21017482446
      ],
      "exit_codes": [
        0,
        0,
        0,
        0,
        0,
        0,
        0,
        0,
        0,
        0,
        0,
        0,
        0,
        0
      ],
      "parameters": {
        "size": "100000",
        "type": "flowunits"
      }
    },
    {
      "command": "./flowunits -r config_flowunits.toml -- 1000000",
      "mean": 0.21611259830615384,
      "stddev": 0.0019214261285398953,
      "median": 0.21597272846,
      "user": 0.07951387846153847,
      "system": 0.00486128923076923,
      "min": 0.21218613046,
      "max": 0.21953950446,
      "times": [
        0.21768428146000002,
        0.21351551846,
        0.21218613046,
        0.21786775546,
        0.21953950446,
        0.21588319046,
        0.21541172846,
        0.21499144146000002,
        0.21635019346,
        0.21772057946,
        0.21660452046,
        0.21573620546,
        0.21597272846
      ],
      "exit_codes": [
        0,
        0,
        0,
        0,
        0,
        0,
        0,
        0,
        0,
        0,
        0,
        0,
        0
      ],
      "parameters": {
        "size": "1000000",
        "type": "flowunits"
      }
    },
    {
      "command": "./flowunits -r config_flowunits.toml -- 10000000",
      "mean": 0.2677384608236364,
      "stddev": 0.001782443602038803,
      "median": 0.26738766046000007,
      "user": 0.08243215818181819,
      "system": 0.0051579345454545455,
      "min": 0.26561133546000004,
      "max": 0.27064456646,
      "times": [
        0.27064456646,
        0.26738766046000007,
        0.26621644846000003,
        0.26606549546,
        0.26561133546000004,
        0.26723025646000004,
        0.26581345346,
        0.26964404446000007,
        0.26880649646000004,
        0.26776808246000006,
        0.26993522946000004
      ],
      "exit_codes": [
        0,
        0,
        0,
        0,
        0,
        0,
        0,
        0,
        0,
        0,
        0
      ],
      "parameters": {
        "size": "10000000",
        "type": "flowunits"
      }
    },
    {
      "command": "./flowunits -r config_renoir.toml -- 100000",
      "mean": 0.44141523636,
      "stddev": 0.010643525410739287,
      "median": 0.44174182596000006,
      "user": 0.07583374,
      "system": 0.00862928,
      "min": 0.41731787146000004,
      "max": 0.46170828546000003,
      "times": [
        0.44181846446000006,
        0.44446652146000004,
        0.41731787146000004,
        0.43915486846000007,
        0.44166518746000005,
        0.4406485344600001,
        0.44413835646000005,
        0.44309047446000005,
        0.46170828546000003,
        0.44014379946000004
      ],
      "exit_codes": [
        0,
        0,
        0,
        0,
        0,
        0,
        0,
        0,
        0,
        0
      ],
      "parameters": {
        "size": "100000",
        "type": "renoir"
      }
    },
    {
      "command": "./flowunits -r config_renoir.toml -- 1000000",
      "mean": 2.4251679914600004,
      "stddev": 0.016062122235444027,
      "median": 2.42781796646,
      "user": 0.07490484,
      "system": 0.007875179999999999,
      "min": 2.38355028046,
      "max": 2.44798015146,
      "times": [
        2.42906494046,
        2.38355028046,
        2.42767948646,
        2.42710870846,
        2.4247728684600003,
        2.4282826664600003,
        2.44798015146,
        2.42496252146,
        2.43032184446,
        2.42795644646
      ],
      "exit_codes": [
        0,
        0,
        0,
        0,
        0,
        0,
        0,
        0,
        0,
        0
      ],
      "parameters": {
        "size": "1000000",
        "type": "renoir"
      }
    },
    {
      "command": "./flowunits -r config_renoir.toml -- 10000000",
      "mean": 21.94027923646,
      "stddev": 0.005542784336899408,
      "median": 21.94201952696,
      "user": 0.07075844,
      "system": 0.00816078,
      "min": 21.927501217459998,
      "max": 21.946425530459997,
      "times": [
        21.94352551646,
        21.93987838846,
        21.927501217459998,
        21.93420125346,
        21.946425530459997,
        21.94277586946,
        21.943297315459997,
        21.94126318446,
        21.94025430946,
        21.94366977946
      ],
      "exit_codes": [
        0,
        0,
        0,
        0,
        0,
        0,
        0,
        0,
        0,
        0
      ],
      "parameters": {
        "size": "10000000",
        "type": "renoir"
      }
    }
  ]
}
