{
  "results": [
    {
      "command": "./flowunits -r config_flowunits.toml -- 100000",
      "mean": 0.21094335091714286,
      "stddev": 0.0017094546107482471,
      "median": 0.21025871356000003,
      "user": 0.08889768285714286,
      "system": 0.0075860400000000005,
      "min": 0.20901818006000003,
      "max": 0.21430061106000003,
      "times": [
        0.21121730806000003,
        0.21179373706000001,
        0.21259892506000003,
        0.20957669706,
        0.20901818006000003,
        0.21011096706000001,
        0.20929285506000003,
        0.21430061106000003,
        0.21242182306000001,
        0.20979196006000003,
        0.20929162206000002,
        0.21350065306000002,
        0.20988511406000002,
        0.21040646006000002
      ],
      "exit_codes": [
        0,
        0,
        0,
        0,
        0,
        0,
        0,
        0,
        0,
        0,
        0,
        0,
        0,
        0
      ],
      "parameters": {
        "size": "100000",
        "type": "flowunits"
      }
    },
    {
      "command": "./flowunits -r config_flowunits.toml -- 1000000",
      "mean": 0.21622117421384618,
      "stddev": 0.0018960580998155449,
      "median": 0.21612081906000002,
      "user": 0.08889661692307692,
      "system": 0.005462539999999998,
      "min": 0.21344871506000002,
      "max": 0.21992219606000002,
      "times": [
        0.21735780506000002,
        0.21629177806000002,
        0.21522684506000003,
        0.21723551606000002,
        0.21344871506000002,
        0.21611363506000003,
        0.21992219606000002,
        0.21861112106000002,
        0.21757177506000003,
        0.21408199106000003,
        0.21437781506000003,
        0.21612081906000002,
        0.21451525306000002
      ],
      "exit_codes": [
        0,
        0,
        0,
        0,
        0,
        0,
        0,
        0,
        0,
        0,
        0,
        0,
        0
      ],
      "parameters": {
        "size": "1000000",
        "type": "flowunits"
      }
    },
    {
      "command": "./flowunits -r config_flowunits.toml -- 10000000",
      "mean": 0.26745102687818184,
      "stddev": 0.002119695521527503,
      "median": 0.26671505306000004,
      "user": 0.0726166309090909,
      "system": 0.0049225399999999996,
      "min": 0.26504391506,
      "max": 0.27233844206,
      "times": [
        0.26671505306000004,
        0.26824311506000004,
        0.26504391506,
        0.27233844206,
        0.26622372306000003,
        0.26850108806,
        0.26643276506,
        0.26508720606,
        0.26884168406000003,
        0.26846006006,
        0.26607424406
      ],
      "exit_codes": [
        0,
        0,
        0,
        0,
        0,
        0,
        0,
        0,
        0,
        0,
        0
      ],
      "parameters": {
        "size": "10000000",
        "type": "flowunits"
      }
    },
    {
      "command": "./flowunits -r config_renoir.toml -- 100000",
      "mean": 0.30041499786000003,
      "stddev": 0.008290205013203234,
      "median": 0.29597576656,
      "user": 0.07606403999999999,
      "system": 0.006805239999999999,
      "min": 0.29427712606,
      "max": 0.31568089906,
      "times": [
        0.29527336106,
        0.29482363906000003,
        0.29515543106000003,
        0.29592512106,
        0.29427712606,
        0.29608775706,
        0.30924333706,
        0.29602641206,
        0.31165689506000005,
        0.31568089906
      ],
      "exit_codes": [
        0,
        0,
        0,
        0,
        0,
        0,
        0,
        0,
        0,
        0
      ],
      "parameters": {
        "size": "100000",
        "type": "renoir"
      }
    },
    {
      "command": "./flowunits -r config_renoir.toml -- 1000000",
      "mean": 0.36631151316000005,
      "stddev": 0.008426839376705714,
      "median": 0.36404480306000003,
      "user": 0.08205854,
      "system": 0.00577494,
      "min": 0.35965299606,
      "max": 0.38565950606000005,
      "times": [
        0.38565950606000005,
        0.36066672406000005,
        0.35965299606,
        0.36014903506,
        0.36392621606000003,
        0.36424414206000005,
        0.36193391606,
        0.36416339006000004,
        0.36562042806000006,
        0.37709877806000003
      ],
      "exit_codes": [
        0,
        0,
        0,
        0,
        0,
        0,
        0,
        0,
        0,
        0
      ],
      "parameters": {
        "size": "1000000",
        "type": "renoir"
      }
    },
    {
      "command": "./flowunits -r config_renoir.toml -- 10000000",
      "mean": 0.56504114616,
      "stddev": 0.011495801008072194,
      "median": 0.5635715455600001,
      "user": 0.08485374000000001,
      "system": 0.006144740000000001,
      "min": 0.54133340606,
      "max": 0.5830083110600001,
      "times": [
        0.56367694806,
        0.5830083110600001,
        0.5613831330600001,
        0.56622401706,
        0.56488695306,
        0.5634661430600001,
        0.56177490706,
        0.58150680006,
        0.54133340606,
        0.5631508430600001
      ],
      "exit_codes": [
        0,
        0,
        0,
        0,
        0,
        0,
        0,
        0,
        0,
        0
      ],
      "parameters": {
        "size": "10000000",
        "type": "renoir"
      }
    }
  ]
}
