{
  "results": [
    {
      "command": "./flowunits -r config_flowunits.toml -- 100000",
      "mean": 0.32938301274000004,
      "stddev": 0.0009633529836039457,
      "median": 0.32917477204,
      "user": 0.04933186,
      "system": 0.0063728000000000005,
      "min": 0.32836008154,
      "max": 0.33140472254000003,
      "times": [
        0.32861512854,
        0.32836008154,
        0.32967007354000005,
        0.32883194454000003,
        0.33140472254000003,
        0.32893809454,
        0.32853941754000004,
        0.33052782054,
        0.32953139454,
        0.32941144954
      ],
      "exit_codes": [
        0,
        0,
        0,
        0,
        0,
        0,
        0,
        0,
        0,
        0
      ],
      "parameters": {
        "size": "100000",
        "type": "flowunits"
      }
    },
    {
      "command": "./flowunits -r config_flowunits.toml -- 1000000",
      "mean": 0.3298989492400001,
      "stddev": 0.0011590506083692502,
      "median": 0.33004686554000007,
      "user": 0.04467296,
      "system": 0.006724999999999999,
      "min": 0.32712074054,
      "max": 0.33124374154,
      "times": [
        0.33093212854000004,
        0.33124374154,
        0.33010138254000004,
        0.32977866754,
        0.32999234854000004,
        0.32712074054,
        0.33070233754,
        0.32959329054000003,
        0.32918975454000005,
        0.33033510054000004
      ],
      "exit_codes": [
        0,
        0,
        0,
        0,
        0,
        0,
        0,
        0,
        0,
        0
      ],
      "parameters": {
        "size": "1000000",
        "type": "flowunits"
      }
    },
    {
      "command": "./flowunits -r config_flowunits.toml -- 10000000",
      "mean": 0.33018115424000005,
      "stddev": 0.0011384563715367785,
      "median": 0.33015168054000005,
      "user": 0.048878460000000006,
      "system": 0.0056428,
      "min": 0.32845267454000004,
      "max": 0.33194201854000005,
      "times": [
        0.32946305654,
        0.33194201854000005,
        0.32939538054,
        0.32998076554000005,
        0.33113957654000004,
        0.33160752254000003,
        0.32902420454000003,
        0.32845267454000004,
        0.33032259554000004,
        0.33048374754000004
      ],
      "exit_codes": [
        0,
        0,
        0,
        0,
        0,
        0,
        0,
        0,
        0,
        0
      ],
      "parameters": {
        "size": "10000000",
        "type": "flowunits"
      }
    },
    {
      "command": "./flowunits -r config_renoir.toml -- 100000",
      "mean": 0.50562548174,
      "stddev": 0.03454697711605644,
      "median": 0.49293558554,
      "user": 0.04786465999999999,
      "system": 0.0053528,
      "min": 0.48078485654,
      "max": 0.57692129354,
      "times": [
        0.48365501054000004,
        0.50053935954,
        0.50169449254,
        0.48273852454000005,
        0.48238446254000006,
        0.50157859554,
        0.48533181154000005,
        0.48078485654,
        0.57692129354,
        0.56062641054
      ],
      "exit_codes": [
        0,
        0,
        0,
        0,
        0,
        0,
        0,
        0,
        0,
        0
      ],
      "parameters": {
        "size": "100000",
        "type": "renoir"
      }
    },
    {
      "command": "./flowunits -r config_renoir.toml -- 1000000",
      "mean": 0.61839065794,
      "stddev": 0.0453209983275505,
      "median": 0.60047810154,
      "user": 0.05115766000000001,
      "system": 0.006782399999999999,
      "min": 0.58225637654,
      "max": 0.71219129154,
      "times": [
        0.59993856754,
        0.67723828154,
        0.58331053954,
        0.60142312554,
        0.5827834145399999,
        0.58225637654,
        0.60101763554,
        0.71219129154,
        0.64894483954,
        0.59480250754
      ],
      "exit_codes": [
        0,
        0,
        0,
        0,
        0,
        0,
        0,
        0,
        0,
        0
      ],
      "parameters": {
        "size": "1000000",
        "type": "renoir"
      }
    },
    {
      "command": "./flowunits -r config_renoir.toml -- 10000000",
      "mean": 0.67870101454,
      "stddev": 0.04593920867061428,
      "median": 0.65695481504,
      "user": 0.053350859999999986,
      "system": 0.00661674,
      "min": 0.64814268654,
      "max": 0.78316453354,
      "times": [
        0.6543335675399999,
        0.65845804654,
        0.65593422654,
        0.6785430555399999,
        0.65700536454,
        0.78316453354,
        0.65690426554,
        0.64814268654,
        0.74193055154,
        0.6525938475399999
      ],
      "exit_codes": [
        0,
        0,
        0,
        0,
        0,
        0,
        0,
        0,
        0,
        0
      ],
      "parameters": {
        "size": "10000000",
        "type": "renoir"
      }
    }
  ]
}
