{
  "results": [
    {
      "command": "./flowunits -r config_flowunits.toml -- 100000",
      "mean": 0.21089020022285715,
      "stddev": 0.002514427284540297,
      "median": 0.21051037808,
      "user": 0.08180730285714286,
      "system": 0.006508902857142858,
      "min": 0.20688099358,
      "max": 0.21636268258,
      "times": [
        0.21065126158,
        0.20959294058,
        0.21050323458,
        0.21322202358,
        0.21051752158,
        0.21279389258,
        0.20962875758,
        0.21238032758,
        0.21636268258,
        0.20825015658,
        0.21336268758,
        0.20811318058,
        0.21020314258,
        0.20688099358
      ],
      "exit_codes": [
        0,
        0,
        0,
        0,
        0,
        0,
        0,
        0,
        0,
        0,
        0,
        0,
        0,
        0
      ],
      "parameters": {
        "size": "100000",
        "type": "flowunits"
      }
    },
    {
      "command": "./flowunits -r config_flowunits.toml -- 1000000",
      "mean": 0.21578736242615387,
      "stddev": 0.0015778696357402217,
      "median": 0.21541704258,
      "user": 0.0821773523076923,
      "system": 0.006286413846153845,
      "min": 0.21347098958,
      "max": 0.21873538458,
      "times": [
        0.21492995158,
        0.21347098958,
        0.21579706458,
        0.21873538458,
        0.21832854358,
        0.21692504658,
        0.21516784658,
        0.21541704258,
        0.21473060858,
        0.21694590458000002,
        0.21612392658000001,
        0.21430507158,
        0.21435833058
      ],
      "exit_codes": [
        0,
        0,
        0,
        0,
        0,
        0,
        0,
        0,
        0,
        0,
        0,
        0,
        0
      ],
      "parameters": {
        "size": "1000000",
        "type": "flowunits"
      }
    },
    {
      "command": "./flowunits -r config_flowunits.toml -- 10000000",
      "mean": 0.2688175634890909,
      "stddev": 0.00349943611308552,
      "median": 0.26899741158,
      "user": 0.08061765999999998,
      "system": 0.00784498727272727,
      "min": 0.26346067658,
      "max": 0.27444524858,
      "times": [
        0.27094760158000003,
        0.26582442158,
        0.27023004858,
        0.26996824858,
        0.26799935258,
        0.26603815158,
        0.27377212858,
        0.27444524858,
        0.26346067658,
        0.26530990858000003,
        0.26899741158
      ],
      "exit_codes": [
        0,
        0,
        0,
        0,
        0,
        0,
        0,
        0,
        0,
        0,
        0
      ],
      "parameters": {
        "size": "10000000",
        "type": "flowunits"
      }
    },
    {
      "command": "./flowunits -r config_renoir.toml -- 100000",
      "mean": 0.23311931866333335,
      "stddev": 0.003721351940461874,
      "median": 0.23259598558,
      "user": 0.08841532666666667,
      "system": 0.006622843333333333,
      "min": 0.22836308758,
      "max": 0.23907455858,
      "times": [
        0.23133296558,
        0.23023782658,
        0.23351887858,
        0.23040830458,
        0.22899059158,
        0.22836308758,
        0.23312781658,
        0.23206415458000001,
        0.23347549758,
        0.23904425158,
        0.23779389058,
        0.23907455858
      ],
      "exit_codes": [
        0,
        0,
        0,
        0,
        0,
        0,
        0,
        0,
        0,
        0,
        0,
        0
      ],
      "parameters": {
        "size": "100000",
        "type": "renoir"
      }
    },
    {
      "command": "./flowunits -r config_renoir.toml -- 1000000",
      "mean": 0.42787252508000007,
      "stddev": 0.007889768799018582,
      "median": 0.42804703908,
      "user": 0.07686925999999998,
      "system": 0.00963196,
      "min": 0.40766628858000004,
      "max": 0.43584939558,
      "times": [
        0.42801246458000003,
        0.43275404158,
        0.42808161358,
        0.43090404758,
        0.40766628858000004,
        0.43584939558,
        0.42669966758,
        0.43500614658000003,
        0.42757574758,
        0.42617583758
      ],
      "exit_codes": [
        0,
        0,
        0,
        0,
        0,
        0,
        0,
        0,
        0,
        0
      ],
      "parameters": {
        "size": "1000000",
        "type": "renoir"
      }
    },
    {
      "command": "./flowunits -r config_renoir.toml -- 10000000",
      "mean": 2.3755786270800003,
      "stddev": 0.009883245416420489,
      "median": 2.37781904908,
      "user": 0.07893135999999999,
      "system": 0.009616260000000001,
      "min": 2.3484413215799997,
      "max": 2.38329789958,
      "times": [
        2.37883571758,
        2.37680238058,
        2.37679940558,
        2.38177449858,
        2.3484413215799997,
        2.37982715358,
        2.37916009358,
        2.37512704458,
        2.38329789958,
        2.3757207555799997
      ],
      "exit_codes": [
        0,
        0,
        0,
        0,
        0,
        0,
        0,
        0,
        0,
        0
      ],
      "parameters": {
        "size": "10000000",
        "type": "renoir"
      }
    }
  ]
}
