{
  "results": [
    {
      "command": "./flowunits -r config_flowunits.toml -- 100000",
      "mean": 0.21040787759714288,
      "stddev": 0.0012567282886181157,
      "median": 0.21015103374000002,
      "user": 0.049994199999999996,
      "system": 0.005443097142857143,
      "min": 0.20900393024000002,
      "max": 0.21338371324000002,
      "times": [
        0.21103083624000002,
        0.21169779624,
        0.20919716224,
        0.20948864824000002,
        0.20999032724000002,
        0.21070215024000002,
        0.20969932324,
        0.20930339124000003,
        0.21338371324000002,
        0.21031174024000002,
        0.21122664324,
        0.21149270124000003,
        0.20918192324,
        0.20900393024000002
      ],
      "exit_codes": [
        0,
        0,
        0,
        0,
        0,
        0,
        0,
        0,
        0,
        0,
        0,
        0,
        0,
        0
      ],
      "parameters": {
        "size": "100000",
        "type": "flowunits"
      }
    },
    {
      "command": "./flowunits -r config_flowunits.toml -- 1000000",
      "mean": 0.21380314774,
      "stddev": 0.002812172948051541,
      "median": 0.21279150924,
      "user": 0.04777398571428571,
      "system": 0.0037957399999999997,
      "min": 0.21150669824,
      "max": 0.22191753424000002,
      "times": [
        0.21282097924,
        0.21276203924,
        0.21243733124000003,
        0.21263574224,
        0.21311837524000002,
        0.21811140624000003,
        0.21256834524,
        0.22191753424000002,
        0.21250770224,
        0.21306080824,
        0.21341813824000003,
        0.21435758724,
        0.21150669824,
        0.21202138124000003
      ],
      "exit_codes": [
        0,
        0,
        0,
        0,
        0,
        0,
        0,
        0,
        0,
        0,
        0,
        0,
        0,
        0
      ],
      "parameters": {
        "size": "1000000",
        "type": "flowunits"
      }
    },
    {
      "command": "./flowunits -r config_flowunits.toml -- 10000000",
      "mean": 0.26570999996727274,
      "stddev": 0.0038204366459216508,
      "median": 0.26495792724,
      "user": 0.048929836363636355,
      "system": 0.005923785454545454,
      "min": 0.26119575124,
      "max": 0.27401440724000004,
      "times": [
        0.26624579924,
        0.27108649424000003,
        0.26614104224,
        0.26259608424,
        0.26487698524000003,
        0.26495792724,
        0.27401440724000004,
        0.26563517524,
        0.26119575124,
        0.26400780724,
        0.26205252624
      ],
      "exit_codes": [
        0,
        0,
        0,
        0,
        0,
        0,
        0,
        0,
        0,
        0,
        0
      ],
      "parameters": {
        "size": "10000000",
        "type": "flowunits"
      }
    },
    {
      "command": "./flowunits -r config_renoir.toml -- 100000",
      "mean": 0.24113947290666668,
      "stddev": 0.0035556275451754027,
      "median": 0.23945281824000003,
      "user": 0.04621136666666666,
      "system": 0.007768739999999999,
      "min": 0.23816901924000003,
      "max": 0.24862791524000002,
      "times": [
        0.24862791524000002,
        0.23836001724000003,
        0.23816901924000003,
        0.24246585624000003,
        0.24109362624000003,
        0.23905718224000003,
        0.24235957724,
        0.23967536024000002,
        0.24745549024000002,
        0.23923027624,
        0.23888292624000002,
        0.23829642824000002
      ],
      "exit_codes": [
        0,
        0,
        0,
        0,
        0,
        0,
        0,
        0,
        0,
        0,
        0,
        0
      ],
      "parameters": {
        "size": "100000",
        "type": "renoir"
      }
    },
    {
      "command": "./flowunits -r config_renoir.toml -- 1000000",
      "mean": 0.2628141889672727,
      "stddev": 0.008671605306828716,
      "median": 0.25933986624,
      "user": 0.045672927272727266,
      "system": 0.005983876363636364,
      "min": 0.25496938124,
      "max": 0.28332927124,
      "times": [
        0.26013215024,
        0.28332927124,
        0.25888103724,
        0.27154291924,
        0.25589175824000004,
        0.26233303224000004,
        0.25644084724000005,
        0.25496938124,
        0.25826785824000004,
        0.25933986624,
        0.26982795724
      ],
      "exit_codes": [
        0,
        0,
        0,
        0,
        0,
        0,
        0,
        0,
        0,
        0,
        0
      ],
      "parameters": {
        "size": "1000000",
        "type": "renoir"
      }
    },
    {
      "command": "./flowunits -r config_renoir.toml -- 10000000",
      "mean": 0.31553631924000003,
      "stddev": 0.03438257205211836,
      "median": 0.30307248524,
      "user": 0.04254499999999999,
      "system": 0.007581439999999999,
      "min": 0.29427936824,
      "max": 0.40836084024,
      "times": [
        0.29889501224000004,
        0.30724995824,
        0.32439987524,
        0.29805286424000005,
        0.29480766724,
        0.31617500224,
        0.31776377724000004,
        0.29427936824,
        0.40836084024,
        0.29537882724000003
      ],
      "exit_codes": [
        0,
        0,
        0,
        0,
        0,
        0,
        0,
        0,
        0,
        0
      ],
      "parameters": {
        "size": "10000000",
        "type": "renoir"
      }
    }
  ]
}
