{
  "results": [
    {
      "command": "./flowunits -r config_flowunits.toml -- 100000",
      "mean": 0.2111874874028572,
      "stddev": 0.0024600354564670818,
      "median": 0.21060436926,
      "user": 0.08028731428571427,
      "system": 0.006367220000000001,
      "min": 0.20773061926000003,
      "max": 0.21539117026000001,
      "times": [
        0.21046595026,
        0.21074278826,
        0.20773061926000003,
        0.20834222426000001,
        0.21539117026000001,
        0.21501714826,
        0.21109766126,
        0.20977639926000002,
        0.21370406126000002,
        0.21381869526000002,
        0.21216231526,
        0.20987708726,
        0.20951028126000001,
        0.20898842226000003
      ],
      "exit_codes": [
        0,
        0,
        0,
        0,
        0,
        0,
        0,
        0,
        0,
        0,
        0,
        0,
        0,
        0
      ],
      "parameters": {
        "size": "100000",
        "type": "flowunits"
      }
    },
    {
      "command": "./flowunits -r config_flowunits.toml -- 1000000",
      "mean": 0.21625784910615392,
      "stddev": 0.002128078339376624,
      "median": 0.21671279326,
      "user": 0.0811477923076923,
      "system": 0.00784422,
      "min": 0.21287322726000002,
      "max": 0.21944114126000003,
      "times": [
        0.21476503726,
        0.21329756126000002,
        0.21352250126000002,
        0.21944114126000003,
        0.21798944326000003,
        0.21889808426000001,
        0.21770948026,
        0.21699103426000002,
        0.21630612326,
        0.21287322726000002,
        0.21726062926,
        0.21558498226000003,
        0.21671279326
      ],
      "exit_codes": [
        0,
        0,
        0,
        0,
        0,
        0,
        0,
        0,
        0,
        0,
        0,
        0,
        0
      ],
      "parameters": {
        "size": "1000000",
        "type": "flowunits"
      }
    },
    {
      "command": "./flowunits -r config_flowunits.toml -- 10000000",
      "mean": 0.26960142798727277,
      "stddev": 0.0023621574834375423,
      "median": 0.26891261226,
      "user": 0.0806741909090909,
      "system": 0.007534856363636364,
      "min": 0.26635174826,
      "max": 0.27475124226,
      "times": [
        0.27174916226,
        0.26801111426,
        0.26781659026,
        0.26891261226,
        0.27475124226,
        0.27012119426,
        0.26961449626,
        0.26789317426,
        0.26635174826,
        0.26878004426,
        0.27161432926
      ],
      "exit_codes": [
        0,
        0,
        0,
        0,
        0,
        0,
        0,
        0,
        0,
        0,
        0
      ],
      "parameters": {
        "size": "10000000",
        "type": "flowunits"
      }
    },
    {
      "command": "./flowunits -r config_renoir.toml -- 100000",
      "mean": 0.41577701545999995,
      "stddev": 0.0017967603006385148,
      "median": 0.41583386526,
      "user": 0.0853422,
      "system": 0.009269819999999998,
      "min": 0.41263309826,
      "max": 0.41836061926,
      "times": [
        0.41617458826,
        0.41836061926,
        0.41734633126,
        0.41634743126,
        0.41502293126,
        0.41387284926,
        0.41263309826,
        0.41470895326,
        0.41781021026,
        0.41549314226
      ],
      "exit_codes": [
        0,
        0,
        0,
        0,
        0,
        0,
        0,
        0,
        0,
        0
      ],
      "parameters": {
        "size": "100000",
        "type": "renoir"
      }
    },
    {
      "command": "./flowunits -r config_renoir.toml -- 1000000",
      "mean": 2.38901811406,
      "stddev": 0.009902216409401086,
      "median": 2.3919993897600005,
      "user": 0.0793887,
      "system": 0.00720962,
      "min": 2.36227903726,
      "max": 2.3956256332600003,
      "times": [
        2.39333205026,
        2.3876660862600003,
        2.39494804426,
        2.3935551272600004,
        2.36227903726,
        2.38852573026,
        2.3879625902600004,
        2.39562011226,
        2.3906667292600003,
        2.3956256332600003
      ],
      "exit_codes": [
        0,
        0,
        0,
        0,
        0,
        0,
        0,
        0,
        0,
        0
      ],
      "parameters": {
        "size": "1000000",
        "type": "renoir"
      }
    },
    {
      "command": "./flowunits -r config_renoir.toml -- 10000000",
      "mean": 21.89051517706,
      "stddev": 0.009599951393696847,
      "median": 21.888818849259998,
      "user": 0.08203459999999999,
      "system": 0.00589442,
      "min": 21.87539749226,
      "max": 21.90803434626,
      "times": [
        21.891904461259998,
        21.88449979626,
        21.88546601126,
        21.88996670026,
        21.87539749226,
        21.89882958526,
        21.88767099826,
        21.90803434626,
        21.90035350326,
        21.88302887626
      ],
      "exit_codes": [
        0,
        0,
        0,
        0,
        0,
        0,
        0,
        0,
        0,
        0
      ],
      "parameters": {
        "size": "10000000",
        "type": "renoir"
      }
    }
  ]
}
