{
  "results": [
    {
      "command": "./flowunits -r config_flowunits.toml -- 100000",
      "mean": 0.2105330489314286,
      "stddev": 0.0009694882304584736,
      "median": 0.21048166835999998,
      "user": 0.09030581714285714,
      "system": 0.005764628571428571,
      "min": 0.20816922436,
      "max": 0.21216153836,
      "times": [
        0.20816922436,
        0.21058601936,
        0.21216153836,
        0.21049176236,
        0.20986849536,
        0.21084295936,
        0.21204719536,
        0.21089186136,
        0.21011634936,
        0.21025178336,
        0.21005890136,
        0.21047157436,
        0.21028458436,
        0.21122043636
      ],
      "exit_codes": [
        0,
        0,
        0,
        0,
        0,
        0,
        0,
        0,
        0,
        0,
        0,
        0,
        0,
        0
      ],
      "parameters": {
        "size": "100000",
        "type": "flowunits"
      }
    },
    {
      "command": "./flowunits -r config_flowunits.toml -- 1000000",
      "mean": 0.21689393697538464,
      "stddev": 0.0025004706856373553,
      "median": 0.21640636636,
      "user": 0.08463342153846155,
      "system": 0.005673276923076922,
      "min": 0.21374699636,
      "max": 0.22141434136,
      "times": [
        0.22141434136,
        0.21484352936,
        0.21575764136,
        0.21640636636,
        0.22133833936,
        0.21374699636,
        0.21942532736,
        0.21741104736,
        0.21611032136,
        0.21417249336,
        0.21649382936,
        0.21757737836,
        0.21492356936
      ],
      "exit_codes": [
        0,
        0,
        0,
        0,
        0,
        0,
        0,
        0,
        0,
        0,
        0,
        0,
        0
      ],
      "parameters": {
        "size": "1000000",
        "type": "flowunits"
      }
    },
    {
      "command": "./flowunits -r config_flowunits.toml -- 10000000",
      "mean": 0.2679428175418182,
      "stddev": 0.0025715450642235208,
      "median": 0.26836416436,
      "user": 0.08085150545454543,
      "system": 0.007732927272727273,
      "min": 0.26343335136,
      "max": 0.27202001836,
      "times": [
        0.26541646536,
        0.26639510736,
        0.26836416436,
        0.26343335136,
        0.27041384136,
        0.26668140236,
        0.26605773536,
        0.26889871436,
        0.26920773336,
        0.27202001836,
        0.27048245936
      ],
      "exit_codes": [
        0,
        0,
        0,
        0,
        0,
        0,
        0,
        0,
        0,
        0,
        0
      ],
      "parameters": {
        "size": "10000000",
        "type": "flowunits"
      }
    },
    {
      "command": "./flowunits -r config_renoir.toml -- 100000",
      "mean": 0.2239121486676923,
      "stddev": 0.004193937290752456,
      "median": 0.22407961236,
      "user": 0.08161649846153846,
      "system": 0.008691584615384617,
      "min": 0.21593265936,
      "max": 0.23108527836,
      "times": [
        0.22617099836000001,
        0.21683534936,
        0.22769066236,
        0.22407525336,
        0.22186568736,
        0.22493128636,
        0.22210677836,
        0.23108527836,
        0.22407961236,
        0.22375215936,
        0.21593265936,
        0.22813533536,
        0.22419687236
      ],
      "exit_codes": [
        0,
        0,
        0,
        0,
        0,
        0,
        0,
        0,
        0,
        0,
        0,
        0,
        0
      ],
      "parameters": {
        "size": "100000",
        "type": "renoir"
      }
    },
    {
      "command": "./flowunits -r config_renoir.toml -- 1000000",
      "mean": 0.2438723095266667,
      "stddev": 0.0054908701833131035,
      "median": 0.24428434486,
      "user": 0.08611371,
      "system": 0.0057702,
      "min": 0.23232536036,
      "max": 0.25196741536,
      "times": [
        0.23986242136,
        0.24714109936,
        0.24066435236,
        0.24375094136,
        0.24481774836,
        0.23950755636,
        0.25069442036,
        0.23232536036,
        0.25196741536,
        0.24830476736,
        0.24153272836,
        0.24589890336
      ],
      "exit_codes": [
        0,
        0,
        0,
        0,
        0,
        0,
        0,
        0,
        0,
        0,
        0,
        0
      ],
      "parameters": {
        "size": "1000000",
        "type": "renoir"
      }
    },
    {
      "command": "./flowunits -r config_renoir.toml -- 10000000",
      "mean": 0.43694659366,
      "stddev": 0.006247406999056593,
      "median": 0.43498698236,
      "user": 0.07904986,
      "system": 0.0073433,
      "min": 0.43129778536,
      "max": 0.45064912536,
      "times": [
        0.45064912536,
        0.43720934136,
        0.43188355136,
        0.43441622336,
        0.43129778536,
        0.43555774136000003,
        0.44479554536,
        0.43267744736,
        0.43808669536,
        0.43289248036
      ],
      "exit_codes": [
        0,
        0,
        0,
        0,
        0,
        0,
        0,
        0,
        0,
        0
      ],
      "parameters": {
        "size": "10000000",
        "type": "renoir"
      }
    }
  ]
}
