{
  "results": [
    {
      "command": "./flowunits -r config_flowunits.toml -- 100000",
      "mean": 0.21067387348285718,
      "stddev": 0.001655223429576798,
      "median": 0.21023483034,
      "user": 0.08325272000000002,
      "system": 0.006906848571428572,
      "min": 0.20877490834,
      "max": 0.21405253534000002,
      "times": [
        0.20952542534000002,
        0.20968456434000002,
        0.21063657934000002,
        0.20877490834,
        0.21031946434,
        0.21378687734000001,
        0.20908483834000002,
        0.21259096534000002,
        0.21031713934000001,
        0.20990609934,
        0.21015252134000004,
        0.20958932534000002,
        0.21101298534000001,
        0.21405253534000002
      ],
      "exit_codes": [
        0,
        0,
        0,
        0,
        0,
        0,
        0,
        0,
        0,
        0,
        0,
        0,
        0,
        0
      ],
      "parameters": {
        "size": "100000",
        "type": "flowunits"
      }
    },
    {
      "command": "./flowunits -r config_flowunits.toml -- 1000000",
      "mean": 0.21638236203230773,
      "stddev": 0.0021882877497468745,
      "median": 0.21632288334000002,
      "user": 0.08550329692307691,
      "system": 0.004326227692307691,
      "min": 0.21284154434000002,
      "max": 0.22114985634000003,
      "times": [
        0.21685926934000002,
        0.21595784834000004,
        0.21387159634000003,
        0.21632288334000002,
        0.22114985634000003,
        0.21575225334000003,
        0.21698199034,
        0.21854031234000001,
        0.21389614234,
        0.21284154434000002,
        0.21685950034,
        0.21818771134000003,
        0.21574979834000002
      ],
      "exit_codes": [
        0,
        0,
        0,
        0,
        0,
        0,
        0,
        0,
        0,
        0,
        0,
        0,
        0
      ],
      "parameters": {
        "size": "1000000",
        "type": "flowunits"
      }
    },
    {
      "command": "./flowunits -r config_flowunits.toml -- 10000000",
      "mean": 0.2687644792490909,
      "stddev": 0.0027661075549300874,
      "median": 0.26837594734000003,
      "user": 0.08163467454545455,
      "system": 0.007879283636363636,
      "min": 0.26344522934000003,
      "max": 0.27282123334,
      "times": [
        0.26344522934000003,
        0.26837594734000003,
        0.26822067634,
        0.26674271434,
        0.27078396334000004,
        0.26670603434,
        0.26683269234,
        0.27205611934,
        0.26993586234000005,
        0.27282123334,
        0.27048879934000003
      ],
      "exit_codes": [
        0,
        0,
        0,
        0,
        0,
        0,
        0,
        0,
        0,
        0,
        0
      ],
      "parameters": {
        "size": "10000000",
        "type": "flowunits"
      }
    },
    {
      "command": "./flowunits -r config_renoir.toml -- 100000",
      "mean": 0.22093101972461537,
      "stddev": 0.008006722010690056,
      "median": 0.21734286634000002,
      "user": 0.08388922000000001,
      "system": 0.006242689230769231,
      "min": 0.21456037734000002,
      "max": 0.24066916434000002,
      "times": [
        0.21601660834000003,
        0.22019408434,
        0.21734286634000002,
        0.21753421434000003,
        0.21542955834000002,
        0.23123935934000003,
        0.21703433734000002,
        0.21456037734000002,
        0.24066916434000002,
        0.23039005634000004,
        0.21929581934000003,
        0.21537698034000002,
        0.21701983034000003
      ],
      "exit_codes": [
        0,
        0,
        0,
        0,
        0,
        0,
        0,
        0,
        0,
        0,
        0,
        0,
        0
      ],
      "parameters": {
        "size": "100000",
        "type": "renoir"
      }
    },
    {
      "command": "./flowunits -r config_renoir.toml -- 1000000",
      "mean": 0.24000558958999998,
      "stddev": 0.007921952782324477,
      "median": 0.23751421184000002,
      "user": 0.07668855333333334,
      "system": 0.005870003333333333,
      "min": 0.23103814134000003,
      "max": 0.26029088434000003,
      "times": [
        0.23708357934000002,
        0.23827158734000004,
        0.23781717534000002,
        0.26029088434000003,
        0.23668534334000002,
        0.23510394634000004,
        0.25059644234,
        0.23497432334,
        0.24129302434000002,
        0.23721124834,
        0.23970137934000002,
        0.23103814134000003
      ],
      "exit_codes": [
        0,
        0,
        0,
        0,
        0,
        0,
        0,
        0,
        0,
        0,
        0,
        0
      ],
      "parameters": {
        "size": "1000000",
        "type": "renoir"
      }
    },
    {
      "command": "./flowunits -r config_renoir.toml -- 10000000",
      "mean": 0.43247020924,
      "stddev": 0.008184056783829363,
      "median": 0.43080588284,
      "user": 0.08197462,
      "system": 0.00763172,
      "min": 0.42653182234000003,
      "max": 0.45488877434,
      "times": [
        0.42758593834,
        0.43118700234,
        0.43316232734000004,
        0.42731996034,
        0.43254529034000005,
        0.43106565534,
        0.43054611034,
        0.45488877434,
        0.42653182234000003,
        0.42986921134000006
      ],
      "exit_codes": [
        0,
        0,
        0,
        0,
        0,
        0,
        0,
        0,
        0,
        0
      ],
      "parameters": {
        "size": "10000000",
        "type": "renoir"
      }
    }
  ]
}
