{
  "results": [
    {
      "command": "./flowunits -r config_flowunits.toml -- 100000",
      "mean": 0.21020561891428574,
      "stddev": 0.0013376587581050926,
      "median": 0.2105064022,
      "user": 0.08331309714285715,
      "system": 0.007886342857142858,
      "min": 0.2074521987,
      "max": 0.2123583947,
      "times": [
        0.21153876970000002,
        0.20988532470000001,
        0.2074521987,
        0.2123583947,
        0.21085948770000001,
        0.2096035467,
        0.2108506517,
        0.2095361107,
        0.20783632670000002,
        0.2107509847,
        0.2112883717,
        0.21026181970000002,
        0.21077258570000001,
        0.2098840917
      ],
      "exit_codes": [
        0,
        0,
        0,
        0,
        0,
        0,
        0,
        0,
        0,
        0,
        0,
        0,
        0,
        0
      ],
      "parameters": {
        "size": "100000",
        "type": "flowunits"
      }
    },
    {
      "command": "./flowunits -r config_flowunits.toml -- 1000000",
      "mean": 0.21532567616153847,
      "stddev": 0.0014570853916348752,
      "median": 0.2150625187,
      "user": 0.07739774,
      "system": 0.008473930769230769,
      "min": 0.21368884570000002,
      "max": 0.2185288487,
      "times": [
        0.2148291007,
        0.2159596567,
        0.21368884570000002,
        0.2150625187,
        0.2142172057,
        0.21635405670000002,
        0.21400596970000002,
        0.2151004597,
        0.21406381770000002,
        0.2185288487,
        0.2139661247,
        0.2163018387,
        0.2171553467
      ],
      "exit_codes": [
        0,
        0,
        0,
        0,
        0,
        0,
        0,
        0,
        0,
        0,
        0,
        0,
        0
      ],
      "parameters": {
        "size": "1000000",
        "type": "flowunits"
      }
    },
    {
      "command": "./flowunits -r config_flowunits.toml -- 10000000",
      "mean": 0.2683044588818182,
      "stddev": 0.0022347632784746976,
      "median": 0.26851574170000003,
      "user": 0.09244473999999997,
      "system": 0.006067518181818182,
      "min": 0.2645720777,
      "max": 0.27296466070000003,
      "times": [
        0.2696484827,
        0.2670652867,
        0.2665260957,
        0.26723637670000006,
        0.26684940170000004,
        0.26851574170000003,
        0.27027884370000005,
        0.2645720777,
        0.26887386170000005,
        0.27296466070000003,
        0.26881821870000006
      ],
      "exit_codes": [
        0,
        0,
        0,
        0,
        0,
        0,
        0,
        0,
        0,
        0,
        0
      ],
      "parameters": {
        "size": "10000000",
        "type": "flowunits"
      }
    },
    {
      "command": "./flowunits -r config_renoir.toml -- 100000",
      "mean": 0.23146673728333333,
      "stddev": 0.0035192515029061964,
      "median": 0.2317372532,
      "user": 0.07589665666666666,
      "system": 0.007736866666666667,
      "min": 0.22539531470000002,
      "max": 0.2383356737,
      "times": [
        0.23146528970000002,
        0.23394862970000002,
        0.2319817357,
        0.2276518697,
        0.2347477047,
        0.23199819770000002,
        0.22539531470000002,
        0.2278836337,
        0.23149277070000002,
        0.2383356737,
        0.2294395167,
        0.2332605107
      ],
      "exit_codes": [
        0,
        0,
        0,
        0,
        0,
        0,
        0,
        0,
        0,
        0,
        0,
        0
      ],
      "parameters": {
        "size": "100000",
        "type": "renoir"
      }
    },
    {
      "command": "./flowunits -r config_renoir.toml -- 1000000",
      "mean": 0.4225925642000001,
      "stddev": 0.01176577864785619,
      "median": 0.42682335070000005,
      "user": 0.07363654,
      "system": 0.006814000000000001,
      "min": 0.39263759270000004,
      "max": 0.43074370070000007,
      "times": [
        0.42872181470000004,
        0.42685433870000006,
        0.41291620170000004,
        0.39263759270000004,
        0.43074370070000007,
        0.42679236270000004,
        0.43055968670000005,
        0.42198946070000004,
        0.4256297157000001,
        0.42908076770000003
      ],
      "exit_codes": [
        0,
        0,
        0,
        0,
        0,
        0,
        0,
        0,
        0,
        0
      ],
      "parameters": {
        "size": "1000000",
        "type": "renoir"
      }
    },
    {
      "command": "./flowunits -r config_renoir.toml -- 10000000",
      "mean": 2.3756048699,
      "stddev": 0.0036446372084739686,
      "median": 2.3761051827,
      "user": 0.08131214,
      "system": 0.008473600000000001,
      "min": 2.3665524467,
      "max": 2.3800723597,
      "times": [
        2.3742790937000002,
        2.3774399307,
        2.3763262677,
        2.3665524467,
        2.3749437387000003,
        2.3789174697,
        2.3753070267000003,
        2.3800723597,
        2.3760929597000002,
        2.3761174057
      ],
      "exit_codes": [
        0,
        0,
        0,
        0,
        0,
        0,
        0,
        0,
        0,
        0
      ],
      "parameters": {
        "size": "10000000",
        "type": "renoir"
      }
    }
  ]
}
