{
  "results": [
    {
      "command": "./flowunits -r config_flowunits.toml -- 100000",
      "mean": 0.21004378508000002,
      "stddev": 0.001832625887798244,
      "median": 0.21003383008,
      "user": 0.08070175714285714,
      "system": 0.00700436857142857,
      "min": 0.20757781208,
      "max": 0.21358458608,
      "times": [
        0.20895028208000002,
        0.20834489808,
        0.21089098408,
        0.20790927308,
        0.21089387008000002,
        0.21211286108000002,
        0.21358458608,
        0.20821231108000002,
        0.21017122708000002,
        0.20757781208,
        0.20989643308,
        0.20872258608000002,
        0.21132884508000002,
        0.21201702208
      ],
      "exit_codes": [
        0,
        0,
        0,
        0,
        0,
        0,
        0,
        0,
        0,
        0,
        0,
        0,
        0,
        0
      ],
      "parameters": {
        "size": "100000",
        "type": "flowunits"
      }
    },
    {
      "command": "./flowunits -r config_flowunits.toml -- 1000000",
      "mean": 0.21575493538769236,
      "stddev": 0.0025118953927171376,
      "median": 0.21502074508000002,
      "user": 0.07207232307692307,
      "system": 0.005792516923076922,
      "min": 0.21262566208,
      "max": 0.22165078608000002,
      "times": [
        0.21671452508000003,
        0.21453267108000001,
        0.21563253008000002,
        0.21262566208,
        0.21422640808,
        0.21420448708,
        0.22165078608000002,
        0.21517818008,
        0.21419850608000002,
        0.21502074508000002,
        0.21455053408000002,
        0.21615532808000001,
        0.22012379708000002
      ],
      "exit_codes": [
        0,
        0,
        0,
        0,
        0,
        0,
        0,
        0,
        0,
        0,
        0,
        0,
        0
      ],
      "parameters": {
        "size": "1000000",
        "type": "flowunits"
      }
    },
    {
      "command": "./flowunits -r config_flowunits.toml -- 10000000",
      "mean": 0.2668777339890909,
      "stddev": 0.0020308362309138326,
      "median": 0.26653790708,
      "user": 0.08617812727272728,
      "system": 0.006199803636363637,
      "min": 0.26432891208000003,
      "max": 0.27101111108000003,
      "times": [
        0.26555268308,
        0.26482605308,
        0.26517960408,
        0.26903931908,
        0.26710643108000004,
        0.26870013408000004,
        0.26432891208000003,
        0.26722419108,
        0.27101111108000003,
        0.26614872808,
        0.26653790708
      ],
      "exit_codes": [
        0,
        0,
        0,
        0,
        0,
        0,
        0,
        0,
        0,
        0,
        0
      ],
      "parameters": {
        "size": "10000000",
        "type": "flowunits"
      }
    },
    {
      "command": "./flowunits -r config_renoir.toml -- 100000",
      "mean": 0.4072869338799999,
      "stddev": 0.007528045170292707,
      "median": 0.40380014608000003,
      "user": 0.08196210000000001,
      "system": 0.00528224,
      "min": 0.39863383108,
      "max": 0.42364773308000003,
      "times": [
        0.42364773308000003,
        0.40250689308000004,
        0.40141254008000005,
        0.40323673608000005,
        0.40334373708000004,
        0.41033633608000003,
        0.41292592308000003,
        0.40425655508,
        0.41256905408000005,
        0.39863383108
      ],
      "exit_codes": [
        0,
        0,
        0,
        0,
        0,
        0,
        0,
        0,
        0,
        0
      ],
      "parameters": {
        "size": "100000",
        "type": "renoir"
      }
    },
    {
      "command": "./flowunits -r config_renoir.toml -- 1000000",
      "mean": 2.39675299668,
      "stddev": 0.010602934895599991,
      "median": 2.39791473758,
      "user": 0.06803139999999999,
      "system": 0.00825114,
      "min": 2.37218119608,
      "max": 2.40976358908,
      "times": [
        2.39610369808,
        2.40745056608,
        2.39944458008,
        2.37218119608,
        2.4019807010800003,
        2.39467843208,
        2.38856537708,
        2.39638489508,
        2.40976358908,
        2.40097693208
      ],
      "exit_codes": [
        0,
        0,
        0,
        0,
        0,
        0,
        0,
        0,
        0,
        0
      ],
      "parameters": {
        "size": "1000000",
        "type": "renoir"
      }
    },
    {
      "command": "./flowunits -r config_renoir.toml -- 10000000",
      "mean": 21.958883364880002,
      "stddev": 0.07474150567208643,
      "median": 21.952393833580004,
      "user": 0.0787212,
      "system": 0.00553744,
      "min": 21.84843480708,
      "max": 22.06938512508,
      "times": [
        22.021446064080003,
        21.943474987080002,
        22.06938512508,
        21.87975374008,
        22.02120369808,
        21.94300102708,
        22.02513880008,
        21.87568272008,
        21.84843480708,
        21.961312680080002
      ],
      "exit_codes": [
        0,
        0,
        0,
        0,
        0,
        0,
        0,
        0,
        0,
        0
      ],
      "parameters": {
        "size": "10000000",
        "type": "renoir"
      }
    }
  ]
}
