{
  "results": [
    {
      "command": "./flowunits -r config_flowunits.toml -- 100000",
      "mean": 0.21084275461428575,
      "stddev": 0.001494291222172785,
      "median": 0.21118279439999998,
      "user": 0.08237466571428573,
      "system": 0.007188860000000001,
      "min": 0.2076518344,
      "max": 0.2130183284,
      "times": [
        0.2130183284,
        0.2101432514,
        0.2085560294,
        0.2117395224,
        0.2111142314,
        0.2122768494,
        0.2106440604,
        0.21038000540000001,
        0.2120607744,
        0.2095447604,
        0.2121393714,
        0.2076518344,
        0.2112513574,
        0.2112781884
      ],
      "exit_codes": [
        0,
        0,
        0,
        0,
        0,
        0,
        0,
        0,
        0,
        0,
        0,
        0,
        0,
        0
      ],
      "parameters": {
        "size": "100000",
        "type": "flowunits"
      }
    },
    {
      "command": "./flowunits -r config_flowunits.toml -- 1000000",
      "mean": 0.21624763609230763,
      "stddev": 0.0013663464375599412,
      "median": 0.2156623114,
      "user": 0.08516730307692305,
      "system": 0.007000206153846152,
      "min": 0.2145113044,
      "max": 0.2185633354,
      "times": [
        0.2182150934,
        0.2154439824,
        0.2156623114,
        0.2164406084,
        0.2156052544,
        0.21813486340000002,
        0.2173931634,
        0.2150893984,
        0.2149848624,
        0.2145113044,
        0.2157195784,
        0.2154555134,
        0.2185633354
      ],
      "exit_codes": [
        0,
        0,
        0,
        0,
        0,
        0,
        0,
        0,
        0,
        0,
        0,
        0,
        0
      ],
      "parameters": {
        "size": "1000000",
        "type": "flowunits"
      }
    },
    {
      "command": "./flowunits -r config_flowunits.toml -- 10000000",
      "mean": 0.26843961185454546,
      "stddev": 0.0028640089473188322,
      "median": 0.26797494040000003,
      "user": 0.08537056181818183,
      "system": 0.00891617818181818,
      "min": 0.2631592994,
      "max": 0.2734015074,
      "times": [
        0.2669367954,
        0.2691829334,
        0.2665569244,
        0.2631592994,
        0.2679269904,
        0.2734015074,
        0.26797494040000003,
        0.2682179154,
        0.2731638914,
        0.2678728684,
        0.2684416644
      ],
      "exit_codes": [
        0,
        0,
        0,
        0,
        0,
        0,
        0,
        0,
        0,
        0,
        0
      ],
      "parameters": {
        "size": "10000000",
        "type": "flowunits"
      }
    },
    {
      "command": "./flowunits -r config_renoir.toml -- 100000",
      "mean": 0.21750999724615383,
      "stddev": 0.005612560312941488,
      "median": 0.2162092454,
      "user": 0.07957122615384615,
      "system": 0.006884975384615384,
      "min": 0.2139379014,
      "max": 0.2355652964,
      "times": [
        0.2148661104,
        0.2162092454,
        0.2169237654,
        0.2144441774,
        0.21689488040000002,
        0.2166777234,
        0.2150020944,
        0.2355652964,
        0.2139379014,
        0.2161651934,
        0.2171639244,
        0.2145689234,
        0.2192107284
      ],
      "exit_codes": [
        0,
        0,
        0,
        0,
        0,
        0,
        0,
        0,
        0,
        0,
        0,
        0,
        0
      ],
      "parameters": {
        "size": "100000",
        "type": "renoir"
      }
    },
    {
      "command": "./flowunits -r config_renoir.toml -- 1000000",
      "mean": 0.22535804132307696,
      "stddev": 0.002984650534435663,
      "median": 0.2253760784,
      "user": 0.08371314923076922,
      "system": 0.007191975384615384,
      "min": 0.2212255934,
      "max": 0.23117390940000002,
      "times": [
        0.23035272140000002,
        0.2248888454,
        0.2253760784,
        0.22154712540000002,
        0.22653643140000002,
        0.2212255934,
        0.2254041004,
        0.2265881384,
        0.23117390940000002,
        0.2224681504,
        0.2231959144,
        0.2250249414,
        0.2258725874
      ],
      "exit_codes": [
        0,
        0,
        0,
        0,
        0,
        0,
        0,
        0,
        0,
        0,
        0,
        0,
        0
      ],
      "parameters": {
        "size": "1000000",
        "type": "renoir"
      }
    },
    {
      "command": "./flowunits -r config_renoir.toml -- 10000000",
      "mean": 0.2766318471272728,
      "stddev": 0.006402227335483066,
      "median": 0.2760191204,
      "user": 0.07629065272727273,
      "system": 0.007865996363636364,
      "min": 0.2696872984,
      "max": 0.2912198764,
      "times": [
        0.2716792304,
        0.2706419574,
        0.2718354734,
        0.2777223914,
        0.2843252804,
        0.2696872984,
        0.2749283764,
        0.2769684884,
        0.2779228254,
        0.2912198764,
        0.2760191204
      ],
      "exit_codes": [
        0,
        0,
        0,
        0,
        0,
        0,
        0,
        0,
        0,
        0,
        0
      ],
      "parameters": {
        "size": "10000000",
        "type": "renoir"
      }
    }
  ]
}
