{
  "results": [
    {
      "command": "./flowunits -r config_flowunits.toml -- 100000",
      "mean": 1.59535523376,
      "stddev": 0.0013773956068528536,
      "median": 1.59538590626,
      "user": 0.05726916,
      "system": 0.013296139999999998,
      "min": 1.59288742726,
      "max": 1.5975219152600002,
      "times": [
        1.59508023626,
        1.5966130572600001,
        1.5946463452600002,
        1.59288742726,
        1.5975219152600002,
        1.59375231326,
        1.59544445526,
        1.59654056626,
        1.5957386642600002,
        1.59532735726
      ],
      "exit_codes": [
        0,
        0,
        0,
        0,
        0,
        0,
        0,
        0,
        0,
        0
      ],
      "parameters": {
        "size": "100000",
        "type": "flowunits"
      }
    },
    {
      "command": "./flowunits -r config_flowunits.toml -- 1000000",
      "mean": 1.59584607036,
      "stddev": 0.0016334570905417306,
      "median": 1.59553765726,
      "user": 0.061162459999999995,
      "system": 0.010105339999999999,
      "min": 1.59219598926,
      "max": 1.5981266332600002,
      "times": [
        1.59219598926,
        1.59555738226,
        1.59719457426,
        1.59551793226,
        1.59512830326,
        1.59722167826,
        1.59548003526,
        1.59535622926,
        1.5981266332600002,
        1.59668194626
      ],
      "exit_codes": [
        0,
        0,
        0,
        0,
        0,
        0,
        0,
        0,
        0,
        0
      ],
      "parameters": {
        "size": "1000000",
        "type": "flowunits"
      }
    },
    {
      "command": "./flowunits -r config_flowunits.toml -- 10000000",
      "mean": 1.5964230957599999,
      "stddev": 0.0015701372377530589,
      "median": 1.59647119676,
      "user": 0.06803965999999999,
      "system": 0.00877324,
      "min": 1.59471453826,
      "max": 1.5995012322600002,
      "times": [
        1.5951009332600001,
        1.59499971926,
        1.59749500726,
        1.59473968526,
        1.59613768126,
        1.5974721332600001,
        1.59726531526,
        1.5995012322600002,
        1.59680471226,
        1.59471453826
      ],
      "exit_codes": [
        0,
        0,
        0,
        0,
        0,
        0,
        0,
        0,
        0,
        0
      ],
      "parameters": {
        "size": "10000000",
        "type": "flowunits"
      }
    },
    {
      "command": "./flowunits -r config_renoir.toml -- 100000",
      "mean": 3.06325823506,
      "stddev": 0.08514957812765898,
      "median": 3.10311030676,
      "user": 0.06897866,
      "system": 0.010692439999999998,
      "min": 2.90017953526,
      "max": 3.1057597602600002,
      "times": [
        3.10430952526,
        3.09981123726,
        2.90329591526,
        3.1057597602600002,
        3.10364270226,
        3.10257791126,
        3.10532724026,
        2.90017953526,
        3.10254369426,
        3.10513482926
      ],
      "exit_codes": [
        0,
        0,
        0,
        0,
        0,
        0,
        0,
        0,
        0,
        0
      ],
      "parameters": {
        "size": "100000",
        "type": "renoir"
      }
    },
    {
      "command": "./flowunits -r config_renoir.toml -- 1000000",
      "mean": 3.7048696331600004,
      "stddev": 0.0019759939746775207,
      "median": 3.70452433326,
      "user": 0.06371066,
      "system": 0.010002039999999999,
      "min": 3.70243363326,
      "max": 3.70802540026,
      "times": [
        3.7053008422600002,
        3.70802540026,
        3.70336413426,
        3.70607761026,
        3.70243363326,
        3.70297646326,
        3.70374782426,
        3.70777854526,
        3.70543208026,
        3.70355979826
      ],
      "exit_codes": [
        0,
        0,
        0,
        0,
        0,
        0,
        0,
        0,
        0,
        0
      ],
      "parameters": {
        "size": "1000000",
        "type": "renoir"
      }
    },
    {
      "command": "./flowunits -r config_renoir.toml -- 10000000",
      "mean": 5.14583019196,
      "stddev": 0.5438921719006842,
      "median": 4.95264072226,
      "user": 0.06457096000000001,
      "system": 0.010187139999999999,
      "min": 4.66671235326,
      "max": 6.40281801026,
      "times": [
        5.15120103726,
        5.70415425626,
        4.90200020726,
        4.95399617026,
        4.66671235326,
        4.95128527426,
        6.40281801026,
        4.70851271926,
        4.71036064126,
        5.30726125026
      ],
      "exit_codes": [
        0,
        0,
        0,
        0,
        0,
        0,
        0,
        0,
        0,
        0
      ],
      "parameters": {
        "size": "10000000",
        "type": "renoir"
      }
    }
  ]
}
