{
  "results": [
    {
      "command": "./flowunits -r config_flowunits.toml -- 100000",
      "mean": 0.2113555948514286,
      "stddev": 0.0019636380469461702,
      "median": 0.21072384028000002,
      "user": 0.08652044285714285,
      "system": 0.005618737142857142,
      "min": 0.20889277728000002,
      "max": 0.21474440328000002,
      "times": [
        0.21083490328,
        0.21007856728000002,
        0.21238530628000002,
        0.21200309028000003,
        0.21013405128000004,
        0.21043260028000002,
        0.21153617628000002,
        0.20889277728000002,
        0.21474440328000002,
        0.20962600028000003,
        0.20904054428000002,
        0.21398297828,
        0.21467415228000003,
        0.21061277728000002
      ],
      "exit_codes": [
        0,
        0,
        0,
        0,
        0,
        0,
        0,
        0,
        0,
        0,
        0,
        0,
        0,
        0
      ],
      "parameters": {
        "size": "100000",
        "type": "flowunits"
      }
    },
    {
      "command": "./flowunits -r config_flowunits.toml -- 1000000",
      "mean": 0.21623590512615387,
      "stddev": 0.0018581810605704295,
      "median": 0.21570813728000002,
      "user": 0.08912453076923077,
      "system": 0.006839610769230768,
      "min": 0.21428022428000001,
      "max": 0.22034630228000002,
      "times": [
        0.22034630228000002,
        0.21525700328000003,
        0.21507913028000003,
        0.21585061428000002,
        0.21570813728000002,
        0.21595092228000004,
        0.21650038128000001,
        0.21442917228000002,
        0.21531511228000003,
        0.21892868728000003,
        0.21844629428000004,
        0.21428022428000001,
        0.21497478528000002
      ],
      "exit_codes": [
        0,
        0,
        0,
        0,
        0,
        0,
        0,
        0,
        0,
        0,
        0,
        0,
        0
      ],
      "parameters": {
        "size": "1000000",
        "type": "flowunits"
      }
    },
    {
      "command": "./flowunits -r config_flowunits.toml -- 10000000",
      "mean": 0.26786103082545454,
      "stddev": 0.001850757144092246,
      "median": 0.26775459828000003,
      "user": 0.07595402727272725,
      "system": 0.007508618181818181,
      "min": 0.26563662228,
      "max": 0.27088701328000003,
      "times": [
        0.27067942428,
        0.26630042528000003,
        0.26808745028000003,
        0.27088701328000003,
        0.26563662228,
        0.26917187128000003,
        0.26669915228,
        0.26775459828000003,
        0.26879731028000003,
        0.26669423228000005,
        0.26576323928
      ],
      "exit_codes": [
        0,
        0,
        0,
        0,
        0,
        0,
        0,
        0,
        0,
        0,
        0
      ],
      "parameters": {
        "size": "10000000",
        "type": "flowunits"
      }
    },
    {
      "command": "./flowunits -r config_renoir.toml -- 100000",
      "mean": 1.1079210276800002,
      "stddev": 0.01439763275752561,
      "median": 1.11215687428,
      "user": 0.08771259999999999,
      "system": 0.004855179999999999,
      "min": 1.06733663428,
      "max": 1.1146981922799999,
      "times": [
        1.10806846728,
        1.11270834628,
        1.11160540228,
        1.1113393542799999,
        1.11323810728,
        1.11143378028,
        1.1142012212799999,
        1.06733663428,
        1.11458077128,
        1.1146981922799999
      ],
      "exit_codes": [
        0,
        0,
        0,
        0,
        0,
        0,
        0,
        0,
        0,
        0
      ],
      "parameters": {
        "size": "100000",
        "type": "renoir"
      }
    },
    {
      "command": "./flowunits -r config_renoir.toml -- 1000000",
      "mean": 1.7820445786799997,
      "stddev": 0.014995960864824852,
      "median": 1.78610463328,
      "user": 0.0866526,
      "system": 0.005358379999999999,
      "min": 1.74233660728,
      "max": 1.79808213428,
      "times": [
        1.78601565228,
        1.78120033428,
        1.79808213428,
        1.78273895528,
        1.78619361428,
        1.7890151562799999,
        1.77783591528,
        1.78681025928,
        1.7902171582800002,
        1.74233660728
      ],
      "exit_codes": [
        0,
        0,
        0,
        0,
        0,
        0,
        0,
        0,
        0,
        0
      ],
      "parameters": {
        "size": "1000000",
        "type": "renoir"
      }
    },
    {
      "command": "./flowunits -r config_renoir.toml -- 10000000",
      "mean": 3.88671855578,
      "stddev": 0.2325012941213461,
      "median": 3.78593491278,
      "user": 0.07662379999999999,
      "system": 0.006464879999999999,
      "min": 3.74795793528,
      "max": 4.45399677428,
      "times": [
        4.45399677428,
        3.75868454028,
        3.78038378928,
        3.7690367032800003,
        3.7914860362800002,
        3.74795793528,
        4.15610451328,
        3.8292392732800002,
        3.7776955242800003,
        3.80260046828
      ],
      "exit_codes": [
        0,
        0,
        0,
        0,
        0,
        0,
        0,
        0,
        0,
        0
      ],
      "parameters": {
        "size": "10000000",
        "type": "renoir"
      }
    }
  ]
}
