{
  "results": [
    {
      "command": "./flowunits -r config_flowunits.toml -- 100000",
      "mean": 0.21016686712857147,
      "stddev": 0.0016659012129292973,
      "median": 0.20990224270000002,
      "user": 0.08571373428571429,
      "system": 0.006661080000000001,
      "min": 0.20779677920000003,
      "max": 0.21363954720000003,
      "times": [
        0.2099287072,
        0.21086171820000002,
        0.21258777420000002,
        0.20987577820000003,
        0.21363954720000003,
        0.2095609582,
        0.2117188452,
        0.20920787520000003,
        0.2107596562,
        0.20986763220000001,
        0.20827386420000002,
        0.20779677920000003,
        0.2081185932,
        0.2101384112
      ],
      "exit_codes": [
        0,
        0,
        0,
        0,
        0,
        0,
        0,
        0,
        0,
        0,
        0,
        0,
        0,
        0
      ],
      "parameters": {
        "size": "100000",
        "type": "flowunits"
      }
    },
    {
      "command": "./flowunits -r config_flowunits.toml -- 1000000",
      "mean": 0.2147562487,
      "stddev": 0.0017429193793602037,
      "median": 0.21457210120000003,
      "user": 0.07549644857142858,
      "system": 0.004911365714285714,
      "min": 0.2116576102,
      "max": 0.21828219420000003,
      "times": [
        0.21274463920000003,
        0.2132794222,
        0.21545831820000003,
        0.2116576102,
        0.21587041120000003,
        0.21510449520000002,
        0.21396365520000002,
        0.21431954220000002,
        0.2159535972,
        0.2139431162,
        0.21482466020000002,
        0.21718281220000002,
        0.21828219420000003,
        0.2140030082
      ],
      "exit_codes": [
        0,
        0,
        0,
        0,
        0,
        0,
        0,
        0,
        0,
        0,
        0,
        0,
        0,
        0
      ],
      "parameters": {
        "size": "1000000",
        "type": "flowunits"
      }
    },
    {
      "command": "./flowunits -r config_flowunits.toml -- 10000000",
      "mean": 0.26826152301818185,
      "stddev": 0.0019347524838976605,
      "median": 0.2678929272,
      "user": 0.0924047018181818,
      "system": 0.007117807272727274,
      "min": 0.2655280022,
      "max": 0.2717784842,
      "times": [
        0.2703517682,
        0.2717784842,
        0.2655280022,
        0.26886088220000004,
        0.2678929272,
        0.2655585992,
        0.2674730102,
        0.26808988720000004,
        0.2676473762,
        0.27020905120000005,
        0.26748676520000003
      ],
      "exit_codes": [
        0,
        0,
        0,
        0,
        0,
        0,
        0,
        0,
        0,
        0,
        0
      ],
      "parameters": {
        "size": "10000000",
        "type": "flowunits"
      }
    },
    {
      "command": "./flowunits -r config_renoir.toml -- 100000",
      "mean": 1.1040092867999998,
      "stddev": 0.014784548817773501,
      "median": 1.1086515721999999,
      "user": 0.08025752000000001,
      "system": 0.00614058,
      "min": 1.0620340982,
      "max": 1.1106339632,
      "times": [
        1.1084997852,
        1.1095422442,
        1.1071881822,
        1.1106339632,
        1.1089268721999999,
        1.1070851402,
        1.1084425732,
        1.0620340982,
        1.1088033592,
        1.1089366502
      ],
      "exit_codes": [
        0,
        0,
        0,
        0,
        0,
        0,
        0,
        0,
        0,
        0
      ],
      "parameters": {
        "size": "100000",
        "type": "renoir"
      }
    },
    {
      "command": "./flowunits -r config_renoir.toml -- 1000000",
      "mean": 1.7070131739,
      "stddev": 0.019314203677249047,
      "median": 1.7158636837,
      "user": 0.08488132000000001,
      "system": 0.0067577800000000006,
      "min": 1.6694417062,
      "max": 1.7189114252,
      "times": [
        1.7163965772,
        1.6717296661999999,
        1.7189114252,
        1.7130445812,
        1.7153307902000001,
        1.7175063482,
        1.6694417062,
        1.7125715072,
        1.7171083811999999,
        1.7180907561999998
      ],
      "exit_codes": [
        0,
        0,
        0,
        0,
        0,
        0,
        0,
        0,
        0,
        0
      ],
      "parameters": {
        "size": "1000000",
        "type": "renoir"
      }
    },
    {
      "command": "./flowunits -r config_renoir.toml -- 10000000",
      "mean": 2.9362698093999997,
      "stddev": 0.017831898831757387,
      "median": 2.9376222127,
      "user": 0.07285752,
      "system": 0.0072569800000000005,
      "min": 2.9071542272000004,
      "max": 2.9550823952000003,
      "times": [
        2.9550823952000003,
        2.9522255142000002,
        2.9499605282,
        2.9241781722000004,
        2.9252838972000004,
        2.9218534742,
        2.9071542272000004,
        2.9217916372,
        2.9534440232000003,
        2.9517242252000004
      ],
      "exit_codes": [
        0,
        0,
        0,
        0,
        0,
        0,
        0,
        0,
        0,
        0
      ],
      "parameters": {
        "size": "10000000",
        "type": "renoir"
      }
    }
  ]
}
