{
  "results": [
    {
      "command": "./flowunits -r config_flowunits.toml -- 100000",
      "mean": 0.21070720081428576,
      "stddev": 0.001611415140888921,
      "median": 0.21096876760000002,
      "user": 0.08513963714285712,
      "system": 0.0063886142857142855,
      "min": 0.20850752110000004,
      "max": 0.21465842410000002,
      "times": [
        0.21128821510000004,
        0.2112735481,
        0.20850752110000004,
        0.21009054310000003,
        0.21066398710000003,
        0.20965036910000004,
        0.20985529410000003,
        0.20857620910000002,
        0.21139144910000002,
        0.21162559710000003,
        0.20905980410000002,
        0.21190667310000003,
        0.21135317710000004,
        0.21465842410000002
      ],
      "exit_codes": [
        0,
        0,
        0,
        0,
        0,
        0,
        0,
        0,
        0,
        0,
        0,
        0,
        0,
        0
      ],
      "parameters": {
        "size": "100000",
        "type": "flowunits"
      }
    },
    {
      "command": "./flowunits -r config_flowunits.toml -- 1000000",
      "mean": 0.21517011963846155,
      "stddev": 0.0020031673998563548,
      "median": 0.21562696710000004,
      "user": 0.07594408769230769,
      "system": 0.007075207692307693,
      "min": 0.21215677210000003,
      "max": 0.21928391210000003,
      "times": [
        0.21443441410000003,
        0.21365472510000003,
        0.21611508110000002,
        0.21562696710000004,
        0.21215677210000003,
        0.21366567610000003,
        0.21755538710000003,
        0.21629867410000003,
        0.21563210710000003,
        0.21468629610000003,
        0.21928391210000003,
        0.21578705710000004,
        0.21231448610000003
      ],
      "exit_codes": [
        0,
        0,
        0,
        0,
        0,
        0,
        0,
        0,
        0,
        0,
        0,
        0,
        0
      ],
      "parameters": {
        "size": "1000000",
        "type": "flowunits"
      }
    },
    {
      "command": "./flowunits -r config_flowunits.toml -- 10000000",
      "mean": 0.2645503987363636,
      "stddev": 0.012954806277896086,
      "median": 0.2679629711,
      "user": 0.08493096181818181,
      "system": 0.00598499090909091,
      "min": 0.22590832210000003,
      "max": 0.2711665681,
      "times": [
        0.2711665681,
        0.26858473610000005,
        0.26480267710000005,
        0.2685100361,
        0.27106953710000004,
        0.26637505910000003,
        0.2677837571,
        0.2679629711,
        0.22590832210000003,
        0.2677817831,
        0.27010893910000006
      ],
      "exit_codes": [
        0,
        0,
        0,
        0,
        0,
        0,
        0,
        0,
        0,
        0,
        0
      ],
      "parameters": {
        "size": "10000000",
        "type": "flowunits"
      }
    },
    {
      "command": "./flowunits -r config_renoir.toml -- 100000",
      "mean": 1.1598770723999998,
      "stddev": 0.019842805217593386,
      "median": 1.1610201021,
      "user": 0.07664827999999999,
      "system": 0.0075366,
      "min": 1.1133169540999999,
      "max": 1.1957415501,
      "times": [
        1.1595658650999998,
        1.1957415501,
        1.1568905970999999,
        1.1596104181,
        1.1625478970999998,
        1.1624297861,
        1.1662173151,
        1.1578371890999999,
        1.1646131520999998,
        1.1133169540999999
      ],
      "exit_codes": [
        0,
        0,
        0,
        0,
        0,
        0,
        0,
        0,
        0,
        0
      ],
      "parameters": {
        "size": "100000",
        "type": "renoir"
      }
    },
    {
      "command": "./flowunits -r config_renoir.toml -- 1000000",
      "mean": 3.0853337941999994,
      "stddev": 0.03907932905393972,
      "median": 3.0898044526,
      "user": 0.07891318,
      "system": 0.008345700000000001,
      "min": 2.9978581331,
      "max": 3.1344654821,
      "times": [
        3.1005267120999997,
        3.0697910611,
        3.1001322951,
        3.0662297841,
        3.1092915801,
        3.1344654821,
        2.9978581331,
        3.1269740380999997,
        3.0685922460999997,
        3.0794766101
      ],
      "exit_codes": [
        0,
        0,
        0,
        0,
        0,
        0,
        0,
        0,
        0,
        0
      ],
      "parameters": {
        "size": "1000000",
        "type": "renoir"
      }
    },
    {
      "command": "./flowunits -r config_renoir.toml -- 10000000",
      "mean": 22.5912336469,
      "stddev": 0.028080285363394006,
      "median": 22.5970612551,
      "user": 0.07212487999999999,
      "system": 0.007218999999999999,
      "min": 22.557432636100003,
      "max": 22.6382928031,
      "times": [
        22.597709458100002,
        22.6209727891,
        22.6382928031,
        22.610269109100003,
        22.5647448721,
        22.5677055391,
        22.557432636100003,
        22.600475752100003,
        22.558320458100003,
        22.5964130521
      ],
      "exit_codes": [
        0,
        0,
        0,
        0,
        0,
        0,
        0,
        0,
        0,
        0
      ],
      "parameters": {
        "size": "10000000",
        "type": "renoir"
      }
    }
  ]
}
