{
  "results": [
    {
      "command": "./flowunits -r config_flowunits.toml -- 100000",
      "mean": 0.21055856644571433,
      "stddev": 0.0021089203824825845,
      "median": 0.21015758766000003,
      "user": 0.08366045428571427,
      "system": 0.005636445714285713,
      "min": 0.20731200866000002,
      "max": 0.21509684466000004,
      "times": [
        0.20826412266000002,
        0.20859352866000003,
        0.20999181766000002,
        0.21227517166,
        0.20998220866000003,
        0.20731200866000002,
        0.21114851266000004,
        0.21072324566000003,
        0.20995832366000003,
        0.20944877066000003,
        0.21509684466000004,
        0.21401051066000001,
        0.21069150666000003,
        0.21032335766000002
      ],
      "exit_codes": [
        0,
        0,
        0,
        0,
        0,
        0,
        0,
        0,
        0,
        0,
        0,
        0,
        0,
        0
      ],
      "parameters": {
        "size": "100000",
        "type": "flowunits"
      }
    },
    {
      "command": "./flowunits -r config_flowunits.toml -- 1000000",
      "mean": 0.21423390812153847,
      "stddev": 0.005510851622382424,
      "median": 0.21534975766000003,
      "user": 0.08064727846153846,
      "system": 0.007095621538461537,
      "min": 0.19700526266,
      "max": 0.21968434366000003,
      "times": [
        0.21552244166000004,
        0.21405082566000003,
        0.21446225666000002,
        0.21825857366000004,
        0.21266675566,
        0.21543687066000003,
        0.21402699166000003,
        0.21564067266000003,
        0.21968434366000003,
        0.19700526266,
        0.21765205866000004,
        0.21528399466000003,
        0.21534975766000003
      ],
      "exit_codes": [
        0,
        0,
        0,
        0,
        0,
        0,
        0,
        0,
        0,
        0,
        0,
        0,
        0
      ],
      "parameters": {
        "size": "1000000",
        "type": "flowunits"
      }
    },
    {
      "command": "./flowunits -r config_flowunits.toml -- 10000000",
      "mean": 0.26647851086,
      "stddev": 0.0029664105880616324,
      "median": 0.26619128016000004,
      "user": 0.07832984000000001,
      "system": 0.0062577599999999985,
      "min": 0.26237600166,
      "max": 0.27272572866,
      "times": [
        0.27272572866,
        0.26569631866,
        0.26237600166,
        0.26653726366,
        0.26841156166,
        0.26482141066,
        0.26860596566,
        0.26664634766,
        0.26311921366,
        0.26584529666
      ],
      "exit_codes": [
        0,
        0,
        0,
        0,
        0,
        0,
        0,
        0,
        0,
        0
      ],
      "parameters": {
        "size": "10000000",
        "type": "flowunits"
      }
    },
    {
      "command": "./flowunits -r config_renoir.toml -- 100000",
      "mean": 0.41742428175999996,
      "stddev": 0.005176135318642829,
      "median": 0.41721820766,
      "user": 0.08115374,
      "system": 0.00654666,
      "min": 0.41064925366,
      "max": 0.42963695266,
      "times": [
        0.41064925366,
        0.41829239366,
        0.41861547766,
        0.41864149666,
        0.42963695266,
        0.41673191166,
        0.41111663766,
        0.41621048466,
        0.41664370566000003,
        0.41770450366
      ],
      "exit_codes": [
        0,
        0,
        0,
        0,
        0,
        0,
        0,
        0,
        0,
        0
      ],
      "parameters": {
        "size": "100000",
        "type": "renoir"
      }
    },
    {
      "command": "./flowunits -r config_renoir.toml -- 1000000",
      "mean": 2.39497378996,
      "stddev": 0.004995157846835075,
      "median": 2.3951278901599995,
      "user": 0.08778914,
      "system": 0.007146759999999999,
      "min": 2.38841329066,
      "max": 2.40531118466,
      "times": [
        2.39756947166,
        2.39000499866,
        2.3966684046599998,
        2.40531118466,
        2.38963617766,
        2.38841329066,
        2.3980307856599996,
        2.3938478056599997,
        2.3959068976599998,
        2.3943488826599997
      ],
      "exit_codes": [
        0,
        0,
        0,
        0,
        0,
        0,
        0,
        0,
        0,
        0
      ],
      "parameters": {
        "size": "1000000",
        "type": "renoir"
      }
    },
    {
      "command": "./flowunits -r config_renoir.toml -- 10000000",
      "mean": 21.892907100760002,
      "stddev": 0.01141845109683776,
      "median": 21.89126740016,
      "user": 0.07235463999999998,
      "system": 0.007633459999999997,
      "min": 21.87846583466,
      "max": 21.91195273966,
      "times": [
        21.87897553766,
        21.89205114166,
        21.89048365866,
        21.89385619566,
        21.91094991466,
        21.88654353266,
        21.91195273966,
        21.88874235066,
        21.87846583466,
        21.89705010166
      ],
      "exit_codes": [
        0,
        0,
        0,
        0,
        0,
        0,
        0,
        0,
        0,
        0
      ],
      "parameters": {
        "size": "10000000",
        "type": "renoir"
      }
    }
  ]
}
