{
  "results": [
    {
      "command": "./flowunits -r config_flowunits.toml -- 100000",
      "mean": 0.21092695194571426,
      "stddev": 0.0017103797476929882,
      "median": 0.21042422866,
      "user": 0.04804718571428571,
      "system": 0.005943108571428573,
      "min": 0.20859859516,
      "max": 0.21442276416,
      "times": [
        0.20987860616,
        0.21056255416,
        0.20959691516,
        0.21105204616,
        0.21028590316,
        0.21111411316,
        0.20959308916,
        0.20859859516,
        0.21129762916,
        0.21389911816,
        0.20968754616000002,
        0.21290768016,
        0.21008076716000001,
        0.21442276416
      ],
      "exit_codes": [
        0,
        0,
        0,
        0,
        0,
        0,
        0,
        0,
        0,
        0,
        0,
        0,
        0,
        0
      ],
      "parameters": {
        "size": "100000",
        "type": "flowunits"
      }
    },
    {
      "command": "./flowunits -r config_flowunits.toml -- 1000000",
      "mean": 0.21359155208857142,
      "stddev": 0.0021519583759489853,
      "median": 0.21294303266,
      "user": 0.05336275714285714,
      "system": 0.0059853942857142845,
      "min": 0.21073204416,
      "max": 0.21961651716,
      "times": [
        0.21073204416,
        0.21961651716,
        0.21613036016,
        0.21463119716,
        0.21278291616,
        0.21255807316,
        0.21281203116,
        0.21282131816,
        0.21306474716,
        0.21203400516,
        0.21350289216,
        0.21213652916,
        0.21418189116,
        0.21327720716
      ],
      "exit_codes": [
        0,
        0,
        0,
        0,
        0,
        0,
        0,
        0,
        0,
        0,
        0,
        0,
        0,
        0
      ],
      "parameters": {
        "size": "1000000",
        "type": "flowunits"
      }
    },
    {
      "command": "./flowunits -r config_flowunits.toml -- 10000000",
      "mean": 0.26593140470545457,
      "stddev": 0.0028121586378084137,
      "median": 0.26609408116000005,
      "user": 0.04796144545454544,
      "system": 0.005490270909090909,
      "min": 0.26194507716000004,
      "max": 0.27235791816000005,
      "times": [
        0.26726437516,
        0.26609408116000005,
        0.26710922316,
        0.26537286316,
        0.26194507716000004,
        0.26694776816000004,
        0.26261251416000003,
        0.26557663716,
        0.26646813516,
        0.26349685916000004,
        0.27235791816000005
      ],
      "exit_codes": [
        0,
        0,
        0,
        0,
        0,
        0,
        0,
        0,
        0,
        0,
        0
      ],
      "parameters": {
        "size": "10000000",
        "type": "flowunits"
      }
    },
    {
      "command": "./flowunits -r config_renoir.toml -- 100000",
      "mean": 0.24162061432666668,
      "stddev": 0.00666867581522836,
      "median": 0.24019684716,
      "user": 0.05012139999999999,
      "system": 0.005508263333333333,
      "min": 0.23535740216,
      "max": 0.26100064816,
      "times": [
        0.24083240416,
        0.24108916716,
        0.23839912116,
        0.23535740216,
        0.23572196916000002,
        0.23956129016,
        0.24170720216,
        0.23928698316,
        0.26100064816,
        0.23936184416,
        0.24528795616000001,
        0.24184138416
      ],
      "exit_codes": [
        0,
        0,
        0,
        0,
        0,
        0,
        0,
        0,
        0,
        0,
        0,
        0
      ],
      "parameters": {
        "size": "100000",
        "type": "renoir"
      }
    },
    {
      "command": "./flowunits -r config_renoir.toml -- 1000000",
      "mean": 0.2597782032509091,
      "stddev": 0.004726330885867502,
      "median": 0.25759729916,
      "user": 0.04387617272727272,
      "system": 0.008372089090909089,
      "min": 0.25563297916000005,
      "max": 0.26890734916000003,
      "times": [
        0.25745819716,
        0.25759729916,
        0.25869392416000003,
        0.26270228316000005,
        0.25670657016000004,
        0.26825022116,
        0.25609462916000003,
        0.25792446416000003,
        0.25563297916000005,
        0.26890734916000003,
        0.25759231916
      ],
      "exit_codes": [
        0,
        0,
        0,
        0,
        0,
        0,
        0,
        0,
        0,
        0,
        0
      ],
      "parameters": {
        "size": "1000000",
        "type": "renoir"
      }
    },
    {
      "command": "./flowunits -r config_renoir.toml -- 10000000",
      "mean": 0.30151218966000004,
      "stddev": 0.007946571587430819,
      "median": 0.30541258216,
      "user": 0.0485711,
      "system": 0.005199962,
      "min": 0.28941904116000006,
      "max": 0.31005881316000006,
      "times": [
        0.29216710616,
        0.29336392116000004,
        0.30667743516,
        0.30853990216000005,
        0.31005881316000006,
        0.30556506916000004,
        0.28941904116000006,
        0.30867716116000005,
        0.29539335216,
        0.30526009516
      ],
      "exit_codes": [
        0,
        0,
        0,
        0,
        0,
        0,
        0,
        0,
        0,
        0
      ],
      "parameters": {
        "size": "10000000",
        "type": "renoir"
      }
    }
  ]
}
