{
  "results": [
    {
      "command": "./flowunits -r config_flowunits.toml -- 100000",
      "mean": 0.21068765870571426,
      "stddev": 0.0020146981602635304,
      "median": 0.21037056142000005,
      "user": 0.09002161142857143,
      "system": 0.00500322,
      "min": 0.20719518092000003,
      "max": 0.21513078892,
      "times": [
        0.20898707592000001,
        0.20945547292000002,
        0.20719518092000003,
        0.21259215592000003,
        0.21049453792000003,
        0.20927774092,
        0.21059189092000002,
        0.20911378292000002,
        0.21119089292,
        0.21011471692000003,
        0.21246090992000002,
        0.21277548992000003,
        0.21513078892,
        0.21024658492000003
      ],
      "exit_codes": [
        0,
        0,
        0,
        0,
        0,
        0,
        0,
        0,
        0,
        0,
        0,
        0,
        0,
        0
      ],
      "parameters": {
        "size": "100000",
        "type": "flowunits"
      }
    },
    {
      "command": "./flowunits -r config_flowunits.toml -- 1000000",
      "mean": 0.2164639109914286,
      "stddev": 0.0019089311642866236,
      "median": 0.21614142192000002,
      "user": 0.0839617542857143,
      "system": 0.006904505714285713,
      "min": 0.21400007192000003,
      "max": 0.22058774692000002,
      "times": [
        0.21400007192000003,
        0.21506585792000002,
        0.21543737292000004,
        0.21421556492000002,
        0.21926126292000003,
        0.21630950592000003,
        0.21837164692000002,
        0.21486985092000002,
        0.21692568992000003,
        0.21564766692000004,
        0.21616001692000003,
        0.21751967192000002,
        0.22058774692000002,
        0.21612282692
      ],
      "exit_codes": [
        0,
        0,
        0,
        0,
        0,
        0,
        0,
        0,
        0,
        0,
        0,
        0,
        0,
        0
      ],
      "parameters": {
        "size": "1000000",
        "type": "flowunits"
      }
    },
    {
      "command": "./flowunits -r config_flowunits.toml -- 10000000",
      "mean": 0.26742598264727274,
      "stddev": 0.0020549610278456343,
      "median": 0.26723459592,
      "user": 0.08723599454545454,
      "system": 0.00609672,
      "min": 0.26441543692,
      "max": 0.27118421092,
      "times": [
        0.26675573992,
        0.26451383192,
        0.26818483492,
        0.26936245092,
        0.26582938492,
        0.26696405992,
        0.26887741192,
        0.26836385092,
        0.27118421092,
        0.26441543692,
        0.26723459592
      ],
      "exit_codes": [
        0,
        0,
        0,
        0,
        0,
        0,
        0,
        0,
        0,
        0,
        0
      ],
      "parameters": {
        "size": "10000000",
        "type": "flowunits"
      }
    },
    {
      "command": "./flowunits -r config_renoir.toml -- 100000",
      "mean": 0.2259248636892308,
      "stddev": 0.008297686308970683,
      "median": 0.22401439292000003,
      "user": 0.07902200153846153,
      "system": 0.006551335384615385,
      "min": 0.21579684692000003,
      "max": 0.24730795692000002,
      "times": [
        0.21579684692000003,
        0.22641882392,
        0.21723966792000002,
        0.22997841992000004,
        0.23166181192000002,
        0.23003011592000003,
        0.22401439292000003,
        0.23006158492000003,
        0.21989765492000002,
        0.22270499092,
        0.22291576592000004,
        0.21899519492000002,
        0.24730795692000002
      ],
      "exit_codes": [
        0,
        0,
        0,
        0,
        0,
        0,
        0,
        0,
        0,
        0,
        0,
        0,
        0
      ],
      "parameters": {
        "size": "100000",
        "type": "renoir"
      }
    },
    {
      "command": "./flowunits -r config_renoir.toml -- 1000000",
      "mean": 0.24384310975333334,
      "stddev": 0.00533741530820967,
      "median": 0.24149473192000004,
      "user": 0.07741020666666668,
      "system": 0.008246803333333332,
      "min": 0.23871667092,
      "max": 0.25512166692,
      "times": [
        0.24269295492000004,
        0.24104874692000003,
        0.23933838492000004,
        0.25512166692,
        0.24034966792000004,
        0.24922455492000004,
        0.24170271092000004,
        0.23894790292000004,
        0.24128675292,
        0.24739387692000003,
        0.23871667092,
        0.25029342592
      ],
      "exit_codes": [
        0,
        0,
        0,
        0,
        0,
        0,
        0,
        0,
        0,
        0,
        0,
        0
      ],
      "parameters": {
        "size": "1000000",
        "type": "renoir"
      }
    },
    {
      "command": "./flowunits -r config_renoir.toml -- 10000000",
      "mean": 0.44048686232000006,
      "stddev": 0.010057072168399578,
      "median": 0.43710944392,
      "user": 0.07398994,
      "system": 0.007025319999999999,
      "min": 0.43029393292,
      "max": 0.46198549092,
      "times": [
        0.43801686292,
        0.43215260192,
        0.44923182092,
        0.43029393292,
        0.44645475092000003,
        0.44465867792,
        0.43477697692,
        0.46198549092,
        0.43620202492,
        0.43109548292
      ],
      "exit_codes": [
        0,
        0,
        0,
        0,
        0,
        0,
        0,
        0,
        0,
        0
      ],
      "parameters": {
        "size": "10000000",
        "type": "renoir"
      }
    }
  ]
}
