{
  "results": [
    {
      "command": "./flowunits -r config_flowunits.toml -- 100000",
      "mean": 0.21088152434000002,
      "stddev": 0.001555450890696362,
      "median": 0.21082689784000003,
      "user": 0.08975462571428572,
      "system": 0.005178037142857142,
      "min": 0.20876059384000004,
      "max": 0.21491956584000002,
      "times": [
        0.20993394084000003,
        0.21053663884,
        0.21158463184,
        0.21201158084000002,
        0.21145531884000002,
        0.21142114584000002,
        0.20904651884000003,
        0.21005582884000001,
        0.21111715684000001,
        0.21491956584000002,
        0.21182929884,
        0.20876059384000004,
        0.20998400484000002,
        0.20968511584000002
      ],
      "exit_codes": [
        0,
        0,
        0,
        0,
        0,
        0,
        0,
        0,
        0,
        0,
        0,
        0,
        0,
        0
      ],
      "parameters": {
        "size": "100000",
        "type": "flowunits"
      }
    },
    {
      "command": "./flowunits -r config_flowunits.toml -- 1000000",
      "mean": 0.2156562441476923,
      "stddev": 0.001961688911674258,
      "median": 0.21495458084000002,
      "user": 0.07818368615384616,
      "system": 0.005760526153846154,
      "min": 0.21260719584,
      "max": 0.22077002984000002,
      "times": [
        0.21713749884000003,
        0.21495458084000002,
        0.22077002984000002,
        0.21580080584000003,
        0.21491650084000002,
        0.21477874184,
        0.21381157084000002,
        0.21260719584,
        0.21493367184000003,
        0.21664780084000002,
        0.21470727784000002,
        0.21589125484000002,
        0.21657424384
      ],
      "exit_codes": [
        0,
        0,
        0,
        0,
        0,
        0,
        0,
        0,
        0,
        0,
        0,
        0,
        0
      ],
      "parameters": {
        "size": "1000000",
        "type": "flowunits"
      }
    },
    {
      "command": "./flowunits -r config_flowunits.toml -- 10000000",
      "mean": 0.2686213394763637,
      "stddev": 0.0028784972353982302,
      "median": 0.26826160184,
      "user": 0.08647038545454545,
      "system": 0.0038063454545454543,
      "min": 0.26463089384,
      "max": 0.27408379284,
      "times": [
        0.26842830284,
        0.26683512984,
        0.27408379284,
        0.26759340984,
        0.27321037684,
        0.26826160184,
        0.26826402684,
        0.26572128484,
        0.26463089384,
        0.27011243684,
        0.26769347783999997
      ],
      "exit_codes": [
        0,
        0,
        0,
        0,
        0,
        0,
        0,
        0,
        0,
        0,
        0
      ],
      "parameters": {
        "size": "10000000",
        "type": "flowunits"
      }
    },
    {
      "command": "./flowunits -r config_renoir.toml -- 100000",
      "mean": 0.23655699284,
      "stddev": 0.0052396522586279455,
      "median": 0.23454641934000003,
      "user": 0.07753259,
      "system": 0.006017013333333334,
      "min": 0.23037049484000002,
      "max": 0.24709656284000003,
      "times": [
        0.23688594484000003,
        0.23439982984000002,
        0.23412022584000003,
        0.23679919184000003,
        0.24267008484000002,
        0.23363507784,
        0.24358699084000002,
        0.23057905584000002,
        0.23469300884000002,
        0.24709656284000003,
        0.23037049484000002,
        0.23384744584000003
      ],
      "exit_codes": [
        0,
        0,
        0,
        0,
        0,
        0,
        0,
        0,
        0,
        0,
        0,
        0
      ],
      "parameters": {
        "size": "100000",
        "type": "renoir"
      }
    },
    {
      "command": "./flowunits -r config_renoir.toml -- 1000000",
      "mean": 0.42813662304000005,
      "stddev": 0.0018026475768098402,
      "median": 0.42800959184,
      "user": 0.08987444,
      "system": 0.0069819800000000005,
      "min": 0.42499803784,
      "max": 0.43069337184,
      "times": [
        0.42739892384,
        0.42759138384,
        0.43069337184,
        0.42598333284,
        0.42911430584,
        0.42842779984,
        0.42988904684,
        0.42981221284,
        0.42499803784,
        0.42745781484
      ],
      "exit_codes": [
        0,
        0,
        0,
        0,
        0,
        0,
        0,
        0,
        0,
        0
      ],
      "parameters": {
        "size": "1000000",
        "type": "renoir"
      }
    },
    {
      "command": "./flowunits -r config_renoir.toml -- 10000000",
      "mean": 2.37820402324,
      "stddev": 0.0030626029685714468,
      "median": 2.3773863003400004,
      "user": 0.07905264,
      "system": 0.008289580000000001,
      "min": 2.37492512684,
      "max": 2.38303859784,
      "times": [
        2.3751268048400003,
        2.3774258288400003,
        2.38303859784,
        2.38281474984,
        2.37734677184,
        2.37492512684,
        2.3769964048400003,
        2.37502154684,
        2.37859390684,
        2.38075049384
      ],
      "exit_codes": [
        0,
        0,
        0,
        0,
        0,
        0,
        0,
        0,
        0,
        0
      ],
      "parameters": {
        "size": "10000000",
        "type": "renoir"
      }
    }
  ]
}
