{
  "results": [
    {
      "command": "./flowunits -r config_flowunits.toml -- 100000",
      "mean": 0.2097226122428571,
      "stddev": 0.0011013575204199893,
      "median": 0.2099558051,
      "user": 0.07952465428571427,
      "system": 0.005820242857142858,
      "min": 0.20756197810000002,
      "max": 0.21183908510000002,
      "times": [
        0.2094299551,
        0.21041932710000003,
        0.21065168210000002,
        0.2103377351,
        0.2104225731,
        0.2093231151,
        0.20844020110000003,
        0.2096646751,
        0.20756197810000002,
        0.21026878610000002,
        0.21183908510000002,
        0.2102469351,
        0.20893721210000002,
        0.20857331110000002
      ],
      "exit_codes": [
        0,
        0,
        0,
        0,
        0,
        0,
        0,
        0,
        0,
        0,
        0,
        0,
        0,
        0
      ],
      "parameters": {
        "size": "100000",
        "type": "flowunits"
      }
    },
    {
      "command": "./flowunits -r config_flowunits.toml -- 1000000",
      "mean": 0.21584581086923077,
      "stddev": 0.0016264621320512445,
      "median": 0.2156829631,
      "user": 0.08811205538461536,
      "system": 0.0059401692307692305,
      "min": 0.21369200510000003,
      "max": 0.2193375451,
      "times": [
        0.2164238601,
        0.21440699310000003,
        0.21868247910000002,
        0.2162738291,
        0.2156829631,
        0.21462220710000002,
        0.2193375451,
        0.21533192610000002,
        0.21622396610000003,
        0.2150060661,
        0.21369200510000003,
        0.2157437161,
        0.21456798510000002
      ],
      "exit_codes": [
        0,
        0,
        0,
        0,
        0,
        0,
        0,
        0,
        0,
        0,
        0,
        0,
        0
      ],
      "parameters": {
        "size": "1000000",
        "type": "flowunits"
      }
    },
    {
      "command": "./flowunits -r config_flowunits.toml -- 10000000",
      "mean": 0.26781266546363636,
      "stddev": 0.00231905233107601,
      "median": 0.2682073171,
      "user": 0.07190780363636362,
      "system": 0.008983781818181819,
      "min": 0.2629962101,
      "max": 0.27197215610000003,
      "times": [
        0.27197215610000003,
        0.2629962101,
        0.2682073171,
        0.2692323461,
        0.26891823810000004,
        0.26848398510000004,
        0.26686545510000004,
        0.2659884221,
        0.26640486210000003,
        0.2673274101,
        0.26954291810000003
      ],
      "exit_codes": [
        0,
        0,
        0,
        0,
        0,
        0,
        0,
        0,
        0,
        0,
        0
      ],
      "parameters": {
        "size": "10000000",
        "type": "flowunits"
      }
    },
    {
      "command": "./flowunits -r config_renoir.toml -- 100000",
      "mean": 0.38180034760000003,
      "stddev": 0.01368511354261723,
      "median": 0.3848140231,
      "user": 0.07818243999999999,
      "system": 0.006657000000000001,
      "min": 0.34429566310000004,
      "max": 0.39134240010000004,
      "times": [
        0.3884284751,
        0.38989292610000004,
        0.34429566310000004,
        0.38021298210000004,
        0.39134240010000004,
        0.3811638231,
        0.3840789001,
        0.3889602601,
        0.3841352571,
        0.3854927891
      ],
      "exit_codes": [
        0,
        0,
        0,
        0,
        0,
        0,
        0,
        0,
        0,
        0
      ],
      "parameters": {
        "size": "100000",
        "type": "renoir"
      }
    },
    {
      "command": "./flowunits -r config_renoir.toml -- 1000000",
      "mean": 0.5151586282,
      "stddev": 0.002619213817607625,
      "median": 0.5152985311,
      "user": 0.07989104,
      "system": 0.0065842999999999995,
      "min": 0.5107920131,
      "max": 0.5191622761,
      "times": [
        0.5107920131,
        0.5169021441,
        0.5124507491,
        0.5168233960999999,
        0.5128888491,
        0.5151750400999999,
        0.5191622761,
        0.5178443470999999,
        0.5154220221,
        0.5141254451
      ],
      "exit_codes": [
        0,
        0,
        0,
        0,
        0,
        0,
        0,
        0,
        0,
        0
      ],
      "parameters": {
        "size": "1000000",
        "type": "renoir"
      }
    },
    {
      "command": "./flowunits -r config_renoir.toml -- 10000000",
      "mean": 0.7839944994000001,
      "stddev": 0.004851751511727834,
      "median": 0.7845724946,
      "user": 0.08381414,
      "system": 0.0085352,
      "min": 0.7773756151,
      "max": 0.7907731901,
      "times": [
        0.7876950061,
        0.7890732661,
        0.7800712021,
        0.7808914271,
        0.7870869271,
        0.7773756151,
        0.7778333711,
        0.7867399181,
        0.7824050711,
        0.7907731901
      ],
      "exit_codes": [
        0,
        0,
        0,
        0,
        0,
        0,
        0,
        0,
        0,
        0
      ],
      "parameters": {
        "size": "10000000",
        "type": "renoir"
      }
    }
  ]
}
