{
  "results": [
    {
      "command": "./flowunits -r config_flowunits.toml -- 100000",
      "mean": 0.21132169631142858,
      "stddev": 0.0016291080180566373,
      "median": 0.21078766224,
      "user": 0.08629701428571428,
      "system": 0.0065094085714285715,
      "min": 0.20950624374000001,
      "max": 0.21510802074000002,
      "times": [
        0.21012565274,
        0.21510802074000002,
        0.21155019974,
        0.20950624374000001,
        0.21331658674,
        0.21272063174,
        0.21044845674,
        0.21056925274000002,
        0.21100607174,
        0.20987630574,
        0.20966666374,
        0.21015092974,
        0.21193322674,
        0.21252550574
      ],
      "exit_codes": [
        0,
        0,
        0,
        0,
        0,
        0,
        0,
        0,
        0,
        0,
        0,
        0,
        0,
        0
      ],
      "parameters": {
        "size": "100000",
        "type": "flowunits"
      }
    },
    {
      "command": "./flowunits -r config_flowunits.toml -- 1000000",
      "mean": 0.21649589758615384,
      "stddev": 0.00389993850756254,
      "median": 0.21582604574,
      "user": 0.07915449230769231,
      "system": 0.006315556923076922,
      "min": 0.21246707674,
      "max": 0.22822207574,
      "times": [
        0.21797208374000002,
        0.21246707674,
        0.21699120674,
        0.21582604574,
        0.21409301074,
        0.22822207574,
        0.21525850274,
        0.21637838974,
        0.21530952874,
        0.21407250274,
        0.21357865774,
        0.21813136174,
        0.21614622574
      ],
      "exit_codes": [
        0,
        0,
        0,
        0,
        0,
        0,
        0,
        0,
        0,
        0,
        0,
        0,
        0
      ],
      "parameters": {
        "size": "1000000",
        "type": "flowunits"
      }
    },
    {
      "command": "./flowunits -r config_flowunits.toml -- 10000000",
      "mean": 0.2677402099218182,
      "stddev": 0.002445244541437881,
      "median": 0.26755147474,
      "user": 0.07917361818181817,
      "system": 0.00783829818181818,
      "min": 0.26481189574,
      "max": 0.27353135074,
      "times": [
        0.26983101274000004,
        0.26872161574000003,
        0.26686693274000006,
        0.26844645974000003,
        0.27353135074,
        0.26566091474000003,
        0.26481189574,
        0.26559066374,
        0.26629285874,
        0.26755147474,
        0.26783712974
      ],
      "exit_codes": [
        0,
        0,
        0,
        0,
        0,
        0,
        0,
        0,
        0,
        0,
        0
      ],
      "parameters": {
        "size": "10000000",
        "type": "flowunits"
      }
    },
    {
      "command": "./flowunits -r config_renoir.toml -- 100000",
      "mean": 0.39217014774000003,
      "stddev": 0.0024311521315761165,
      "median": 0.39179026974000003,
      "user": 0.07502919999999999,
      "system": 0.007288879999999999,
      "min": 0.38752881474000006,
      "max": 0.39637873674000007,
      "times": [
        0.39123219974000006,
        0.38752881474000006,
        0.39259758674000006,
        0.39355188274,
        0.39193587674,
        0.39164466274000004,
        0.39637873674000007,
        0.39054067374000007,
        0.39140199674000004,
        0.39488904674
      ],
      "exit_codes": [
        0,
        0,
        0,
        0,
        0,
        0,
        0,
        0,
        0,
        0
      ],
      "parameters": {
        "size": "100000",
        "type": "renoir"
      }
    },
    {
      "command": "./flowunits -r config_renoir.toml -- 1000000",
      "mean": 0.60442999094,
      "stddev": 0.003336336600135448,
      "median": 0.6046636057400001,
      "user": 0.066055,
      "system": 0.00847638,
      "min": 0.59897933674,
      "max": 0.6087064897400001,
      "times": [
        0.60785219974,
        0.6087064897400001,
        0.60677276974,
        0.60739791074,
        0.60181024774,
        0.59897933674,
        0.6032368787400001,
        0.6047805997400001,
        0.60454661174,
        0.60021686474
      ],
      "exit_codes": [
        0,
        0,
        0,
        0,
        0,
        0,
        0,
        0,
        0,
        0
      ],
      "parameters": {
        "size": "1000000",
        "type": "renoir"
      }
    },
    {
      "command": "./flowunits -r config_renoir.toml -- 10000000",
      "mean": 2.5706525631400003,
      "stddev": 0.0358973172922521,
      "median": 2.55383041474,
      "user": 0.075181,
      "system": 0.007069980000000001,
      "min": 2.54479453574,
      "max": 2.66348082074,
      "times": [
        2.58940693774,
        2.5487306967400003,
        2.55416996074,
        2.57737612074,
        2.54479453574,
        2.66348082074,
        2.5470310247400003,
        2.55348109074,
        2.57456357474,
        2.55349086874
      ],
      "exit_codes": [
        0,
        0,
        0,
        0,
        0,
        0,
        0,
        0,
        0,
        0
      ],
      "parameters": {
        "size": "10000000",
        "type": "renoir"
      }
    }
  ]
}
