{
  "results": [
    {
      "command": "./flowunits -r config_flowunits.toml -- 100000",
      "mean": 0.4711578136,
      "stddev": 0.001756825583072761,
      "median": 0.471067228,
      "user": 0.054353759999999994,
      "system": 0.008304879999999999,
      "min": 0.468921756,
      "max": 0.47544900100000004,
      "times": [
        0.470864506,
        0.469235879,
        0.47065426000000005,
        0.471390497,
        0.468921756,
        0.471509131,
        0.47544900100000004,
        0.47088251000000003,
        0.47141865000000005,
        0.47125194600000003
      ],
      "exit_codes": [
        0,
        0,
        0,
        0,
        0,
        0,
        0,
        0,
        0,
        0
      ],
      "parameters": {
        "size": "100000",
        "type": "flowunits"
      }
    },
    {
      "command": "./flowunits -r config_flowunits.toml -- 1000000",
      "mean": 0.4710076231000001,
      "stddev": 0.001914959277115052,
      "median": 0.47092829550000004,
      "user": 0.05074476,
      "system": 0.007211779999999999,
      "min": 0.46888509700000003,
      "max": 0.47395255100000006,
      "times": [
        0.47303563500000007,
        0.47096158800000004,
        0.46902570200000004,
        0.46888509700000003,
        0.47203174400000003,
        0.46901802800000003,
        0.46930101100000005,
        0.47089500300000003,
        0.47395255100000006,
        0.472969872
      ],
      "exit_codes": [
        0,
        0,
        0,
        0,
        0,
        0,
        0,
        0,
        0,
        0
      ],
      "parameters": {
        "size": "1000000",
        "type": "flowunits"
      }
    },
    {
      "command": "./flowunits -r config_flowunits.toml -- 10000000",
      "mean": 0.4718944158,
      "stddev": 0.0014753638791189265,
      "median": 0.4723022995,
      "user": 0.05366396,
      "system": 0.00770338,
      "min": 0.46948123,
      "max": 0.47367042000000004,
      "times": [
        0.47320511400000004,
        0.47212456,
        0.47338874000000003,
        0.47117659400000006,
        0.471238621,
        0.46967089900000003,
        0.46948123,
        0.47250794100000004,
        0.47367042000000004,
        0.472480039
      ],
      "exit_codes": [
        0,
        0,
        0,
        0,
        0,
        0,
        0,
        0,
        0,
        0
      ],
      "parameters": {
        "size": "10000000",
        "type": "flowunits"
      }
    },
    {
      "command": "./flowunits -r config_renoir.toml -- 100000",
      "mean": 0.7720179936,
      "stddev": 0.001607681191995905,
      "median": 0.772632683,
      "user": 0.04743836,
      "system": 0.00630178,
      "min": 0.768499916,
      "max": 0.773524246,
      "times": [
        0.772888329,
        0.773524246,
        0.772394229,
        0.769853043,
        0.771898587,
        0.773225976,
        0.772099835,
        0.772871137,
        0.772924638,
        0.768499916
      ],
      "exit_codes": [
        0,
        0,
        0,
        0,
        0,
        0,
        0,
        0,
        0,
        0
      ],
      "parameters": {
        "size": "100000",
        "type": "renoir"
      }
    },
    {
      "command": "./flowunits -r config_renoir.toml -- 1000000",
      "mean": 0.9311928328000001,
      "stddev": 0.00928689861431472,
      "median": 0.9314097045,
      "user": 0.04997696,
      "system": 0.00864568,
      "min": 0.912930724,
      "max": 0.947721133,
      "times": [
        0.912930724,
        0.933667718,
        0.922210343,
        0.939865433,
        0.9313533740000001,
        0.947721133,
        0.932890462,
        0.931466035,
        0.930698687,
        0.929124419
      ],
      "exit_codes": [
        0,
        0,
        0,
        0,
        0,
        0,
        0,
        0,
        0,
        0
      ],
      "parameters": {
        "size": "1000000",
        "type": "renoir"
      }
    },
    {
      "command": "./flowunits -r config_renoir.toml -- 10000000",
      "mean": 1.1105529342999998,
      "stddev": 0.01982384925001913,
      "median": 1.1008904880000001,
      "user": 0.04841845999999998,
      "system": 0.00607078,
      "min": 1.094464726,
      "max": 1.153161628,
      "times": [
        1.1170735410000001,
        1.10913721,
        1.100587601,
        1.097314662,
        1.101193375,
        1.0989268410000002,
        1.096319539,
        1.094464726,
        1.13735022,
        1.153161628
      ],
      "exit_codes": [
        0,
        0,
        0,
        0,
        0,
        0,
        0,
        0,
        0,
        0
      ],
      "parameters": {
        "size": "10000000",
        "type": "renoir"
      }
    }
  ]
}
