{
  "results": [
    {
      "command": "./flowunits -r config_flowunits.toml -- 100000",
      "mean": 0.21262762987538464,
      "stddev": 0.002342295487307253,
      "median": 0.21232847626,
      "user": 0.07927479076923076,
      "system": 0.006355861538461538,
      "min": 0.20854519426,
      "max": 0.21585647026000002,
      "times": [
        0.21585647026000002,
        0.20854519426,
        0.21537107226000002,
        0.21138345726000002,
        0.20983749326,
        0.21106614326,
        0.21237256826,
        0.21475983726,
        0.21079430426,
        0.21232847626,
        0.21561825326,
        0.21212046626,
        0.21410545226
      ],
      "exit_codes": [
        0,
        0,
        0,
        0,
        0,
        0,
        0,
        0,
        0,
        0,
        0,
        0,
        0
      ],
      "parameters": {
        "size": "100000",
        "type": "flowunits"
      }
    },
    {
      "command": "./flowunits -r config_flowunits.toml -- 1000000",
      "mean": 0.21540037890285715,
      "stddev": 0.00106533868076687,
      "median": 0.21559466976000002,
      "user": 0.08992520285714288,
      "system": 0.006076685714285714,
      "min": 0.21313766126,
      "max": 0.21714531226,
      "times": [
        0.21313766126,
        0.21481181426,
        0.21714531226,
        0.21614412826,
        0.21539503526,
        0.21403626326,
        0.21623838426,
        0.21446352226,
        0.21648309226,
        0.21598956926000001,
        0.21564171826,
        0.21554762126000002,
        0.21472721626000002,
        0.21584396626000002
      ],
      "exit_codes": [
        0,
        0,
        0,
        0,
        0,
        0,
        0,
        0,
        0,
        0,
        0,
        0,
        0,
        0
      ],
      "parameters": {
        "size": "1000000",
        "type": "flowunits"
      }
    },
    {
      "command": "./flowunits -r config_flowunits.toml -- 10000000",
      "mean": 0.26810813525999994,
      "stddev": 0.0020541593400002244,
      "median": 0.26764814526,
      "user": 0.08713583272727272,
      "system": 0.006231945454545454,
      "min": 0.26555315426000003,
      "max": 0.27244014526,
      "times": [
        0.26764814526,
        0.26555315426000003,
        0.26869721026,
        0.26885258026000003,
        0.26933218826,
        0.27244014526,
        0.26645269826,
        0.26696366526000004,
        0.27011955226,
        0.26741130326,
        0.26571884526
      ],
      "exit_codes": [
        0,
        0,
        0,
        0,
        0,
        0,
        0,
        0,
        0,
        0,
        0
      ],
      "parameters": {
        "size": "10000000",
        "type": "flowunits"
      }
    },
    {
      "command": "./flowunits -r config_renoir.toml -- 100000",
      "mean": 0.47868219405999995,
      "stddev": 0.0047863721598696545,
      "median": 0.47838124026000006,
      "user": 0.07093106,
      "system": 0.0079369,
      "min": 0.47316403026000003,
      "max": 0.49001692626000004,
      "times": [
        0.47606460926000005,
        0.48018025326,
        0.47738948926,
        0.47592758326,
        0.47400775826,
        0.49001692626000004,
        0.47316403026000003,
        0.47937299126000005,
        0.48106259526,
        0.47963570426
      ],
      "exit_codes": [
        0,
        0,
        0,
        0,
        0,
        0,
        0,
        0,
        0,
        0
      ],
      "parameters": {
        "size": "100000",
        "type": "renoir"
      }
    },
    {
      "command": "./flowunits -r config_renoir.toml -- 1000000",
      "mean": 2.4582337975600006,
      "stddev": 0.00802850805499655,
      "median": 2.4593520187599998,
      "user": 0.07880055999999999,
      "system": 0.0078564,
      "min": 2.43661200026,
      "max": 2.46473334026,
      "times": [
        2.45945925826,
        2.46312649526,
        2.45924477926,
        2.46473334026,
        2.45786241126,
        2.43661200026,
        2.46436345926,
        2.46041674126,
        2.45741514426,
        2.45910434626
      ],
      "exit_codes": [
        0,
        0,
        0,
        0,
        0,
        0,
        0,
        0,
        0,
        0
      ],
      "parameters": {
        "size": "1000000",
        "type": "renoir"
      }
    },
    {
      "command": "./flowunits -r config_renoir.toml -- 10000000",
      "mean": 21.95992922516,
      "stddev": 0.008116395761417062,
      "median": 21.961818407259997,
      "user": 0.08338056,
      "system": 0.007283599999999999,
      "min": 21.94022061626,
      "max": 21.96994789026,
      "times": [
        21.96392444426,
        21.96190700326,
        21.95497274326,
        21.96994789026,
        21.96482946626,
        21.96172981126,
        21.95717497526,
        21.94022061626,
        21.95968228826,
        21.96490301326
      ],
      "exit_codes": [
        0,
        0,
        0,
        0,
        0,
        0,
        0,
        0,
        0,
        0
      ],
      "parameters": {
        "size": "10000000",
        "type": "renoir"
      }
    }
  ]
}
